{
"type": "FeatureCollection",
"name": "raster-data-mask",
"crs": { "type": "name", "properties": { "name": "urn:ogc:def:crs:OGC:1.3:CRS84" } },
"xy_coordinate_resolution": 1e-05,
"features": [
{ "type": "Feature", "properties": { "name": "full_eu mask" }, "geometry": { "type": "MultiPolygon", "coordinates": [ [ [ [ -180.0, 85.05113 ], [ 180.0, 85.05113 ], [ 180.0, -85.05113 ], [ -180.0, -85.05113 ], [ -180.0, 85.05113 ] ], [ [ -2.39536, 35.19745 ], [ -2.41281, 35.20169 ], [ -2.44121, 35.20155 ], [ -2.47906, 35.20114 ], [ -2.49715, 35.19646 ], [ -2.49974, 35.19051 ], [ -2.50046, 35.1784 ], [ -2.4924, 35.15982 ], [ -2.47441, 35.1555 ], [ -2.46209, 35.15443 ], [ -2.44101, 35.15754 ], [ -2.40876, 35.16924 ], [ -2.39722, 35.1782 ], [ -2.39536, 35.19745 ] ], [ [ -4.30511, 35.19798 ], [ -4.31911, 35.19883 ], [ -4.31482, 35.18824 ], [ -4.30408, 35.17084 ], [ -4.30163, 35.16945 ], [ -4.2954, 35.17214 ], [ -4.29473, 35.17573 ], [ -4.30511, 35.19798 ] ], [ [ -3.88437, 35.24443 ], [ -3.89465, 35.24042 ], [ -3.90137, 35.23148 ], [ -3.9051, 35.21934 ], [ -3.90484, 35.21497 ], [ -3.90266, 35.21309 ], [ -3.89557, 35.21422 ], [ -3.89234, 35.21072 ], [ -3.88835, 35.20952 ], [ -3.88273, 35.21087 ], [ -3.8743, 35.21788 ], [ -3.84588, 35.26534 ], [ -3.85117, 35.26499 ], [ -3.88437, 35.24443 ] ], [ [ -2.96518, 35.28851 ], [ -2.96482, 35.28705 ], [ -2.96773, 35.28593 ], [ -2.96834, 35.28197 ], [ -2.95419, 35.27275 ], [ -2.95054, 35.26563 ], [ -2.93877, 35.2675 ], [ -2.92774, 35.27287 ], [ -2.92035, 35.28557 ], [ -2.66304, 35.40673 ], [ -2.60514, 35.44023 ], [ -2.6776, 35.47558 ], [ -2.69602, 35.48938 ], [ -2.70731, 35.50188 ], [ -2.95205, 35.32015 ], [ -2.96005, 35.31593 ], [ -2.96758, 35.30119 ], [ -2.97019, 35.28873 ], [ -2.96518, 35.28851 ] ], [ [ 12.39202, 35.74675 ], [ 12.36851, 35.75098 ], [ 12.31731, 35.75192 ], [ 12.27874, 35.74749 ], [ 12.2341, 35.73605 ], [ 12.20193, 35.72448 ], [ 12.17491, 35.71163 ], [ 12.14123, 35.68924 ], [ 12.11968, 35.66824 ], [ 12.10225, 35.64729 ], [ 12.08665, 35.61709 ], [ 12.07755, 35.58818 ], [ 12.07196, 35.55815 ], [ 12.07294, 35.52179 ], [ 12.08405, 35.48564 ], [ 12.09513, 35.462 ], [ 12.11625, 35.43111 ], [ 12.14251, 35.40479 ], [ 12.17809, 35.381 ], [ 12.2156, 35.36741 ], [ 12.29384, 35.35056 ], [ 12.33076, 35.34991 ], [ 12.37937, 35.35547 ], [ 12.40499, 35.34192 ], [ 12.44605, 35.3248 ], [ 12.47113, 35.31825 ], [ 12.51882, 35.30178 ], [ 12.5623, 35.29207 ], [ 12.59437, 35.28914 ], [ 12.65296, 35.29038 ], [ 12.68487, 35.29432 ], [ 12.71589, 35.30164 ], [ 12.74549, 35.31221 ], [ 12.76652, 35.3222 ], [ 12.78679, 35.3341 ], [ 12.8107, 35.35189 ], [ 12.83159, 35.37208 ], [ 12.84908, 35.39433 ], [ 12.86289, 35.41826 ], [ 12.87278, 35.44347 ], [ 12.87856, 35.46951 ], [ 12.88015, 35.49595 ], [ 12.8786, 35.53231 ], [ 12.87384, 35.5585 ], [ 12.86457, 35.5848 ], [ 12.85167, 35.60909 ], [ 12.83498, 35.63179 ], [ 12.80998, 35.65665 ], [ 12.82808, 35.65215 ], [ 12.88183, 35.6503 ], [ 12.91416, 35.65246 ], [ 12.94587, 35.65805 ], [ 12.97643, 35.66695 ], [ 13.0053, 35.67903 ], [ 13.0321, 35.69412 ], [ 13.05619, 35.71187 ], [ 13.0789, 35.73387 ], [ 13.09571, 35.75521 ], [ 13.11049, 35.78074 ], [ 13.12051, 35.80594 ], [ 13.1264, 35.83199 ], [ 13.12821, 35.85981 ], [ 13.12561, 35.88765 ], [ 13.11916, 35.91583 ], [ 13.11075, 35.93956 ], [ 13.09786, 35.96388 ], [ 13.07146, 35.99729 ], [ 13.03753, 36.02585 ], [ 13.01968, 36.03743 ], [ 12.99228, 36.0518 ], [ 12.9628, 36.06314 ], [ 12.93173, 36.07125 ], [ 12.88216, 36.0773 ], [ 12.84954, 36.07685 ], [ 12.81729, 36.07427 ], [ 12.76988, 36.06456 ], [ 12.73998, 36.05398 ], [ 12.71034, 36.03988 ], [ 12.67843, 36.01983 ], [ 12.65583, 36.00075 ], [ 12.6365, 35.97942 ], [ 12.62077, 35.95623 ], [ 12.60891, 35.93157 ], [ 12.60112, 35.90586 ], [ 12.59752, 35.87954 ], [ 12.59823, 35.84931 ], [ 12.60312, 35.82313 ], [ 12.61215, 35.7977 ], [ 12.62814, 35.7681 ], [ 12.65808, 35.73615 ], [ 12.6835, 35.71289 ], [ 12.63158, 35.7202 ], [ 12.57343, 35.72236 ], [ 12.54755, 35.72618 ], [ 12.50852, 35.7271 ], [ 12.46004, 35.72213 ], [ 12.4435, 35.73012 ], [ 12.39202, 35.74675 ] ], [ [ -5.41606, 35.91274 ], [ -5.41793, 35.91414 ], [ -5.41669, 35.9154 ], [ -5.41766, 35.91657 ], [ -5.42195, 35.91299 ], [ -5.4209, 35.91231 ], [ -5.41606, 35.91274 ] ], [ [ -3.28187, 35.96312 ], [ -3.28358, 35.94241 ], [ -3.28264, 35.92166 ], [ -3.27907, 35.90111 ], [ -3.27291, 35.88097 ], [ -3.26423, 35.86145 ], [ -3.25084, 35.83947 ], [ -3.23668, 35.82151 ], [ -3.22019, 35.80473 ], [ -3.20236, 35.79004 ], [ -3.18243, 35.77671 ], [ -3.16113, 35.76523 ], [ -3.1385, 35.7556 ], [ -3.11477, 35.74794 ], [ -3.09019, 35.74232 ], [ -3.06431, 35.73867 ], [ -3.0389, 35.73729 ], [ -3.01417, 35.738 ], [ -2.9897, 35.74072 ], [ -2.96421, 35.74578 ], [ -2.93958, 35.75282 ], [ -2.91652, 35.7617 ], [ -2.89152, 35.77426 ], [ -2.87143, 35.78708 ], [ -2.8536, 35.80106 ], [ -2.8371, 35.81692 ], [ -2.82271, 35.83409 ], [ -2.80932, 35.85398 ], [ -2.7993, 35.87309 ], [ -2.79176, 35.89293 ], [ -2.78678, 35.91331 ], [ -2.78465, 35.93022 ], [ -2.78439, 35.94973 ], [ -2.78668, 35.97042 ], [ -2.79086, 35.98836 ], [ -2.80484, 36.02236 ], [ -2.8144, 36.03818 ], [ -2.82738, 36.05535 ], [ -2.84092, 36.06992 ], [ -2.85826, 36.0852 ], [ -2.89246, 36.10788 ], [ -2.93112, 36.12524 ], [ -2.976, 36.13729 ], [ -3.0198, 36.14207 ], [ -3.06717, 36.14005 ], [ -3.11249, 36.13094 ], [ -3.15515, 36.1155 ], [ -3.19358, 36.09434 ], [ -3.22641, 36.0678 ], [ -3.25113, 36.03879 ], [ -3.26278, 36.01998 ], [ -3.27062, 36.00355 ], [ -3.27754, 35.98357 ], [ -3.28187, 35.96312 ] ], [ [ 11.70712, 36.92355 ], [ 11.69376, 36.90114 ], [ 11.67814, 36.86305 ], [ 11.67442, 36.8424 ], [ 11.6731, 36.81781 ], [ 11.67413, 36.79133 ], [ 11.67684, 36.77261 ], [ 11.68427, 36.7468 ], [ 11.69581, 36.72199 ], [ 11.71127, 36.69861 ], [ 11.72452, 36.68322 ], [ 11.73678, 36.66504 ], [ 11.76636, 36.63087 ], [ 11.78713, 36.61035 ], [ 11.80789, 36.59374 ], [ 11.83321, 36.57687 ], [ 11.87574, 36.55689 ], [ 11.90642, 36.54746 ], [ 11.95277, 36.53608 ], [ 12.01178, 36.53208 ], [ 12.0443, 36.53277 ], [ 12.07898, 36.53674 ], [ 12.11245, 36.54478 ], [ 12.14308, 36.55611 ], [ 12.16748, 36.56706 ], [ 12.1924, 36.58158 ], [ 12.23246, 36.6121 ], [ 12.24398, 36.62357 ], [ 12.26486, 36.64746 ], [ 12.28289, 36.67486 ], [ 12.29879, 36.71148 ], [ 12.30457, 36.73637 ], [ 12.30657, 36.75581 ], [ 12.30467, 36.79488 ], [ 12.30167, 36.81574 ], [ 12.29617, 36.83997 ], [ 12.2914, 36.85255 ], [ 12.26447, 36.8994 ], [ 12.24256, 36.92327 ], [ 12.22103, 36.94301 ], [ 12.19253, 36.96119 ], [ 12.17431, 36.97566 ], [ 12.14563, 36.99283 ], [ 12.11554, 37.00527 ], [ 12.01448, 37.03406 ], [ 11.97482, 37.03893 ], [ 11.93306, 37.03853 ], [ 11.87691, 37.02991 ], [ 11.81476, 37.01053 ], [ 11.77719, 36.99051 ], [ 11.74211, 36.96298 ], [ 11.71405, 36.93293 ], [ 11.70712, 36.92355 ] ], [ [ -8.82366, 38.4498 ], [ -8.82006, 38.4467 ], [ -8.81985, 38.44711 ], [ -8.82171, 38.44894 ], [ -8.8189, 38.44927 ], [ -8.81889, 38.44822 ], [ -8.8188, 38.45007 ], [ -8.82366, 38.4498 ] ], [ [ 1.00204, 39.14089 ], [ 0.96436, 39.11396 ], [ 0.94334, 39.09304 ], [ 0.926, 39.07015 ], [ 0.91266, 39.0457 ], [ 0.90354, 39.0201 ], [ 0.89878, 38.99378 ], [ 0.89847, 38.96721 ], [ 0.90924, 38.90891 ], [ 0.93157, 38.8241 ], [ 0.93981, 38.79932 ], [ 0.9525, 38.77467 ], [ 0.97411, 38.74584 ], [ 1.18815, 38.50812 ], [ 1.21176, 38.4891 ], [ 1.23832, 38.47265 ], [ 1.28267, 38.45342 ], [ 1.33093, 38.44134 ], [ 1.38124, 38.43687 ], [ 1.59863, 38.44651 ], [ 1.63187, 38.45125 ], [ 1.66406, 38.45935 ], [ 1.69463, 38.47068 ], [ 1.73634, 38.49328 ], [ 1.76784, 38.51815 ], [ 1.78585, 38.53514 ], [ 1.80518, 38.55695 ], [ 1.82073, 38.58055 ], [ 1.827, 38.59289 ], [ 1.83641, 38.61842 ], [ 1.912, 39.01452 ], [ 1.91269, 39.04109 ], [ 1.90894, 39.0675 ], [ 1.90079, 39.0933 ], [ 1.88838, 39.11805 ], [ 1.87192, 39.14133 ], [ 1.81402, 39.20937 ], [ 1.79199, 39.22969 ], [ 1.77858, 39.23979 ], [ 1.73937, 39.26437 ], [ 1.71008, 39.27807 ], [ 1.67238, 39.29039 ], [ 1.64283, 39.30207 ], [ 1.60346, 39.31288 ], [ 1.57003, 39.3185 ], [ 1.53593, 39.32068 ], [ 1.50176, 39.31937 ], [ 1.46606, 39.3155 ], [ 1.40543, 39.30261 ], [ 1.36251, 39.28842 ], [ 1.32871, 39.28002 ], [ 1.30717, 39.27246 ], [ 1.27989, 39.26693 ], [ 1.24814, 39.25709 ], [ 1.22533, 39.24752 ], [ 1.00204, 39.14089 ] ], [ [ -9.38135, 39.35225 ], [ -9.38142, 39.35228 ], [ -9.38143, 39.35224 ], [ -9.38135, 39.35225 ] ], [ [ 2.07457, 39.6753 ], [ 2.06322, 39.65754 ], [ 2.05145, 39.63257 ], [ 2.04718, 39.6197 ], [ 2.04325, 39.6031 ], [ 2.04025, 39.57663 ], [ 2.04174, 39.55008 ], [ 2.04416, 39.53692 ], [ 2.05298, 39.50758 ], [ 2.05867, 39.49504 ], [ 2.07315, 39.47095 ], [ 2.09155, 39.44853 ], [ 2.10212, 39.43807 ], [ 2.12579, 39.41886 ], [ 2.7412, 38.97715 ], [ 2.76733, 38.96052 ], [ 2.81155, 38.9407 ], [ 2.85986, 38.92797 ], [ 2.9104, 38.92282 ], [ 2.9856, 38.92371 ], [ 3.01916, 38.92804 ], [ 3.06744, 38.94082 ], [ 3.11162, 38.96069 ], [ 3.13796, 38.97752 ], [ 3.42446, 39.22512 ], [ 3.4419, 39.24189 ], [ 3.60282, 39.44802 ], [ 3.62489, 39.47116 ], [ 3.64127, 39.4945 ], [ 3.65538, 39.52434 ], [ 3.67633, 39.54759 ], [ 3.69275, 39.57092 ], [ 3.7051, 39.59571 ], [ 3.71421, 39.62656 ], [ 3.72394, 39.64366 ], [ 3.73419, 39.66902 ], [ 3.74008, 39.69519 ], [ 3.74103, 39.72808 ], [ 4.2208, 39.60123 ], [ 4.2546, 39.59653 ], [ 4.2889, 39.59528 ], [ 4.31926, 39.59683 ], [ 4.35247, 39.60071 ], [ 4.40146, 39.61291 ], [ 4.44646, 39.63225 ], [ 4.48574, 39.65799 ], [ 4.5178, 39.68916 ], [ 4.52666, 39.70055 ], [ 4.5414, 39.72455 ], [ 4.5839, 39.82559 ], [ 4.58757, 39.83857 ], [ 4.59157, 39.86495 ], [ 4.59107, 39.89152 ], [ 4.58608, 39.9178 ], [ 4.57666, 39.94336 ], [ 4.51238, 40.07585 ], [ 4.4966, 40.09949 ], [ 4.48724, 40.11066 ], [ 4.45371, 40.14104 ], [ 4.3289, 40.22337 ], [ 4.2843, 40.24379 ], [ 4.24654, 40.25501 ], [ 4.1882, 40.27746 ], [ 4.14801, 40.28723 ], [ 4.10427, 40.29386 ], [ 4.05228, 40.29436 ], [ 4.02087, 40.29082 ], [ 3.75048, 40.24656 ], [ 3.70231, 40.23163 ], [ 3.67273, 40.21779 ], [ 3.64578, 40.20109 ], [ 3.62191, 40.18183 ], [ 3.60154, 40.16035 ], [ 3.58501, 40.137 ], [ 3.55277, 40.08239 ], [ 3.5411, 40.0588 ], [ 3.53304, 40.03296 ], [ 3.53068, 40.01979 ], [ 3.52934, 39.99419 ], [ 3.40685, 40.09997 ], [ 3.3817, 40.11822 ], [ 3.35366, 40.13379 ], [ 3.32319, 40.14641 ], [ 3.27411, 40.15935 ], [ 3.22268, 40.16466 ], [ 3.13524, 40.16037 ], [ 3.08953, 40.15286 ], [ 3.04434, 40.1397 ], [ 3.01742, 40.13884 ], [ 2.98326, 40.13452 ], [ 2.92779, 40.1215 ], [ 2.8909, 40.11696 ], [ 2.8578, 40.10921 ], [ 2.8263, 40.0982 ], [ 2.78917, 40.07965 ], [ 2.74263, 40.05895 ], [ 2.70196, 40.04994 ], [ 2.66964, 40.0405 ], [ 2.62488, 40.02046 ], [ 2.59383, 40.00049 ], [ 2.54577, 39.97537 ], [ 2.50273, 39.95 ], [ 2.47767, 39.93172 ], [ 2.46418, 39.91968 ], [ 2.43887, 39.90339 ], [ 2.41693, 39.88519 ], [ 2.38817, 39.87311 ], [ 2.35283, 39.85405 ], [ 2.29619, 39.81584 ], [ 2.26299, 39.7992 ], [ 2.24315, 39.79167 ], [ 2.16684, 39.75571 ], [ 2.1215, 39.72503 ], [ 2.09213, 39.69768 ], [ 2.07457, 39.6753 ] ], [ [ 0.40838, 39.91354 ], [ 0.40656, 39.89252 ], [ 0.40735, 39.87369 ], [ 0.41156, 39.85044 ], [ 0.4133, 39.82884 ], [ 0.41736, 39.80987 ], [ 0.42632, 39.7854 ], [ 0.43922, 39.76201 ], [ 0.45394, 39.74227 ], [ 0.47094, 39.72441 ], [ 0.49037, 39.70811 ], [ 0.51202, 39.69356 ], [ 0.5356, 39.68094 ], [ 0.56376, 39.66915 ], [ 0.5895, 39.66115 ], [ 0.61799, 39.655 ], [ 0.649, 39.65126 ], [ 0.68176, 39.65016 ], [ 0.71016, 39.65162 ], [ 0.73823, 39.65547 ], [ 0.7695, 39.66278 ], [ 0.7957, 39.67162 ], [ 0.82354, 39.6842 ], [ 0.84671, 39.69772 ], [ 0.86701, 39.71252 ], [ 0.88548, 39.72927 ], [ 0.90147, 39.74748 ], [ 0.91478, 39.76693 ], [ 0.93023, 39.8004 ], [ 0.93778, 39.83482 ], [ 0.94383, 39.85196 ], [ 0.94806, 39.87054 ], [ 0.95001, 39.88934 ], [ 0.94957, 39.91004 ], [ 0.94676, 39.92877 ], [ 0.94168, 39.94721 ], [ 0.93423, 39.96549 ], [ 0.92446, 39.98358 ], [ 0.91318, 40.00048 ], [ 0.89985, 40.01647 ], [ 0.88462, 40.03141 ], [ 0.8676, 40.04518 ], [ 0.82883, 40.06871 ], [ 0.7856, 40.08599 ], [ 0.73892, 40.09678 ], [ 0.68796, 40.10083 ], [ 0.63633, 40.09705 ], [ 0.58815, 40.08593 ], [ 0.53507, 40.06478 ], [ 0.49849, 40.04468 ], [ 0.48061, 40.03176 ], [ 0.46439, 40.0176 ], [ 0.43947, 39.98884 ], [ 0.42871, 39.97189 ], [ 0.42008, 39.95423 ], [ 0.41243, 39.93215 ], [ 0.40838, 39.91354 ] ], [ [ 7.54983, 54.0268 ], [ 7.44847, 54.13785 ], [ 7.40873, 54.1357 ], [ 7.40866, 54.00681 ], [ 7.54983, 54.0268 ] ], [ [ -13.5379, 57.75335 ], [ -13.59968, 57.76627 ], [ -13.67428, 57.77308 ], [ -13.75976, 57.7688 ], [ -13.82221, 57.75732 ], [ -13.87479, 57.74156 ], [ -13.91542, 57.72342 ], [ -13.93862, 57.70993 ], [ -13.97136, 57.68497 ], [ -13.9945, 57.65907 ], [ -14.00505, 57.6415 ], [ -14.01244, 57.62184 ], [ -14.01552, 57.60263 ], [ -14.01459, 57.58248 ], [ -14.00938, 57.56306 ], [ -14.00178, 57.54674 ], [ -13.99078, 57.53 ], [ -13.97474, 57.512 ], [ -13.95273, 57.49345 ], [ -13.92805, 57.47748 ], [ -13.90281, 57.46436 ], [ -13.87124, 57.45122 ], [ -13.83124, 57.43875 ], [ -13.78207, 57.42827 ], [ -13.71794, 57.42133 ], [ -13.64963, 57.42203 ], [ -13.59733, 57.428 ], [ -13.55539, 57.43628 ], [ -13.51864, 57.44664 ], [ -13.48669, 57.45851 ], [ -13.45891, 57.47164 ], [ -13.4374, 57.48424 ], [ -13.40295, 57.51045 ], [ -13.37901, 57.5384 ], [ -13.36782, 57.56075 ], [ -13.36255, 57.57892 ], [ -13.36097, 57.59377 ], [ -13.36143, 57.60766 ], [ -13.36459, 57.62368 ], [ -13.37597, 57.64978 ], [ -13.38676, 57.6657 ], [ -13.40194, 57.68219 ], [ -13.42769, 57.70312 ], [ -13.45623, 57.72069 ], [ -13.48534, 57.735 ], [ -13.5379, 57.75335 ] ], [ [ -9.02243, 57.815 ], [ -9.01639, 57.791 ], [ -9.00523, 57.768 ], [ -8.98916, 57.746 ], [ -8.96819, 57.725 ], [ -8.94202, 57.705 ], [ -8.91181, 57.687 ], [ -8.85504, 57.659 ], [ -8.82377, 57.646 ], [ -8.75169, 57.623 ], [ -8.70639, 57.611 ], [ -8.66451, 57.603 ], [ -8.62436, 57.598 ], [ -8.50341, 57.593 ], [ -8.45514, 57.595 ], [ -8.41704, 57.599 ], [ -8.38036, 57.605 ], [ -8.3411, 57.614 ], [ -8.30495, 57.625 ], [ -8.26918, 57.639 ], [ -8.23881, 57.654 ], [ -8.2095, 57.672 ], [ -8.1886, 57.688 ], [ -8.17166, 57.704 ], [ -8.15734, 57.721 ], [ -8.14584, 57.739 ], [ -8.13522, 57.765 ], [ -8.13116, 57.791 ], [ -8.11745, 57.812 ], [ -8.10812, 57.833 ], [ -8.10358, 57.851 ], [ -8.10213, 57.869 ], [ -8.10451, 57.891 ], [ -8.11071, 57.911 ], [ -8.12035, 57.93 ], [ -8.13691, 57.954 ], [ -8.15345, 57.972 ], [ -8.17439, 57.99 ], [ -8.20076, 58.009 ], [ -8.22609, 58.024 ], [ -8.25287, 58.037 ], [ -8.28309, 58.049 ], [ -8.31427, 58.059 ], [ -8.35007, 58.068 ], [ -8.38773, 58.075 ], [ -8.42819, 58.08 ], [ -8.49992, 58.083 ], [ -8.53312, 58.082 ], [ -8.5791, 58.078 ], [ -8.6186, 58.072 ], [ -8.65158, 58.065 ], [ -8.70828, 58.048 ], [ -8.76143, 58.025 ], [ -8.82266, 58.011 ], [ -8.87937, 57.991 ], [ -8.905, 57.979 ], [ -8.92977, 57.965 ], [ -8.95162, 57.95 ], [ -8.96956, 57.935 ], [ -8.98509, 57.919 ], [ -8.99739, 57.903 ], [ -9.00975, 57.883 ], [ -9.01813, 57.863 ], [ -9.02301, 57.839 ], [ -9.02243, 57.815 ] ], [ [ -4.89611, 59.015 ], [ -4.89089, 58.991 ], [ -4.88112, 58.969 ], [ -4.86686, 58.948 ], [ -4.84636, 58.926 ], [ -4.82164, 58.906 ], [ -4.79316, 58.888 ], [ -4.76127, 58.872 ], [ -4.72611, 58.858 ], [ -4.6875, 58.846 ], [ -4.6445, 58.836 ], [ -4.60131, 58.829 ], [ -4.56186, 58.825 ], [ -4.51188, 58.823 ], [ -4.46792, 58.824 ], [ -4.39832, 58.831 ], [ -4.33014, 58.845 ], [ -4.26918, 58.865 ], [ -4.24187, 58.877 ], [ -4.21552, 58.891 ], [ -4.1895, 58.908 ], [ -4.16738, 58.926 ], [ -4.13016, 58.943 ], [ -4.09885, 58.961 ], [ -4.07661, 58.977 ], [ -4.05481, 58.996 ], [ -4.03499, 59.019 ], [ -4.02095, 59.043 ], [ -4.01299, 59.067 ], [ -4.01081, 59.093 ], [ -4.01363, 59.113 ], [ -4.02045, 59.133 ], [ -4.0315, 59.153 ], [ -4.04719, 59.173 ], [ -4.06698, 59.192 ], [ -4.08949, 59.209 ], [ -4.11582, 59.225 ], [ -4.14417, 59.239 ], [ -4.17665, 59.252 ], [ -4.21104, 59.263 ], [ -4.24699, 59.272 ], [ -4.28416, 59.279 ], [ -4.32221, 59.284 ], [ -4.37099, 59.288 ], [ -4.41541, 59.289 ], [ -4.44978, 59.288 ], [ -4.51298, 59.282 ], [ -4.57661, 59.27 ], [ -4.63667, 59.252 ], [ -4.6872, 59.23 ], [ -4.72681, 59.206 ], [ -4.75899, 59.179 ], [ -4.80334, 59.156 ], [ -4.83872, 59.131 ], [ -4.85592, 59.115 ], [ -4.87039, 59.098 ], [ -4.88252, 59.079 ], [ -4.89051, 59.061 ], [ -4.89578, 59.039 ], [ -4.89611, 59.015 ] ], [ [ -6.55982, 59.096 ], [ -6.55603, 59.074 ], [ -6.54739, 59.052 ], [ -6.53353, 59.03 ], [ -6.50914, 59.001 ], [ -6.48866, 58.982 ], [ -6.46394, 58.964 ], [ -6.4365, 58.948 ], [ -6.40452, 58.933 ], [ -6.36978, 58.92 ], [ -6.33228, 58.909 ], [ -6.29155, 58.9 ], [ -6.2535, 58.894 ], [ -6.21398, 58.89 ], [ -6.16391, 58.888 ], [ -6.103, 58.89 ], [ -6.04273, 58.897 ], [ -5.98866, 58.908 ], [ -5.93844, 58.923 ], [ -5.84979, 58.915 ], [ -5.81559, 58.914 ], [ -5.77065, 58.915 ], [ -5.7323, 58.918 ], [ -5.68834, 58.924 ], [ -5.64858, 58.932 ], [ -5.61138, 58.942 ], [ -5.57139, 58.956 ], [ -5.53397, 58.973 ], [ -5.50154, 58.992 ], [ -5.4728, 59.014 ], [ -5.45055, 59.037 ], [ -5.43434, 59.061 ], [ -5.42367, 59.087 ], [ -5.4197, 59.113 ], [ -5.42214, 59.139 ], [ -5.42735, 59.159 ], [ -5.43555, 59.177 ], [ -5.45075, 59.201 ], [ -5.46555, 59.219 ], [ -5.48471, 59.237 ], [ -5.50606, 59.253 ], [ -5.5306, 59.268 ], [ -5.56271, 59.284 ], [ -5.59448, 59.297 ], [ -5.62752, 59.308 ], [ -5.66155, 59.317 ], [ -5.69574, 59.324 ], [ -5.73668, 59.33 ], [ -5.78433, 59.334 ], [ -5.81875, 59.335 ], [ -5.88176, 59.333 ], [ -5.94856, 59.325 ], [ -6.00844, 59.312 ], [ -6.0609, 59.295 ], [ -6.13078, 59.301 ], [ -6.17546, 59.302 ], [ -6.20984, 59.301 ], [ -6.27999, 59.294 ], [ -6.34864, 59.28 ], [ -6.38541, 59.269 ], [ -6.42196, 59.255 ], [ -6.45488, 59.239 ], [ -6.48269, 59.222 ], [ -6.50722, 59.203 ], [ -6.52708, 59.183 ], [ -6.54241, 59.162 ], [ -6.55314, 59.14 ], [ -6.55887, 59.118 ], [ -6.55982, 59.096 ] ], [ [ -9.61139, 70.96279 ], [ -9.63381, 70.94643 ], [ -9.65177, 70.92994 ], [ -9.66704, 70.91295 ], [ -9.6777, 70.89537 ], [ -9.68349, 70.87755 ], [ -9.68463, 70.86289 ], [ -9.6817, 70.84499 ], [ -9.66265, 70.80025 ], [ -9.655, 70.78631 ], [ -9.63234, 70.76051 ], [ -9.6115, 70.74396 ], [ -9.58628, 70.72809 ], [ -9.54069, 70.70584 ], [ -9.5055, 70.69222 ], [ -9.46679, 70.67969 ], [ -9.38012, 70.6583 ], [ -9.28346, 70.64234 ], [ -9.17986, 70.63233 ], [ -9.058, 70.62724 ], [ -8.95235, 70.62656 ], [ -8.87215, 70.63018 ], [ -8.79409, 70.63731 ], [ -8.68047, 70.65264 ], [ -8.63283, 70.66111 ], [ -8.47411, 70.69541 ], [ -8.41027, 70.71202 ], [ -8.37166, 70.72461 ], [ -8.31331, 70.74763 ], [ -8.2828, 70.76245 ], [ -8.15285, 70.78231 ], [ -7.83012, 70.8189 ], [ -7.78007, 70.826 ], [ -7.73212, 70.83454 ], [ -7.64944, 70.85254 ], [ -7.59347, 70.86754 ], [ -7.54546, 70.88276 ], [ -7.49323, 70.90347 ], [ -7.45574, 70.92267 ], [ -7.41961, 70.9468 ], [ -7.40115, 70.96368 ], [ -7.38738, 70.98102 ], [ -7.38229, 70.98983 ], [ -7.35088, 71.07367 ], [ -7.32195, 71.11236 ], [ -7.31484, 71.13013 ], [ -7.31269, 71.14804 ], [ -7.31552, 71.16594 ], [ -7.31881, 71.17483 ], [ -7.32909, 71.19244 ], [ -7.33607, 71.20112 ], [ -7.36421, 71.22641 ], [ -7.39574, 71.24747 ], [ -7.43834, 71.27059 ], [ -7.4846, 71.28995 ], [ -7.54326, 71.30912 ], [ -7.58668, 71.3204 ], [ -7.65738, 71.33485 ], [ -7.70767, 71.34271 ], [ -7.78678, 71.35169 ], [ -7.85759, 71.35667 ], [ -7.97482, 71.35982 ], [ -8.10487, 71.3577 ], [ -8.18812, 71.35414 ], [ -8.27832, 71.34605 ], [ -8.35078, 71.33609 ], [ -8.5784, 71.29781 ], [ -8.62627, 71.28859 ], [ -8.67384, 71.27737 ], [ -8.74456, 71.25595 ], [ -8.86665, 71.20893 ], [ -8.91341, 71.18669 ], [ -8.96877, 71.15451 ], [ -9.18803, 71.11137 ], [ -9.25515, 71.0956 ], [ -9.29594, 71.08351 ], [ -9.35034, 71.06326 ], [ -9.49237, 71.01778 ], [ -9.54302, 70.99885 ], [ -9.58892, 70.97654 ], [ -9.61139, 70.96279 ] ], [ [ 23.88891, 34.93805 ], [ 23.89045, 34.92519 ], [ 23.89413, 34.91313 ], [ 23.89975, 34.90105 ], [ 23.90722, 34.89014 ], [ 23.91886, 34.87735 ], [ 23.9367, 34.8614 ], [ 23.9382, 34.84083 ], [ 23.94657, 34.82 ], [ 23.96288, 34.79858 ], [ 23.97609, 34.78417 ], [ 24.01481, 34.75789 ], [ 24.08227, 34.72559 ], [ 24.10588, 34.71998 ], [ 24.1295, 34.71911 ], [ 24.158, 34.72434 ], [ 24.18691, 34.73687 ], [ 24.20805, 34.75205 ], [ 24.22272, 34.77036 ], [ 24.23094, 34.7911 ], [ 24.23218, 34.81422 ], [ 24.22949, 34.82687 ], [ 24.22393, 34.83993 ], [ 24.22527, 34.85579 ], [ 24.22302, 34.87101 ], [ 24.21853, 34.88324 ], [ 24.20892, 34.90038 ], [ 24.19316, 34.91756 ], [ 24.17372, 34.93034 ], [ 24.1402, 34.94422 ], [ 24.10757, 34.95104 ], [ 24.10177, 34.96369 ], [ 24.09317, 34.97579 ], [ 24.08114, 34.98744 ], [ 24.06803, 34.99648 ], [ 24.04251, 35.01057 ], [ 24.01756, 35.01885 ], [ 23.99221, 35.02193 ], [ 23.96745, 35.01997 ], [ 23.94268, 35.01246 ], [ 23.92118, 34.99989 ], [ 23.90449, 34.98346 ], [ 23.89329, 34.96356 ], [ 23.88987, 34.95095 ], [ 23.88891, 34.93805 ] ], [ [ 23.37371, 35.56978 ], [ 23.37928, 35.55252 ], [ 23.38926, 35.53674 ], [ 23.40321, 35.5231 ], [ 23.42046, 35.51225 ], [ 23.4402, 35.5047 ], [ 23.46218, 35.50077 ], [ 23.45465, 35.47382 ], [ 23.45381, 35.45681 ], [ 23.45496, 35.44524 ], [ 23.43379, 35.40135 ], [ 23.43103, 35.38722 ], [ 23.42986, 35.35222 ], [ 23.42182, 35.34105 ], [ 23.41618, 35.32933 ], [ 23.41282, 35.31703 ], [ 23.41183, 35.30421 ], [ 23.41306, 35.29269 ], [ 23.41828, 35.27208 ], [ 23.43086, 35.23501 ], [ 23.44541, 35.21553 ], [ 23.46682, 35.19937 ], [ 23.48378, 35.19164 ], [ 23.49995, 35.18704 ], [ 23.52153, 35.17029 ], [ 23.5395, 35.16038 ], [ 23.55554, 35.15451 ], [ 23.57428, 35.15061 ], [ 23.63165, 35.14619 ], [ 23.65333, 35.14082 ], [ 23.67547, 35.1395 ], [ 23.69887, 35.14252 ], [ 23.73012, 35.15196 ], [ 23.75302, 35.14767 ], [ 23.77497, 35.14724 ], [ 23.80954, 35.15225 ], [ 23.83126, 35.15926 ], [ 23.84766, 35.15555 ], [ 23.86502, 35.15398 ], [ 23.88478, 35.14562 ], [ 23.90544, 35.14065 ], [ 23.92731, 35.13926 ], [ 23.94843, 35.14146 ], [ 23.96679, 35.1303 ], [ 23.98031, 35.12419 ], [ 24.00161, 35.11767 ], [ 24.02497, 35.11328 ], [ 24.07686, 35.11033 ], [ 24.09286, 35.11175 ], [ 24.10902, 35.11533 ], [ 24.13916, 35.10974 ], [ 24.16003, 35.10953 ], [ 24.17674, 35.11146 ], [ 24.19555, 35.10301 ], [ 24.21493, 35.09791 ], [ 24.23203, 35.09619 ], [ 24.25035, 35.09703 ], [ 24.27975, 35.0931 ], [ 24.30742, 35.09517 ], [ 24.33146, 35.10193 ], [ 24.34465, 35.10049 ], [ 24.35831, 35.09553 ], [ 24.3741, 35.09205 ], [ 24.39911, 35.08091 ], [ 24.42684, 35.07119 ], [ 24.44795, 35.06737 ], [ 24.46737, 35.0665 ], [ 24.47453, 35.05595 ], [ 24.48405, 35.04588 ], [ 24.477, 35.03282 ], [ 24.47282, 35.01896 ], [ 24.47165, 35.0047 ], [ 24.47382, 34.98933 ], [ 24.48268, 34.96878 ], [ 24.49757, 34.95095 ], [ 24.51053, 34.94092 ], [ 24.52377, 34.9336 ], [ 24.55657, 34.92344 ], [ 24.58902, 34.92033 ], [ 24.63127, 34.92542 ], [ 24.63277, 34.90898 ], [ 24.63701, 34.89527 ], [ 24.64484, 34.88123 ], [ 24.65473, 34.86964 ], [ 24.66811, 34.85878 ], [ 24.68235, 34.8508 ], [ 24.69955, 34.84454 ], [ 24.71787, 34.84103 ], [ 24.79628, 34.83779 ], [ 24.83007, 34.84359 ], [ 24.85411, 34.85273 ], [ 24.89011, 34.84584 ], [ 24.91666, 34.84378 ], [ 24.9372, 34.84505 ], [ 24.96397, 34.84247 ], [ 24.98288, 34.84386 ], [ 25.00023, 34.84787 ], [ 25.03297, 34.84831 ], [ 25.06077, 34.85523 ], [ 25.08284, 34.85091 ], [ 25.10605, 34.85073 ], [ 25.13186, 34.85594 ], [ 25.16, 34.86799 ], [ 25.18127, 34.86437 ], [ 25.20334, 34.86461 ], [ 25.27222, 34.87826 ], [ 25.30053, 34.8878 ], [ 25.32682, 34.90022 ], [ 25.35357, 34.90265 ], [ 25.37984, 34.91071 ], [ 25.396, 34.90666 ], [ 25.41143, 34.90496 ], [ 25.44921, 34.90738 ], [ 25.48448, 34.90034 ], [ 25.50687, 34.89912 ], [ 25.52682, 34.90148 ], [ 25.54466, 34.90664 ], [ 25.56831, 34.90913 ], [ 25.59306, 34.91667 ], [ 25.58204, 34.89201 ], [ 25.57966, 34.87954 ], [ 25.57963, 34.86668 ], [ 25.58213, 34.85333 ], [ 25.58646, 34.84184 ], [ 25.5934, 34.83006 ], [ 25.60262, 34.81885 ], [ 25.6218, 34.80353 ], [ 25.64673, 34.79248 ], [ 25.68206, 34.78441 ], [ 25.71796, 34.7838 ], [ 25.73725, 34.78708 ], [ 25.78953, 34.80101 ], [ 25.8111, 34.81262 ], [ 25.82786, 34.82771 ], [ 25.83511, 34.83756 ], [ 25.84126, 34.84959 ], [ 25.84507, 34.86175 ], [ 25.84654, 34.87311 ], [ 25.84606, 34.88453 ], [ 25.84327, 34.89741 ], [ 25.83226, 34.91907 ], [ 25.85171, 34.92365 ], [ 25.8711, 34.93214 ], [ 25.88913, 34.93302 ], [ 25.90731, 34.93674 ], [ 25.93711, 34.94966 ], [ 25.95165, 34.94888 ], [ 25.96728, 34.94294 ], [ 25.99852, 34.935 ], [ 26.02361, 34.93176 ], [ 26.02665, 34.91363 ], [ 26.03359, 34.89246 ], [ 26.03967, 34.88045 ], [ 26.05528, 34.86193 ], [ 26.07714, 34.84721 ], [ 26.09546, 34.84006 ], [ 26.11674, 34.83589 ], [ 26.1374, 34.83542 ], [ 26.15897, 34.83873 ], [ 26.17357, 34.84343 ], [ 26.1871, 34.84994 ], [ 26.22116, 34.87468 ], [ 26.23877, 34.89262 ], [ 26.25192, 34.91277 ], [ 26.25848, 34.93005 ], [ 26.26021, 34.94879 ], [ 26.27675, 34.95467 ], [ 26.29882, 34.96596 ], [ 26.31338, 34.9776 ], [ 26.32402, 34.99029 ], [ 26.33187, 35.00518 ], [ 26.33736, 35.02456 ], [ 26.35492, 35.04294 ], [ 26.36503, 35.05915 ], [ 26.37842, 35.09506 ], [ 26.3829, 35.11829 ], [ 26.3993, 35.13391 ], [ 26.4111, 35.152 ], [ 26.41744, 35.17429 ], [ 26.41879, 35.19392 ], [ 26.41732, 35.20772 ], [ 26.43038, 35.21893 ], [ 26.44143, 35.23318 ], [ 26.44852, 35.24759 ], [ 26.45215, 35.26283 ], [ 26.4525, 35.27448 ], [ 26.45075, 35.28646 ], [ 26.44144, 35.30842 ], [ 26.42805, 35.32494 ], [ 26.41296, 35.33705 ], [ 26.39653, 35.36144 ], [ 26.38242, 35.37535 ], [ 26.36078, 35.38831 ], [ 26.3355, 35.39632 ], [ 26.30329, 35.40029 ], [ 26.27339, 35.39718 ], [ 26.26398, 35.41913 ], [ 26.24823, 35.4379 ], [ 26.22677, 35.45242 ], [ 26.20103, 35.46188 ], [ 26.17313, 35.4651 ], [ 26.14395, 35.46155 ], [ 26.11732, 35.45121 ], [ 26.09656, 35.43595 ], [ 26.0831, 35.41891 ], [ 26.07317, 35.39685 ], [ 26.06999, 35.38426 ], [ 26.06928, 35.37111 ], [ 26.06121, 35.35563 ], [ 26.05699, 35.34273 ], [ 26.05518, 35.33048 ], [ 26.05543, 35.31813 ], [ 26.03665, 35.31591 ], [ 25.98859, 35.3052 ], [ 25.96667, 35.29525 ], [ 25.94854, 35.28155 ], [ 25.93072, 35.27785 ], [ 25.91367, 35.27157 ], [ 25.88883, 35.27822 ], [ 25.86125, 35.27938 ], [ 25.85864, 35.29201 ], [ 25.86732, 35.31208 ], [ 25.87238, 35.33403 ], [ 25.87225, 35.34717 ], [ 25.86901, 35.36249 ], [ 25.86102, 35.37914 ], [ 25.84978, 35.39298 ], [ 25.83533, 35.40467 ], [ 25.81686, 35.41431 ], [ 25.80081, 35.41942 ], [ 25.78391, 35.42221 ], [ 25.70868, 35.42089 ], [ 25.68184, 35.42789 ], [ 25.6504, 35.42895 ], [ 25.63091, 35.42572 ], [ 25.61117, 35.41933 ], [ 25.56303, 35.41085 ], [ 25.54192, 35.40388 ], [ 25.51994, 35.40036 ], [ 25.50187, 35.39474 ], [ 25.4836, 35.38609 ], [ 25.47203, 35.38245 ], [ 25.45479, 35.39883 ], [ 25.4327, 35.41102 ], [ 25.40828, 35.41786 ], [ 25.3752, 35.42091 ], [ 25.37667, 35.44004 ], [ 25.37258, 35.45902 ], [ 25.36391, 35.47556 ], [ 25.34991, 35.49109 ], [ 25.33698, 35.50054 ], [ 25.31957, 35.5091 ], [ 25.30564, 35.5186 ], [ 25.28612, 35.52718 ], [ 25.26973, 35.53675 ], [ 25.2505, 35.54371 ], [ 25.22816, 35.5477 ], [ 25.20921, 35.54797 ], [ 25.17093, 35.54376 ], [ 25.15281, 35.53932 ], [ 25.1371, 35.53281 ], [ 25.12001, 35.52183 ], [ 25.10711, 35.50916 ], [ 25.09745, 35.49437 ], [ 25.09102, 35.47728 ], [ 25.07158, 35.48902 ], [ 25.05496, 35.49611 ], [ 25.04006, 35.5 ], [ 25.02416, 35.50199 ], [ 25.00115, 35.51006 ], [ 24.98202, 35.51297 ], [ 24.96471, 35.513 ], [ 24.94765, 35.5106 ], [ 24.9312, 35.50579 ], [ 24.91722, 35.49939 ], [ 24.89565, 35.50311 ], [ 24.87012, 35.50342 ], [ 24.85152, 35.50127 ], [ 24.83468, 35.49666 ], [ 24.82138, 35.49686 ], [ 24.79384, 35.50243 ], [ 24.76932, 35.50207 ], [ 24.74172, 35.5069 ], [ 24.69316, 35.50846 ], [ 24.67614, 35.50642 ], [ 24.65913, 35.50178 ], [ 24.63115, 35.50027 ], [ 24.61229, 35.49584 ], [ 24.59079, 35.48637 ], [ 24.57007, 35.47133 ], [ 24.55304, 35.46178 ], [ 24.52288, 35.45405 ], [ 24.51082, 35.45199 ], [ 24.49133, 35.45472 ], [ 24.46309, 35.45502 ], [ 24.44215, 35.45193 ], [ 24.40509, 35.4501 ], [ 24.37795, 35.44336 ], [ 24.36045, 35.44258 ], [ 24.3555, 35.47046 ], [ 24.34997, 35.48528 ], [ 24.3248, 35.52236 ], [ 24.31372, 35.53306 ], [ 24.30164, 35.54143 ], [ 24.29789, 35.56187 ], [ 24.27995, 35.60266 ], [ 24.25401, 35.63678 ], [ 24.24363, 35.646 ], [ 24.23101, 35.6542 ], [ 24.2079, 35.66451 ], [ 24.18294, 35.67057 ], [ 24.15874, 35.6788 ], [ 24.12965, 35.68293 ], [ 24.1044, 35.682 ], [ 24.05225, 35.67193 ], [ 24.02421, 35.66111 ], [ 24.01161, 35.65334 ], [ 24.00058, 35.64399 ], [ 23.98677, 35.62888 ], [ 23.97805, 35.6156 ], [ 23.95312, 35.62288 ], [ 23.92638, 35.62458 ], [ 23.90003, 35.62042 ], [ 23.87643, 35.61096 ], [ 23.87239, 35.62719 ], [ 23.87058, 35.6493 ], [ 23.87322, 35.66451 ], [ 23.87206, 35.68115 ], [ 23.86692, 35.69714 ], [ 23.8577, 35.71227 ], [ 23.83139, 35.73751 ], [ 23.79714, 35.76072 ], [ 23.77536, 35.77073 ], [ 23.7512, 35.77603 ], [ 23.73399, 35.77676 ], [ 23.71688, 35.77507 ], [ 23.70038, 35.77102 ], [ 23.68484, 35.76467 ], [ 23.6723, 35.75724 ], [ 23.66132, 35.74832 ], [ 23.63462, 35.71674 ], [ 23.60373, 35.72618 ], [ 23.57984, 35.72905 ], [ 23.55179, 35.72662 ], [ 23.52711, 35.71861 ], [ 23.51035, 35.70896 ], [ 23.49746, 35.69786 ], [ 23.48721, 35.6848 ], [ 23.48031, 35.67071 ], [ 23.46127, 35.66974 ], [ 23.44166, 35.66561 ], [ 23.42349, 35.65838 ], [ 23.40839, 35.64902 ], [ 23.39055, 35.63119 ], [ 23.38271, 35.61888 ], [ 23.37724, 35.60608 ], [ 23.37301, 35.58873 ], [ 23.37371, 35.56978 ] ], [ [ 23.10666, 35.94727 ], [ 23.11892, 35.91252 ], [ 23.12689, 35.89784 ], [ 23.1363, 35.88664 ], [ 23.14844, 35.87641 ], [ 23.1622, 35.86821 ], [ 23.17851, 35.86171 ], [ 23.1973, 35.82188 ], [ 23.20965, 35.80408 ], [ 23.2207, 35.79303 ], [ 23.23809, 35.78078 ], [ 23.25166, 35.76775 ], [ 23.26311, 35.75926 ], [ 23.28266, 35.74946 ], [ 23.30477, 35.74331 ], [ 23.32766, 35.74142 ], [ 23.34984, 35.74372 ], [ 23.37142, 35.75021 ], [ 23.3901, 35.76019 ], [ 23.40543, 35.77315 ], [ 23.41878, 35.7902 ], [ 23.42705, 35.80927 ], [ 23.42928, 35.8295 ], [ 23.42577, 35.86665 ], [ 23.4162, 35.89627 ], [ 23.40733, 35.91517 ], [ 23.39374, 35.93355 ], [ 23.36978, 35.95356 ], [ 23.35075, 35.96456 ], [ 23.35112, 35.98543 ], [ 23.34474, 36.00596 ], [ 23.33156, 36.02519 ], [ 23.3127, 36.04072 ], [ 23.28884, 36.05198 ], [ 23.26416, 36.05752 ], [ 23.234, 36.05759 ], [ 23.20958, 36.05331 ], [ 23.19129, 36.04636 ], [ 23.17571, 36.037 ], [ 23.15546, 36.02985 ], [ 23.14006, 36.02101 ], [ 23.12154, 36.00384 ], [ 23.10977, 35.98338 ], [ 23.10563, 35.96484 ], [ 23.10666, 35.94727 ] ], [ [ 13.93617, 36.07801 ], [ 13.93646, 36.06059 ], [ 13.94084, 36.01669 ], [ 13.94563, 35.99297 ], [ 13.951, 35.97644 ], [ 13.95794, 35.96027 ], [ 13.96935, 35.94048 ], [ 13.98962, 35.91473 ], [ 14.13092, 35.76846 ], [ 14.19656, 35.68159 ], [ 14.21271, 35.66292 ], [ 14.22976, 35.64718 ], [ 14.25038, 35.63186 ], [ 14.27184, 35.61908 ], [ 14.29612, 35.60781 ], [ 14.32684, 35.59723 ], [ 14.35919, 35.58974 ], [ 14.38991, 35.58609 ], [ 14.42415, 35.58568 ], [ 14.45341, 35.58841 ], [ 14.48398, 35.59449 ], [ 14.58154, 35.60943 ], [ 14.6242, 35.62003 ], [ 14.65584, 35.63223 ], [ 14.6949, 35.65059 ], [ 14.71866, 35.66492 ], [ 14.73924, 35.68072 ], [ 14.75881, 35.6994 ], [ 14.77615, 35.72092 ], [ 14.78717, 35.7389 ], [ 14.80655, 35.77749 ], [ 14.81498, 35.80564 ], [ 14.82158, 35.84179 ], [ 14.82266, 35.86746 ], [ 14.82039, 35.89034 ], [ 14.81577, 35.91261 ], [ 14.80738, 35.93578 ], [ 14.79572, 35.95774 ], [ 14.77969, 35.97991 ], [ 14.75241, 36.0083 ], [ 14.71348, 36.03892 ], [ 14.46956, 36.21281 ], [ 14.44584, 36.2271 ], [ 14.41887, 36.2395 ], [ 14.32885, 36.2705 ], [ 14.29749, 36.27703 ], [ 14.25612, 36.28177 ], [ 14.22949, 36.28249 ], [ 14.1917, 36.28069 ], [ 14.15803, 36.27587 ], [ 14.11213, 36.26662 ], [ 14.08678, 36.25912 ], [ 14.05793, 36.24725 ], [ 14.03125, 36.23242 ], [ 14.00719, 36.21488 ], [ 13.98618, 36.19495 ], [ 13.96995, 36.17497 ], [ 13.9567, 36.15335 ], [ 13.94539, 36.12665 ], [ 13.93926, 36.1041 ], [ 13.93617, 36.07801 ] ], [ [ 25.09588, 36.24176 ], [ 25.09766, 36.22919 ], [ 25.10241, 36.21581 ], [ 25.10837, 36.20548 ], [ 25.11705, 36.19493 ], [ 25.14362, 36.17375 ], [ 25.17488, 36.153 ], [ 25.20225, 36.14317 ], [ 25.21784, 36.14076 ], [ 25.23376, 36.14038 ], [ 25.24955, 36.14205 ], [ 25.26622, 36.14617 ], [ 25.28807, 36.15603 ], [ 25.30619, 36.16998 ], [ 25.31944, 36.18711 ], [ 25.32726, 36.20759 ], [ 25.32847, 36.22577 ], [ 25.32434, 36.24464 ], [ 25.31858, 36.25653 ], [ 25.30707, 36.2713 ], [ 25.29575, 36.29242 ], [ 25.31472, 36.28214 ], [ 25.34711, 36.27036 ], [ 25.36677, 36.26604 ], [ 25.38597, 36.265 ], [ 25.4036, 36.25762 ], [ 25.42317, 36.25309 ], [ 25.44127, 36.25172 ], [ 25.4601, 36.253 ], [ 25.47822, 36.25693 ], [ 25.49425, 36.26307 ], [ 25.52481, 36.28078 ], [ 25.55607, 36.30272 ], [ 25.56909, 36.31519 ], [ 25.57816, 36.32845 ], [ 25.58399, 36.34284 ], [ 25.58664, 36.35789 ], [ 25.58765, 36.40664 ], [ 25.58414, 36.42966 ], [ 25.57465, 36.44924 ], [ 25.56382, 36.46309 ], [ 25.55324, 36.47237 ], [ 25.53962, 36.48094 ], [ 25.5295, 36.49263 ], [ 25.51372, 36.50565 ], [ 25.50595, 36.51706 ], [ 25.49554, 36.52782 ], [ 25.47603, 36.54112 ], [ 25.44924, 36.55152 ], [ 25.39896, 36.56191 ], [ 25.37069, 36.56126 ], [ 25.34191, 36.55421 ], [ 25.32398, 36.54627 ], [ 25.30439, 36.53359 ], [ 25.28111, 36.52409 ], [ 25.26328, 36.51162 ], [ 25.24757, 36.49303 ], [ 25.22785, 36.45299 ], [ 25.22427, 36.43388 ], [ 25.22395, 36.4135 ], [ 25.22619, 36.39984 ], [ 25.23386, 36.38206 ], [ 25.2467, 36.36596 ], [ 25.26329, 36.32409 ], [ 25.24121, 36.33396 ], [ 25.21553, 36.33917 ], [ 25.19047, 36.33896 ], [ 25.16481, 36.33324 ], [ 25.14345, 36.32323 ], [ 25.12575, 36.30944 ], [ 25.11095, 36.29144 ], [ 25.09966, 36.26815 ], [ 25.09654, 36.25566 ], [ 25.09588, 36.24176 ] ], [ [ 23.50118, 36.76034 ], [ 23.50564, 36.74444 ], [ 23.51402, 36.72959 ], [ 23.52616, 36.71624 ], [ 23.54142, 36.70517 ], [ 23.55921, 36.69683 ], [ 23.57835, 36.69166 ], [ 23.59839, 36.68968 ], [ 23.6188, 36.69095 ], [ 23.63937, 36.69549 ], [ 23.65889, 36.70359 ], [ 23.67449, 36.7139 ], [ 23.68803, 36.72756 ], [ 23.69755, 36.74325 ], [ 23.70239, 36.75898 ], [ 23.70326, 36.77397 ], [ 23.7006, 36.78892 ], [ 23.69435, 36.80345 ], [ 23.68504, 36.8167 ], [ 23.67285, 36.82825 ], [ 23.65946, 36.83705 ], [ 23.64294, 36.84438 ], [ 23.62514, 36.84907 ], [ 23.60666, 36.85101 ], [ 23.58683, 36.85005 ], [ 23.56832, 36.84629 ], [ 23.55154, 36.84002 ], [ 23.53575, 36.83107 ], [ 23.52247, 36.82009 ], [ 23.51195, 36.80715 ], [ 23.50505, 36.79375 ], [ 23.50084, 36.77664 ], [ 23.50118, 36.76034 ] ], [ [ 23.77628, 36.82808 ], [ 23.78286, 36.81193 ], [ 23.79392, 36.79671 ], [ 23.80888, 36.7838 ], [ 23.83307, 36.76925 ], [ 23.85178, 36.76184 ], [ 23.87066, 36.75783 ], [ 23.89507, 36.75658 ], [ 23.91548, 36.75856 ], [ 23.93495, 36.76384 ], [ 23.95442, 36.77275 ], [ 23.97132, 36.7846 ], [ 23.98401, 36.79818 ], [ 23.99307, 36.81397 ], [ 23.99769, 36.83105 ], [ 23.99789, 36.84594 ], [ 23.99421, 36.86179 ], [ 23.98714, 36.87602 ], [ 23.97613, 36.88965 ], [ 23.95723, 36.90547 ], [ 23.94115, 36.91516 ], [ 23.92296, 36.92208 ], [ 23.90053, 36.92655 ], [ 23.88174, 36.92755 ], [ 23.85899, 36.92558 ], [ 23.8368, 36.92043 ], [ 23.81854, 36.9128 ], [ 23.80378, 36.90325 ], [ 23.79069, 36.89066 ], [ 23.78112, 36.87625 ], [ 23.77541, 36.86058 ], [ 23.77378, 36.84392 ], [ 23.77628, 36.82808 ] ], [ [ 23.35167, 36.9166 ], [ 23.35567, 36.90317 ], [ 23.3696, 36.8724 ], [ 23.38064, 36.85864 ], [ 23.39375, 36.84778 ], [ 23.40918, 36.83909 ], [ 23.42741, 36.83254 ], [ 23.44999, 36.8277 ], [ 23.47183, 36.82666 ], [ 23.49344, 36.82945 ], [ 23.51514, 36.83643 ], [ 23.53328, 36.84612 ], [ 23.54835, 36.85872 ], [ 23.55965, 36.87365 ], [ 23.56663, 36.89017 ], [ 23.5689, 36.9044 ], [ 23.56825, 36.92362 ], [ 23.56451, 36.9373 ], [ 23.55727, 36.95114 ], [ 23.53888, 36.97642 ], [ 23.52698, 36.98817 ], [ 23.50989, 36.99931 ], [ 23.48868, 37.00762 ], [ 23.46787, 37.01152 ], [ 23.44597, 37.01191 ], [ 23.42468, 37.00878 ], [ 23.4031, 37.00185 ], [ 23.38624, 36.99272 ], [ 23.37108, 36.98005 ], [ 23.36042, 36.96618 ], [ 23.35316, 36.94975 ], [ 23.35042, 36.93193 ], [ 23.35167, 36.9166 ] ], [ [ 20.74752, 37.25748 ], [ 20.74919, 37.23787 ], [ 20.75464, 37.21046 ], [ 20.7602, 37.19095 ], [ 20.7679, 37.17238 ], [ 20.77785, 37.15442 ], [ 20.78994, 37.1373 ], [ 20.80404, 37.12126 ], [ 20.82114, 37.10545 ], [ 20.84467, 37.08785 ], [ 20.86524, 37.07511 ], [ 20.88703, 37.06429 ], [ 20.90907, 37.05565 ], [ 20.93351, 37.0484 ], [ 20.95871, 37.04317 ], [ 20.98545, 37.03997 ], [ 21.01158, 37.03904 ], [ 21.03919, 37.04044 ], [ 21.06277, 37.0436 ], [ 21.08807, 37.04912 ], [ 21.11153, 37.05633 ], [ 21.14038, 37.06718 ], [ 21.16625, 37.08001 ], [ 21.18638, 37.09264 ], [ 21.20557, 37.10749 ], [ 21.22304, 37.12428 ], [ 21.23708, 37.14108 ], [ 21.24882, 37.15872 ], [ 21.2589, 37.17849 ], [ 21.26645, 37.19946 ], [ 21.27086, 37.21927 ], [ 21.27277, 37.23892 ], [ 21.27229, 37.25866 ], [ 21.26933, 37.27875 ], [ 21.26404, 37.29847 ], [ 21.25719, 37.316 ], [ 21.24751, 37.33439 ], [ 21.23392, 37.35439 ], [ 21.22093, 37.36992 ], [ 21.20665, 37.38405 ], [ 21.18855, 37.39884 ], [ 21.14252, 37.42847 ], [ 21.09782, 37.4474 ], [ 21.05144, 37.45863 ], [ 21.02607, 37.46167 ], [ 21.00013, 37.46271 ], [ 20.95011, 37.45872 ], [ 20.90452, 37.44766 ], [ 20.86274, 37.4302 ], [ 20.84318, 37.41896 ], [ 20.82467, 37.40597 ], [ 20.80732, 37.3912 ], [ 20.79208, 37.37533 ], [ 20.77909, 37.35865 ], [ 20.76792, 37.34051 ], [ 20.7593, 37.32209 ], [ 20.75299, 37.30308 ], [ 20.74849, 37.27933 ], [ 20.74752, 37.25748 ] ], [ [ 25.18985, 38.15058 ], [ 25.19484, 38.13484 ], [ 25.20451, 38.11937 ], [ 25.21792, 38.10618 ], [ 25.23587, 38.09443 ], [ 25.25548, 38.08658 ], [ 25.27692, 38.08224 ], [ 25.29747, 38.08163 ], [ 25.31772, 38.08434 ], [ 25.3367, 38.0902 ], [ 25.35498, 38.09975 ], [ 25.37676, 38.11827 ], [ 25.3874, 38.13044 ], [ 25.3959, 38.14631 ], [ 25.39968, 38.16208 ], [ 25.39951, 38.17678 ], [ 25.39545, 38.19231 ], [ 25.38828, 38.2058 ], [ 25.3779, 38.21818 ], [ 25.36472, 38.22881 ], [ 25.34936, 38.23726 ], [ 25.33225, 38.24329 ], [ 25.31401, 38.24671 ], [ 25.29528, 38.24739 ], [ 25.27813, 38.24556 ], [ 25.26172, 38.24148 ], [ 25.24513, 38.23458 ], [ 25.22266, 38.22048 ], [ 25.21089, 38.21075 ], [ 25.20047, 38.19831 ], [ 25.19326, 38.18462 ], [ 25.18918, 38.16778 ], [ 25.18985, 38.15058 ] ], [ [ 25.393, 38.517 ], [ 25.40132, 38.49723 ], [ 25.41601, 38.47987 ], [ 25.43604, 38.46617 ], [ 25.47664, 38.44806 ], [ 25.50055, 38.44247 ], [ 25.52549, 38.44171 ], [ 25.54692, 38.44504 ], [ 25.57088, 38.45297 ], [ 25.58886, 38.4551 ], [ 25.6127, 38.45485 ], [ 25.6336, 38.45793 ], [ 25.65379, 38.46443 ], [ 25.6755, 38.47605 ], [ 25.6929, 38.49186 ], [ 25.70447, 38.51049 ], [ 25.71215, 38.53852 ], [ 25.72082, 38.55729 ], [ 25.72307, 38.57827 ], [ 25.71853, 38.60436 ], [ 25.71276, 38.61895 ], [ 25.70097, 38.63555 ], [ 25.68502, 38.64908 ], [ 25.65073, 38.67125 ], [ 25.62927, 38.68063 ], [ 25.60486, 38.68577 ], [ 25.56181, 38.68797 ], [ 25.49706, 38.6759 ], [ 25.47767, 38.66776 ], [ 25.46189, 38.65727 ], [ 25.44677, 38.64336 ], [ 25.43761, 38.6319 ], [ 25.42983, 38.61583 ], [ 25.42672, 38.5979 ], [ 25.40465, 38.57032 ], [ 25.39683, 38.55694 ], [ 25.39165, 38.53778 ], [ 25.393, 38.517 ] ], [ [ 12.98591, 38.85908 ], [ 12.97498, 38.85046 ], [ 12.93885, 38.81384 ], [ 12.91873, 38.78259 ], [ 12.90132, 38.73879 ], [ 12.89751, 38.72389 ], [ 12.89589, 38.68991 ], [ 12.89787, 38.67179 ], [ 12.90689, 38.6388 ], [ 12.9217, 38.60644 ], [ 12.94413, 38.5774 ], [ 12.96394, 38.55579 ], [ 13.01213, 38.52303 ], [ 13.03561, 38.51247 ], [ 13.0604, 38.50355 ], [ 13.09256, 38.49542 ], [ 13.1295, 38.49003 ], [ 13.1578, 38.4879 ], [ 13.19158, 38.48829 ], [ 13.24322, 38.49549 ], [ 13.27506, 38.50438 ], [ 13.30516, 38.51644 ], [ 13.33153, 38.52966 ], [ 13.35808, 38.54609 ], [ 13.38969, 38.57152 ], [ 13.40682, 38.58807 ], [ 13.42527, 38.61032 ], [ 13.43307, 38.62211 ], [ 13.44613, 38.64767 ], [ 13.4545, 38.6734 ], [ 13.45707, 38.68653 ], [ 13.45888, 38.71305 ], [ 13.45627, 38.73952 ], [ 13.44718, 38.77265 ], [ 13.43336, 38.79769 ], [ 13.40884, 38.82947 ], [ 13.37944, 38.85685 ], [ 13.32897, 38.88669 ], [ 13.29685, 38.90185 ], [ 13.25107, 38.91566 ], [ 13.22442, 38.92112 ], [ 13.17486, 38.92233 ], [ 13.14188, 38.91983 ], [ 13.10909, 38.91389 ], [ 13.06352, 38.89998 ], [ 13.02814, 38.88371 ], [ 12.98591, 38.85908 ] ], [ [ 24.24211, 38.83678 ], [ 24.24376, 38.82183 ], [ 24.24736, 38.80983 ], [ 24.25334, 38.79796 ], [ 24.26196, 38.78635 ], [ 24.27296, 38.77601 ], [ 24.28481, 38.76801 ], [ 24.31213, 38.75614 ], [ 24.33194, 38.7507 ], [ 24.35829, 38.74857 ], [ 24.386, 38.75217 ], [ 24.40201, 38.74671 ], [ 24.41815, 38.74362 ], [ 24.43944, 38.73142 ], [ 24.48198, 38.71429 ], [ 24.51567, 38.69396 ], [ 24.53988, 38.68594 ], [ 24.55838, 38.6776 ], [ 24.57606, 38.67298 ], [ 24.61447, 38.66937 ], [ 24.63213, 38.66936 ], [ 24.65393, 38.6728 ], [ 24.67368, 38.67959 ], [ 24.68849, 38.68721 ], [ 24.70149, 38.69679 ], [ 24.72882, 38.70415 ], [ 24.75301, 38.71771 ], [ 24.76331, 38.72683 ], [ 24.77238, 38.73818 ], [ 24.77883, 38.75056 ], [ 24.78226, 38.76242 ], [ 24.78569, 38.78593 ], [ 24.7857, 38.79782 ], [ 24.78032, 38.8241 ], [ 24.77465, 38.83825 ], [ 24.76383, 38.85334 ], [ 24.73901, 38.87745 ], [ 24.71324, 38.89651 ], [ 24.68651, 38.91088 ], [ 24.68899, 38.92713 ], [ 24.68728, 38.94246 ], [ 24.68147, 38.95774 ], [ 24.67169, 38.97186 ], [ 24.6573, 38.98493 ], [ 24.63721, 38.99691 ], [ 24.58707, 39.01823 ], [ 24.58111, 39.03415 ], [ 24.57154, 39.04801 ], [ 24.53489, 39.07897 ], [ 24.5134, 39.09031 ], [ 24.48898, 39.09723 ], [ 24.46102, 39.09909 ], [ 24.43348, 39.09483 ], [ 24.40837, 39.08472 ], [ 24.38789, 39.06957 ], [ 24.37625, 39.05504 ], [ 24.36865, 39.03769 ], [ 24.36648, 39.02188 ], [ 24.36875, 39.00277 ], [ 24.35383, 38.97558 ], [ 24.34905, 38.96022 ], [ 24.34821, 38.94686 ], [ 24.35049, 38.92996 ], [ 24.34878, 38.92773 ], [ 24.33038, 38.92571 ], [ 24.31401, 38.92149 ], [ 24.28799, 38.90879 ], [ 24.27204, 38.89663 ], [ 24.26243, 38.88696 ], [ 24.25554, 38.87735 ], [ 24.24708, 38.86093 ], [ 24.24337, 38.84901 ], [ 24.24211, 38.83678 ] ], [ [ 24.87582, 39.46922 ], [ 24.88715, 39.44 ], [ 24.89797, 39.42397 ], [ 24.91731, 39.40604 ], [ 24.9405, 39.39341 ], [ 24.96695, 39.38636 ], [ 24.99463, 39.38521 ], [ 25.02476, 39.39094 ], [ 25.05042, 39.403 ], [ 25.06481, 39.41434 ], [ 25.07678, 39.42853 ], [ 25.09405, 39.43938 ], [ 25.11062, 39.45568 ], [ 25.13194, 39.4719 ], [ 25.14507, 39.48818 ], [ 25.1579, 39.51562 ], [ 25.16205, 39.52937 ], [ 25.16288, 39.54378 ], [ 25.15966, 39.56025 ], [ 25.15176, 39.57614 ], [ 25.13953, 39.5903 ], [ 25.12372, 39.60196 ], [ 25.10222, 39.61163 ], [ 25.07823, 39.61691 ], [ 25.06119, 39.6288 ], [ 25.04052, 39.63756 ], [ 25.01796, 39.64232 ], [ 24.99433, 39.6429 ], [ 24.97122, 39.6392 ], [ 24.94963, 39.63131 ], [ 24.93224, 39.6206 ], [ 24.91485, 39.60467 ], [ 24.90624, 39.59464 ], [ 24.88515, 39.5639 ], [ 24.87857, 39.54685 ], [ 24.87203, 39.52316 ], [ 24.87098, 39.49937 ], [ 24.87582, 39.46922 ] ], [ [ 24.93418, 39.97551 ], [ 24.93784, 39.96267 ], [ 24.94453, 39.95012 ], [ 24.94856, 39.92069 ], [ 24.95562, 39.90242 ], [ 24.95447, 39.89701 ], [ 24.94479, 39.88 ], [ 24.94113, 39.86577 ], [ 24.9408, 39.85369 ], [ 24.9444, 39.83725 ], [ 24.9448, 39.82045 ], [ 24.94841, 39.80765 ], [ 24.95521, 39.7948 ], [ 24.96425, 39.78363 ], [ 24.97565, 39.7738 ], [ 24.99437, 39.7631 ], [ 25.01581, 39.75603 ], [ 25.03769, 39.75299 ], [ 25.06097, 39.75385 ], [ 25.0757, 39.74298 ], [ 25.09156, 39.73518 ], [ 25.14322, 39.72145 ], [ 25.16348, 39.71954 ], [ 25.19595, 39.72079 ], [ 25.21406, 39.71617 ], [ 25.23433, 39.71421 ], [ 25.25504, 39.7155 ], [ 25.2736, 39.71962 ], [ 25.31938, 39.70822 ], [ 25.33882, 39.70541 ], [ 25.35576, 39.70509 ], [ 25.37401, 39.70714 ], [ 25.39092, 39.71107 ], [ 25.407, 39.71728 ], [ 25.42091, 39.72525 ], [ 25.43287, 39.73444 ], [ 25.44206, 39.74407 ], [ 25.44857, 39.75357 ], [ 25.45371, 39.76481 ], [ 25.46353, 39.77856 ], [ 25.4705, 39.79605 ], [ 25.47197, 39.8144 ], [ 25.46736, 39.83508 ], [ 25.45806, 39.85198 ], [ 25.47981, 39.88237 ], [ 25.48472, 39.89515 ], [ 25.48667, 39.90888 ], [ 25.50236, 39.91787 ], [ 25.51954, 39.93107 ], [ 25.52938, 39.94183 ], [ 25.53695, 39.95428 ], [ 25.54088, 39.96501 ], [ 25.54338, 39.97816 ], [ 25.54304, 39.99403 ], [ 25.5457, 40.007 ], [ 25.54699, 40.03676 ], [ 25.54489, 40.05012 ], [ 25.54016, 40.06252 ], [ 25.5325, 40.0745 ], [ 25.52248, 40.08515 ], [ 25.51036, 40.09441 ], [ 25.49734, 40.10151 ], [ 25.48303, 40.10694 ], [ 25.46619, 40.11082 ], [ 25.44586, 40.11242 ], [ 25.42697, 40.11106 ], [ 25.40393, 40.10554 ], [ 25.38195, 40.09673 ], [ 25.36204, 40.09646 ], [ 25.34203, 40.0931 ], [ 25.31594, 40.08342 ], [ 25.29268, 40.06791 ], [ 25.27479, 40.07541 ], [ 25.25304, 40.08047 ], [ 25.23212, 40.08208 ], [ 25.21149, 40.08057 ], [ 25.19243, 40.0916 ], [ 25.16939, 40.09908 ], [ 25.14907, 40.10202 ], [ 25.12887, 40.10233 ], [ 25.10417, 40.09877 ], [ 25.08064, 40.09094 ], [ 25.06291, 40.08114 ], [ 25.04575, 40.06644 ], [ 25.0297, 40.06568 ], [ 25.00917, 40.06235 ], [ 24.982, 40.05294 ], [ 24.9682, 40.0447 ], [ 24.95659, 40.03488 ], [ 24.94568, 40.02215 ], [ 24.93808, 40.00858 ], [ 24.93376, 39.99221 ], [ 24.93418, 39.97551 ] ], [ [ 25.34358, 40.47711 ], [ 25.34438, 40.46646 ], [ 25.34755, 40.45483 ], [ 25.35729, 40.43761 ], [ 25.38261, 40.40916 ], [ 25.39742, 40.39826 ], [ 25.42199, 40.38555 ], [ 25.44668, 40.36606 ], [ 25.47505, 40.35371 ], [ 25.48966, 40.34168 ], [ 25.50226, 40.33369 ], [ 25.52316, 40.32511 ], [ 25.54969, 40.31916 ], [ 25.58648, 40.31616 ], [ 25.62536, 40.32009 ], [ 25.67105, 40.33385 ], [ 25.70369, 40.34108 ], [ 25.74136, 40.35399 ], [ 25.76244, 40.36486 ], [ 25.77902, 40.37917 ], [ 25.7899, 40.39502 ], [ 25.79693, 40.41519 ], [ 25.79725, 40.43688 ], [ 25.78611, 40.48125 ], [ 25.77691, 40.50231 ], [ 25.76876, 40.51772 ], [ 25.76417, 40.52293 ], [ 25.72068, 40.55184 ], [ 25.70604, 40.55951 ], [ 25.68893, 40.56534 ], [ 25.66707, 40.5691 ], [ 25.63982, 40.57693 ], [ 25.58215, 40.58519 ], [ 25.56336, 40.58614 ], [ 25.54318, 40.58462 ], [ 25.48983, 40.5756 ], [ 25.44867, 40.5622 ], [ 25.42821, 40.55144 ], [ 25.40648, 40.54688 ], [ 25.38607, 40.53842 ], [ 25.37297, 40.53003 ], [ 25.36263, 40.52082 ], [ 25.35438, 40.51055 ], [ 25.34832, 40.49926 ], [ 25.34499, 40.4889 ], [ 25.34358, 40.47711 ] ], [ [ -9.49835, 38.77656 ], [ -9.49334, 38.7755 ], [ -9.49485, 38.77372 ], [ -9.49394, 38.77117 ], [ -9.49512, 38.76957 ], [ -9.49383, 38.76919 ], [ -9.49505, 38.76843 ], [ -9.49001, 38.76514 ], [ -9.49112, 38.7629 ], [ -9.48779, 38.76239 ], [ -9.48738, 38.7605 ], [ -9.48469, 38.76156 ], [ -9.48377, 38.75733 ], [ -9.4785, 38.75602 ], [ -9.47885, 38.75445 ], [ -9.47634, 38.75474 ], [ -9.47726, 38.75312 ], [ -9.47404, 38.75344 ], [ -9.47308, 38.75176 ], [ -9.47439, 38.75078 ], [ -9.47189, 38.74978 ], [ -9.47171, 38.74813 ], [ -9.47327, 38.74793 ], [ -9.4717, 38.7469 ], [ -9.4733, 38.74394 ], [ -9.47226, 38.7415 ], [ -9.47375, 38.74033 ], [ -9.47217, 38.7365 ], [ -9.47546, 38.7292 ], [ -9.47713, 38.72871 ], [ -9.47612, 38.72718 ], [ -9.4772, 38.72456 ], [ -9.47978, 38.72303 ], [ -9.47907, 38.72025 ], [ -9.4845, 38.71493 ], [ -9.48622, 38.70814 ], [ -9.48253, 38.7052 ], [ -9.47972, 38.70503 ], [ -9.48045, 38.70403 ], [ -9.47747, 38.70184 ], [ -9.475, 38.70218 ], [ -9.45948, 38.69487 ], [ -9.43944, 38.69534 ], [ -9.43026, 38.68986 ], [ -9.42244, 38.68961 ], [ -9.42058, 38.69031 ], [ -9.42158, 38.69188 ], [ -9.41945, 38.69013 ], [ -9.41843, 38.68989 ], [ -9.41772, 38.69015 ], [ -9.41378, 38.69307 ], [ -9.41321, 38.6938 ], [ -9.41801, 38.6901 ], [ -9.42046, 38.69111 ], [ -9.41799, 38.69057 ], [ -9.41896, 38.69252 ], [ -9.41449, 38.6938 ], [ -9.41657, 38.69467 ], [ -9.4182, 38.694 ], [ -9.41985, 38.69621 ], [ -9.4156, 38.70029 ], [ -9.40852, 38.70115 ], [ -9.40514, 38.70362 ], [ -9.3989, 38.70236 ], [ -9.39881, 38.70107 ], [ -9.39233, 38.70194 ], [ -9.3733, 38.69378 ], [ -9.37238, 38.69207 ], [ -9.37122, 38.69374 ], [ -9.36558, 38.69184 ], [ -9.3584, 38.68635 ], [ -9.34986, 38.68423 ], [ -9.3461, 38.68005 ], [ -9.34162, 38.68144 ], [ -9.32699, 38.67606 ], [ -9.32701, 38.67432 ], [ -9.32382, 38.67315 ], [ -9.32265, 38.67519 ], [ -9.31797, 38.67494 ], [ -9.31639, 38.67602 ], [ -9.31995, 38.67538 ], [ -9.31819, 38.67725 ], [ -9.31627, 38.67694 ], [ -9.3171, 38.6781 ], [ -9.31434, 38.68111 ], [ -9.31407, 38.68436 ], [ -9.31317, 38.68323 ], [ -9.30462, 38.6849 ], [ -9.29796, 38.68984 ], [ -9.29351, 38.69056 ], [ -9.29559, 38.69066 ], [ -9.29367, 38.69186 ], [ -9.29321, 38.6909 ], [ -9.29014, 38.69502 ], [ -9.28111, 38.69827 ], [ -9.27604, 38.69699 ], [ -9.26268, 38.69967 ], [ -9.24264, 38.69895 ], [ -9.23725, 38.69705 ], [ -9.23437, 38.69378 ], [ -9.23527, 38.69531 ], [ -9.2323, 38.69613 ], [ -9.22548, 38.69302 ], [ -9.22867, 38.69506 ], [ -9.22821, 38.69622 ], [ -9.2231, 38.69333 ], [ -9.22465, 38.6925 ], [ -9.22292, 38.69222 ], [ -9.21944, 38.6931 ], [ -9.21518, 38.69169 ], [ -9.21198, 38.69232 ], [ -9.213, 38.6936 ], [ -9.21106, 38.69367 ], [ -9.21139, 38.69241 ], [ -9.2032, 38.69501 ], [ -9.20361, 38.69383 ], [ -9.17924, 38.69797 ], [ -9.17624, 38.70037 ], [ -9.17723, 38.69869 ], [ -9.17544, 38.69782 ], [ -9.157, 38.70214 ], [ -9.17206, 38.70027 ], [ -9.17262, 38.70137 ], [ -9.12864, 38.70802 ], [ -9.10535, 38.72703 ], [ -9.09972, 38.73905 ], [ -9.10146, 38.7387 ], [ -9.09574, 38.74515 ], [ -9.09679, 38.7454 ], [ -9.09548, 38.75016 ], [ -9.09322, 38.74979 ], [ -9.09321, 38.75001 ], [ -9.0954, 38.75028 ], [ -9.09459, 38.75332 ], [ -9.09195, 38.75376 ], [ -9.09396, 38.75415 ], [ -9.09186, 38.75481 ], [ -9.09067, 38.75891 ], [ -9.0921, 38.76603 ], [ -9.09073, 38.77471 ], [ -9.09128, 38.7765 ], [ -9.09325, 38.77658 ], [ -9.09106, 38.77738 ], [ -9.0917, 38.78559 ], [ -9.08994, 38.79045 ], [ -9.0909, 38.79716 ], [ -9.0885, 38.80946 ], [ -9.08415, 38.82234 ], [ -9.08154, 38.82693 ], [ -9.08147, 38.82692 ], [ -9.08203, 38.82604 ], [ -9.08202, 38.8258 ], [ -9.07915, 38.82788 ], [ -9.08099, 38.82905 ], [ -9.079, 38.82892 ], [ -9.07877, 38.83092 ], [ -9.07613, 38.83207 ], [ -9.07378, 38.83652 ], [ -9.07439, 38.83855 ], [ -9.07235, 38.83798 ], [ -9.07347, 38.83915 ], [ -9.0721, 38.84247 ], [ -9.07345, 38.84288 ], [ -9.07106, 38.84341 ], [ -9.06556, 38.85274 ], [ -9.05848, 38.85985 ], [ -9.03944, 38.86618 ], [ -9.03445, 38.87429 ], [ -9.02308, 38.88524 ], [ -9.01831, 38.89209 ], [ -9.01902, 38.9015 ], [ -9.01434, 38.91421 ], [ -9.00706, 38.9226 ], [ -9.00772, 38.92417 ], [ -9.00569, 38.92534 ], [ -9.00464, 38.93106 ], [ -8.98697, 38.95349 ], [ -8.97659, 38.95952 ], [ -8.96472, 38.96141 ], [ -8.97037, 38.95645 ], [ -8.97908, 38.95305 ], [ -8.99085, 38.93655 ], [ -8.99281, 38.93162 ], [ -8.99182, 38.92619 ], [ -8.98796, 38.91902 ], [ -8.98766, 38.91453 ], [ -8.98896, 38.90563 ], [ -8.99347, 38.89803 ], [ -8.99433, 38.8825 ], [ -8.99269, 38.87944 ], [ -8.98928, 38.87671 ], [ -8.98846, 38.87776 ], [ -8.99229, 38.87936 ], [ -8.99418, 38.88233 ], [ -8.99349, 38.88202 ], [ -8.99195, 38.87924 ], [ -8.98505, 38.87661 ], [ -8.98045, 38.87772 ], [ -8.98279, 38.87667 ], [ -8.98459, 38.87638 ], [ -8.98836, 38.87773 ], [ -8.98898, 38.87668 ], [ -8.97893, 38.86975 ], [ -8.9778, 38.86693 ], [ -8.9847, 38.85692 ], [ -8.98504, 38.85853 ], [ -8.98648, 38.85733 ], [ -8.9874, 38.85374 ], [ -8.98266, 38.84385 ], [ -8.98112, 38.84402 ], [ -8.97823, 38.83898 ], [ -8.97653, 38.84084 ], [ -8.97522, 38.8316 ], [ -8.97179, 38.82902 ], [ -8.97052, 38.82885 ], [ -8.96764, 38.83492 ], [ -8.96674, 38.83432 ], [ -8.9613, 38.84036 ], [ -8.9464, 38.84882 ], [ -8.93523, 38.86692 ], [ -8.91977, 38.8796 ], [ -8.91219, 38.88791 ], [ -8.91033, 38.89434 ], [ -8.91225, 38.90242 ], [ -8.90332, 38.91566 ], [ -8.89447, 38.92049 ], [ -8.90358, 38.91452 ], [ -8.91151, 38.90231 ], [ -8.90941, 38.8941 ], [ -8.9109, 38.88784 ], [ -8.92098, 38.87673 ], [ -8.9332, 38.8666 ], [ -8.94484, 38.84607 ], [ -8.95139, 38.84297 ], [ -8.94816, 38.84192 ], [ -8.94841, 38.84172 ], [ -8.95122, 38.84243 ], [ -8.95166, 38.84307 ], [ -8.95684, 38.8404 ], [ -8.95584, 38.83604 ], [ -8.95746, 38.83885 ], [ -8.96036, 38.8376 ], [ -8.96319, 38.83427 ], [ -8.95948, 38.83293 ], [ -8.96335, 38.83375 ], [ -8.96442, 38.83167 ], [ -8.9613, 38.8311 ], [ -8.96447, 38.83133 ], [ -8.96548, 38.82958 ], [ -8.9638, 38.8283 ], [ -8.96389, 38.82815 ], [ -8.96396, 38.82812 ], [ -8.96484, 38.82823 ], [ -8.96559, 38.82788 ], [ -8.96521, 38.82697 ], [ -8.96227, 38.82828 ], [ -8.961, 38.82967 ], [ -8.96189, 38.83044 ], [ -8.96091, 38.82977 ], [ -8.96092, 38.82968 ], [ -8.96316, 38.82732 ], [ -8.9608, 38.82762 ], [ -8.95737, 38.83292 ], [ -8.95617, 38.83222 ], [ -8.95627, 38.83219 ], [ -8.95661, 38.83233 ], [ -8.95676, 38.83252 ], [ -8.95759, 38.83231 ], [ -8.9581, 38.83061 ], [ -8.95934, 38.82871 ], [ -8.95655, 38.8308 ], [ -8.95771, 38.828 ], [ -8.95545, 38.82803 ], [ -8.95985, 38.8248 ], [ -8.9543, 38.8244 ], [ -8.95116, 38.81995 ], [ -8.94827, 38.81901 ], [ -8.94862, 38.81687 ], [ -8.9469, 38.81744 ], [ -8.94574, 38.81659 ], [ -8.94681, 38.81574 ], [ -8.94311, 38.81512 ], [ -8.93889, 38.80725 ], [ -8.94297, 38.80907 ], [ -8.94486, 38.80726 ], [ -8.9432, 38.80857 ], [ -8.94205, 38.80669 ], [ -8.93947, 38.80638 ], [ -8.93823, 38.80795 ], [ -8.93617, 38.80561 ], [ -8.93859, 38.80539 ], [ -8.9393, 38.80357 ], [ -8.9358, 38.80474 ], [ -8.93516, 38.8024 ], [ -8.93683, 38.80143 ], [ -8.93441, 38.80178 ], [ -8.93104, 38.79544 ], [ -8.93344, 38.79388 ], [ -8.93685, 38.79451 ], [ -8.93803, 38.79226 ], [ -8.93683, 38.79167 ], [ -8.93823, 38.79129 ], [ -8.93094, 38.79022 ], [ -8.93003, 38.78893 ], [ -8.93377, 38.78674 ], [ -8.93045, 38.78587 ], [ -8.93239, 38.78306 ], [ -8.93041, 38.78253 ], [ -8.93433, 38.78199 ], [ -8.9308, 38.78074 ], [ -8.939, 38.78035 ], [ -8.9411, 38.779 ], [ -8.94117, 38.7766 ], [ -8.93453, 38.77684 ], [ -8.93493, 38.77654 ], [ -8.93668, 38.77576 ], [ -8.93933, 38.77551 ], [ -8.93796, 38.77303 ], [ -8.93319, 38.77788 ], [ -8.93054, 38.77928 ], [ -8.93076, 38.77902 ], [ -8.93298, 38.77795 ], [ -8.93423, 38.77596 ], [ -8.93198, 38.77697 ], [ -8.93035, 38.77688 ], [ -8.93279, 38.77647 ], [ -8.9361, 38.77295 ], [ -8.93281, 38.77495 ], [ -8.92835, 38.77537 ], [ -8.93216, 38.77488 ], [ -8.93596, 38.77176 ], [ -8.92715, 38.77297 ], [ -8.92762, 38.77264 ], [ -8.9283, 38.77247 ], [ -8.92719, 38.77217 ], [ -8.93395, 38.77077 ], [ -8.93115, 38.7708 ], [ -8.93282, 38.76915 ], [ -8.92685, 38.76936 ], [ -8.93393, 38.76886 ], [ -8.93249, 38.76834 ], [ -8.93395, 38.7675 ], [ -8.93093, 38.76705 ], [ -8.93296, 38.76604 ], [ -8.92799, 38.76559 ], [ -8.92845, 38.76555 ], [ -8.93284, 38.76588 ], [ -8.93337, 38.76606 ], [ -8.93342, 38.76594 ], [ -8.92548, 38.76105 ], [ -8.92419, 38.75841 ], [ -8.92375, 38.75017 ], [ -8.91489, 38.74539 ], [ -8.91985, 38.74744 ], [ -8.92366, 38.74978 ], [ -8.92436, 38.75101 ], [ -8.92482, 38.75832 ], [ -8.93131, 38.76151 ], [ -8.9457, 38.76151 ], [ -8.96399, 38.75594 ], [ -8.96626, 38.757 ], [ -8.96634, 38.75687 ], [ -8.96402, 38.7559 ], [ -8.96653, 38.75241 ], [ -8.97543, 38.74697 ], [ -8.99827, 38.74121 ], [ -9.0081, 38.73647 ], [ -9.01185, 38.73259 ], [ -9.00982, 38.72962 ], [ -9.00817, 38.73017 ], [ -9.00873, 38.72917 ], [ -9.03061, 38.72389 ], [ -9.04356, 38.71703 ], [ -9.04643, 38.71305 ], [ -9.04988, 38.69154 ], [ -9.04861, 38.68989 ], [ -9.04215, 38.69224 ], [ -9.04135, 38.69617 ], [ -9.03948, 38.69803 ], [ -9.03962, 38.69607 ], [ -9.0386, 38.69886 ], [ -9.0374, 38.69788 ], [ -9.03702, 38.69988 ], [ -9.03512, 38.69915 ], [ -9.02848, 38.70227 ], [ -9.02877, 38.70103 ], [ -9.02678, 38.70059 ], [ -9.00755, 38.7035 ], [ -9.00662, 38.69953 ], [ -9.00535, 38.69954 ], [ -9.00486, 38.70268 ], [ -8.99719, 38.70049 ], [ -8.99305, 38.70096 ], [ -8.99336, 38.70252 ], [ -8.99013, 38.70362 ], [ -8.98144, 38.70211 ], [ -8.98164, 38.70537 ], [ -8.98036, 38.70341 ], [ -8.97609, 38.70446 ], [ -8.97743, 38.70096 ], [ -8.97604, 38.7022 ], [ -8.96565, 38.69826 ], [ -8.9629, 38.69956 ], [ -8.95946, 38.69836 ], [ -8.95513, 38.69136 ], [ -8.95033, 38.68926 ], [ -8.95233, 38.68751 ], [ -8.96164, 38.69679 ], [ -8.97208, 38.69773 ], [ -8.97636, 38.69385 ], [ -8.97567, 38.68994 ], [ -8.97713, 38.68903 ], [ -8.97454, 38.68514 ], [ -8.97572, 38.68335 ], [ -8.97467, 38.68053 ], [ -8.97854, 38.67987 ], [ -8.97726, 38.68146 ], [ -8.97968, 38.68695 ], [ -8.98784, 38.6874 ], [ -8.99102, 38.68918 ], [ -8.99712, 38.68755 ], [ -8.99313, 38.68348 ], [ -8.99691, 38.68017 ], [ -8.99989, 38.68144 ], [ -8.99505, 38.68354 ], [ -9.00043, 38.6867 ], [ -9.00147, 38.68573 ], [ -9.00188, 38.68913 ], [ -9.00589, 38.68836 ], [ -9.01058, 38.68229 ], [ -9.0129, 38.67074 ], [ -9.01087, 38.66946 ], [ -9.00409, 38.66997 ], [ -9.00153, 38.66809 ], [ -8.99993, 38.66585 ], [ -9.0013, 38.66281 ], [ -8.99972, 38.66056 ], [ -9.00232, 38.66024 ], [ -9.00173, 38.6584 ], [ -8.99661, 38.65635 ], [ -8.99496, 38.65402 ], [ -8.99469, 38.65053 ], [ -8.99541, 38.65354 ], [ -9.00167, 38.65495 ], [ -9.0097, 38.6637 ], [ -9.01075, 38.66363 ], [ -9.00981, 38.66248 ], [ -9.01127, 38.66365 ], [ -9.01521, 38.66173 ], [ -9.02175, 38.66478 ], [ -9.02267, 38.66345 ], [ -9.0235, 38.6668 ], [ -9.01987, 38.66742 ], [ -9.02197, 38.66922 ], [ -9.02587, 38.66455 ], [ -9.02735, 38.66571 ], [ -9.02557, 38.66611 ], [ -9.02552, 38.66679 ], [ -9.02614, 38.66673 ], [ -9.02633, 38.66595 ], [ -9.028, 38.66595 ], [ -9.02789, 38.66796 ], [ -9.0247, 38.66806 ], [ -9.02534, 38.66686 ], [ -9.02466, 38.66791 ], [ -9.0247, 38.66814 ], [ -9.02569, 38.6682 ], [ -9.02775, 38.66804 ], [ -9.02949, 38.66738 ], [ -9.0298, 38.66657 ], [ -9.03016, 38.6671 ], [ -9.02937, 38.66766 ], [ -9.0309, 38.66691 ], [ -9.03033, 38.66867 ], [ -9.03155, 38.66853 ], [ -9.03049, 38.66943 ], [ -9.02946, 38.66866 ], [ -9.03051, 38.66952 ], [ -9.03169, 38.66866 ], [ -9.03051, 38.66451 ], [ -9.03127, 38.66193 ], [ -9.03344, 38.66117 ], [ -9.03118, 38.65624 ], [ -9.03271, 38.65584 ], [ -9.03524, 38.65989 ], [ -9.03368, 38.66421 ], [ -9.03527, 38.66448 ], [ -9.03847, 38.65957 ], [ -9.04103, 38.66093 ], [ -9.0399, 38.66222 ], [ -9.04079, 38.66416 ], [ -9.04302, 38.66463 ], [ -9.04425, 38.67059 ], [ -9.04215, 38.67224 ], [ -9.04412, 38.67633 ], [ -9.0422, 38.67884 ], [ -9.047, 38.67701 ], [ -9.04885, 38.67923 ], [ -9.05449, 38.67767 ], [ -9.05818, 38.68394 ], [ -9.06166, 38.68203 ], [ -9.05962, 38.67848 ], [ -9.0601, 38.67523 ], [ -9.07527, 38.67064 ], [ -9.07034, 38.66757 ], [ -9.07183, 38.66705 ], [ -9.07302, 38.66877 ], [ -9.07289, 38.66721 ], [ -9.07572, 38.6676 ], [ -9.07487, 38.66591 ], [ -9.09275, 38.65996 ], [ -9.09242, 38.65667 ], [ -9.0905, 38.65547 ], [ -9.08854, 38.65614 ], [ -9.09202, 38.65717 ], [ -9.09027, 38.65966 ], [ -9.09041, 38.65848 ], [ -9.08812, 38.65654 ], [ -9.08841, 38.65591 ], [ -9.082, 38.65495 ], [ -9.08035, 38.65638 ], [ -9.08485, 38.65539 ], [ -9.0864, 38.65671 ], [ -9.08367, 38.65725 ], [ -9.08332, 38.66076 ], [ -9.07881, 38.6567 ], [ -9.08095, 38.65223 ], [ -9.07678, 38.65118 ], [ -9.07333, 38.65257 ], [ -9.06626, 38.64869 ], [ -9.06463, 38.64276 ], [ -9.06624, 38.63476 ], [ -9.06094, 38.63525 ], [ -9.05365, 38.62901 ], [ -9.05349, 38.62471 ], [ -9.05575, 38.61855 ], [ -9.05137, 38.61527 ], [ -9.04873, 38.6108 ], [ -9.05004, 38.60504 ], [ -9.04908, 38.6037 ], [ -9.05031, 38.60415 ], [ -9.05079, 38.60518 ], [ -9.05122, 38.60251 ], [ -9.04969, 38.59903 ], [ -9.05874, 38.61046 ], [ -9.05646, 38.61221 ], [ -9.06025, 38.61293 ], [ -9.0619, 38.61628 ], [ -9.06105, 38.61759 ], [ -9.06329, 38.61835 ], [ -9.06328, 38.61695 ], [ -9.06506, 38.62196 ], [ -9.06504, 38.61918 ], [ -9.06714, 38.62055 ], [ -9.06613, 38.6217 ], [ -9.06765, 38.62092 ], [ -9.06478, 38.62599 ], [ -9.07123, 38.63251 ], [ -9.07389, 38.63643 ], [ -9.07289, 38.63694 ], [ -9.07425, 38.63705 ], [ -9.07334, 38.63755 ], [ -9.07435, 38.63709 ], [ -9.07737, 38.64142 ], [ -9.08784, 38.63738 ], [ -9.0841, 38.64279 ], [ -9.07849, 38.64172 ], [ -9.07924, 38.64305 ], [ -9.08177, 38.64406 ], [ -9.07803, 38.64881 ], [ -9.082, 38.64463 ], [ -9.09163, 38.64512 ], [ -9.09565, 38.64794 ], [ -9.0991, 38.64793 ], [ -9.09623, 38.64596 ], [ -9.09802, 38.64575 ], [ -9.09764, 38.64435 ], [ -9.09981, 38.64561 ], [ -9.09971, 38.64429 ], [ -9.10359, 38.64546 ], [ -9.10583, 38.64412 ], [ -9.10748, 38.64222 ], [ -9.10575, 38.6403 ], [ -9.1065, 38.63207 ], [ -9.10461, 38.62745 ], [ -9.10648, 38.62113 ], [ -9.1081, 38.62104 ], [ -9.10939, 38.62616 ], [ -9.1135, 38.62972 ], [ -9.1148, 38.63287 ], [ -9.11305, 38.6343 ], [ -9.11504, 38.63624 ], [ -9.11414, 38.63695 ], [ -9.12566, 38.64031 ], [ -9.12751, 38.64304 ], [ -9.12921, 38.64272 ], [ -9.13031, 38.63993 ], [ -9.13983, 38.64094 ], [ -9.14039, 38.64297 ], [ -9.14376, 38.64209 ], [ -9.14467, 38.64472 ], [ -9.14434, 38.64522 ], [ -9.14317, 38.64555 ], [ -9.14351, 38.64589 ], [ -9.14058, 38.64669 ], [ -9.14183, 38.64542 ], [ -9.13474, 38.64331 ], [ -9.13444, 38.64591 ], [ -9.13276, 38.64522 ], [ -9.13525, 38.64703 ], [ -9.13523, 38.64781 ], [ -9.13423, 38.64739 ], [ -9.1353, 38.64828 ], [ -9.13352, 38.64868 ], [ -9.13571, 38.64951 ], [ -9.13327, 38.6489 ], [ -9.13166, 38.65108 ], [ -9.12687, 38.65021 ], [ -9.13257, 38.65232 ], [ -9.13377, 38.65156 ], [ -9.13342, 38.65278 ], [ -9.13486, 38.65146 ], [ -9.1345, 38.65276 ], [ -9.13206, 38.65445 ], [ -9.12657, 38.65386 ], [ -9.11887, 38.64634 ], [ -9.12004, 38.64773 ], [ -9.1164, 38.64816 ], [ -9.11948, 38.64736 ], [ -9.11723, 38.647 ], [ -9.11782, 38.6456 ], [ -9.1131, 38.64511 ], [ -9.11456, 38.64448 ], [ -9.11083, 38.64482 ], [ -9.11224, 38.64647 ], [ -9.11143, 38.64788 ], [ -9.11066, 38.64509 ], [ -9.10791, 38.64847 ], [ -9.10825, 38.64692 ], [ -9.10545, 38.64809 ], [ -9.10705, 38.64687 ], [ -9.1033, 38.64907 ], [ -9.10049, 38.64862 ], [ -9.10339, 38.65128 ], [ -9.12319, 38.65351 ], [ -9.13843, 38.65957 ], [ -9.13891, 38.66307 ], [ -9.14112, 38.66548 ], [ -9.14132, 38.67107 ], [ -9.14203, 38.66552 ], [ -9.14714, 38.66641 ], [ -9.14609, 38.66792 ], [ -9.14832, 38.66822 ], [ -9.14558, 38.66941 ], [ -9.14838, 38.6683 ], [ -9.14921, 38.66948 ], [ -9.14693, 38.67048 ], [ -9.14926, 38.66956 ], [ -9.14987, 38.67043 ], [ -9.14805, 38.67122 ], [ -9.14993, 38.6705 ], [ -9.15102, 38.67204 ], [ -9.14605, 38.67304 ], [ -9.14977, 38.67328 ], [ -9.142, 38.67991 ], [ -9.14533, 38.68048 ], [ -9.15032, 38.67522 ], [ -9.14587, 38.68076 ], [ -9.14812, 38.67894 ], [ -9.14457, 38.68488 ], [ -9.14481, 38.68502 ], [ -9.14755, 38.68075 ], [ -9.14856, 38.68116 ], [ -9.14583, 38.68531 ], [ -9.14617, 38.68825 ], [ -9.15183, 38.68778 ], [ -9.16443, 38.68263 ], [ -9.17902, 38.67916 ], [ -9.19784, 38.67792 ], [ -9.20287, 38.67889 ], [ -9.20772, 38.67699 ], [ -9.23423, 38.6735 ], [ -9.23795, 38.67491 ], [ -9.23526, 38.6761 ], [ -9.23819, 38.67605 ], [ -9.23812, 38.67491 ], [ -9.24194, 38.67406 ], [ -9.24677, 38.66764 ], [ -9.25122, 38.67251 ], [ -9.24769, 38.66759 ], [ -9.25004, 38.6656 ], [ -9.2554, 38.66492 ], [ -9.25443, 38.66601 ], [ -9.2576, 38.66524 ], [ -9.25866, 38.663 ], [ -9.26352, 38.66262 ], [ -9.25982, 38.6625 ], [ -9.25867, 38.66053 ], [ -9.25977, 38.65996 ], [ -9.2575, 38.66087 ], [ -9.24819, 38.65348 ], [ -9.24768, 38.65094 ], [ -9.2449, 38.64874 ], [ -9.24692, 38.64776 ], [ -9.24496, 38.64858 ], [ -9.24155, 38.64401 ], [ -9.24301, 38.6427 ], [ -9.24094, 38.64346 ], [ -9.23932, 38.64019 ], [ -9.23785, 38.64053 ], [ -9.2368, 38.63904 ], [ -9.23796, 38.63801 ], [ -9.23626, 38.63834 ], [ -9.23532, 38.63577 ], [ -9.23185, 38.63369 ], [ -9.21661, 38.61336 ], [ -9.19, 38.55726 ], [ -9.1832, 38.5299 ], [ -9.18394, 38.4934 ], [ -9.18753, 38.47668 ], [ -9.19381, 38.46191 ], [ -9.19866, 38.45682 ], [ -9.19916, 38.45343 ], [ -9.20179, 38.45224 ], [ -9.20164, 38.4503 ], [ -9.20586, 38.44883 ], [ -9.20754, 38.44364 ], [ -9.21072, 38.44046 ], [ -9.20984, 38.43713 ], [ -9.21802, 38.42737 ], [ -9.2149, 38.42309 ], [ -9.21842, 38.42186 ], [ -9.21753, 38.41843 ], [ -9.2209, 38.41695 ], [ -9.21959, 38.41695 ], [ -9.22075, 38.41609 ], [ -9.21961, 38.41485 ], [ -9.22297, 38.41387 ], [ -9.1965, 38.40942 ], [ -9.18923, 38.41337 ], [ -9.1896, 38.41588 ], [ -9.18698, 38.41886 ], [ -9.18124, 38.42074 ], [ -9.1753, 38.42636 ], [ -9.17177, 38.42655 ], [ -9.16888, 38.42971 ], [ -9.15797, 38.43116 ], [ -9.13411, 38.42918 ], [ -9.13029, 38.43267 ], [ -9.12566, 38.43209 ], [ -9.11345, 38.43461 ], [ -9.10727, 38.43849 ], [ -9.11423, 38.4347 ], [ -9.11509, 38.43584 ], [ -9.11202, 38.43811 ], [ -9.11508, 38.43607 ], [ -9.1139, 38.43834 ], [ -9.11538, 38.43833 ], [ -9.11541, 38.43998 ], [ -9.11039, 38.43974 ], [ -9.1112, 38.4413 ], [ -9.10752, 38.44244 ], [ -9.09669, 38.44164 ], [ -9.08268, 38.43648 ], [ -9.0642, 38.43478 ], [ -9.06164, 38.44057 ], [ -9.05432, 38.44097 ], [ -9.05371, 38.43974 ], [ -9.04462, 38.44387 ], [ -9.04189, 38.44708 ], [ -9.03562, 38.44837 ], [ -9.02878, 38.44596 ], [ -9.01755, 38.45421 ], [ -9.00696, 38.45592 ], [ -8.99067, 38.46476 ], [ -8.98995, 38.46757 ], [ -8.98263, 38.47364 ], [ -8.98423, 38.47623 ], [ -8.98113, 38.47906 ], [ -8.96948, 38.48038 ], [ -8.96909, 38.48319 ], [ -8.96621, 38.48421 ], [ -8.95386, 38.485 ], [ -8.94225, 38.48378 ], [ -8.94171, 38.4854 ], [ -8.93351, 38.48876 ], [ -8.93331, 38.4916 ], [ -8.92596, 38.50492 ], [ -8.92682, 38.50752 ], [ -8.92496, 38.50661 ], [ -8.91841, 38.51078 ], [ -8.91388, 38.51036 ], [ -8.90631, 38.51648 ], [ -8.89963, 38.51896 ], [ -8.90088, 38.51971 ], [ -8.89838, 38.52023 ], [ -8.8992, 38.51913 ], [ -8.89759, 38.51861 ], [ -8.90054, 38.51798 ], [ -8.89746, 38.51852 ], [ -8.89271, 38.5207 ], [ -8.88591, 38.52042 ], [ -8.88759, 38.52077 ], [ -8.88702, 38.52176 ], [ -8.87701, 38.51804 ], [ -8.87605, 38.51584 ], [ -8.86306, 38.50979 ], [ -8.85706, 38.50781 ], [ -8.85452, 38.51026 ], [ -8.85146, 38.50751 ], [ -8.84898, 38.50828 ], [ -8.84992, 38.50682 ], [ -8.84799, 38.50546 ], [ -8.84607, 38.5066 ], [ -8.84772, 38.50527 ], [ -8.844, 38.50351 ], [ -8.84208, 38.50006 ], [ -8.8316, 38.49303 ], [ -8.82602, 38.49069 ], [ -8.82377, 38.49174 ], [ -8.82104, 38.48788 ], [ -8.81944, 38.48745 ], [ -8.81688, 38.49024 ], [ -8.81255, 38.48898 ], [ -8.81827, 38.4871 ], [ -8.81755, 38.48669 ], [ -8.81457, 38.48788 ], [ -8.81379, 38.48732 ], [ -8.8136, 38.48534 ], [ -8.81559, 38.48516 ], [ -8.81509, 38.48209 ], [ -8.81115, 38.4828 ], [ -8.81414, 38.48302 ], [ -8.81333, 38.48465 ], [ -8.81088, 38.48454 ], [ -8.80913, 38.48241 ], [ -8.80873, 38.48777 ], [ -8.80864, 38.48172 ], [ -8.81013, 38.47795 ], [ -8.80874, 38.47566 ], [ -8.80642, 38.47574 ], [ -8.80557, 38.48036 ], [ -8.80596, 38.4808 ], [ -8.80625, 38.48089 ], [ -8.80767, 38.48083 ], [ -8.80822, 38.48152 ], [ -8.80834, 38.4878 ], [ -8.79435, 38.48705 ], [ -8.79311, 38.48597 ], [ -8.79384, 38.48338 ], [ -8.79849, 38.48322 ], [ -8.802, 38.48083 ], [ -8.80311, 38.47634 ], [ -8.80114, 38.47238 ], [ -8.79858, 38.47227 ], [ -8.7979, 38.47417 ], [ -8.79769, 38.47125 ], [ -8.79748, 38.47238 ], [ -8.79134, 38.47243 ], [ -8.79108, 38.47073 ], [ -8.7911, 38.47243 ], [ -8.78925, 38.47124 ], [ -8.7884, 38.47509 ], [ -8.78765, 38.47249 ], [ -8.78606, 38.47257 ], [ -8.78568, 38.47905 ], [ -8.78549, 38.47275 ], [ -8.77641, 38.47234 ], [ -8.77545, 38.47714 ], [ -8.77826, 38.47884 ], [ -8.77976, 38.47726 ], [ -8.78315, 38.47962 ], [ -8.78542, 38.48759 ], [ -8.78186, 38.48952 ], [ -8.78542, 38.48998 ], [ -8.78018, 38.49169 ], [ -8.78076, 38.49036 ], [ -8.7785, 38.49072 ], [ -8.77793, 38.47961 ], [ -8.77696, 38.48534 ], [ -8.7781, 38.49085 ], [ -8.77996, 38.49245 ], [ -8.77738, 38.49317 ], [ -8.77394, 38.49161 ], [ -8.76855, 38.49508 ], [ -8.76954, 38.49684 ], [ -8.77233, 38.49617 ], [ -8.77266, 38.49773 ], [ -8.7701, 38.49778 ], [ -8.77132, 38.50173 ], [ -8.7697, 38.50267 ], [ -8.76917, 38.49989 ], [ -8.7655, 38.49782 ], [ -8.76389, 38.5018 ], [ -8.75865, 38.49746 ], [ -8.75622, 38.4978 ], [ -8.75706, 38.49898 ], [ -8.76939, 38.50641 ], [ -8.78493, 38.50889 ], [ -8.78428, 38.50793 ], [ -8.78687, 38.50655 ], [ -8.78726, 38.50877 ], [ -8.79598, 38.50453 ], [ -8.80508, 38.50441 ], [ -8.80547, 38.50629 ], [ -8.80765, 38.50581 ], [ -8.80684, 38.50657 ], [ -8.81263, 38.50875 ], [ -8.81923, 38.50789 ], [ -8.82707, 38.51077 ], [ -8.82363, 38.51032 ], [ -8.82298, 38.51182 ], [ -8.81826, 38.50936 ], [ -8.81759, 38.51186 ], [ -8.81207, 38.51017 ], [ -8.81074, 38.51155 ], [ -8.81189, 38.51259 ], [ -8.8143, 38.51216 ], [ -8.82154, 38.5145 ], [ -8.82102, 38.51469 ], [ -8.81823, 38.51407 ], [ -8.81771, 38.51428 ], [ -8.82112, 38.51744 ], [ -8.81696, 38.51614 ], [ -8.81701, 38.51393 ], [ -8.81556, 38.51359 ], [ -8.81437, 38.51252 ], [ -8.81234, 38.51312 ], [ -8.81046, 38.51239 ], [ -8.80641, 38.50831 ], [ -8.80453, 38.50876 ], [ -8.80729, 38.51032 ], [ -8.80585, 38.5099 ], [ -8.80416, 38.50895 ], [ -8.79998, 38.50967 ], [ -8.80632, 38.51171 ], [ -8.80389, 38.51161 ], [ -8.80089, 38.51093 ], [ -8.80333, 38.51309 ], [ -8.80757, 38.51419 ], [ -8.80919, 38.51347 ], [ -8.81237, 38.51422 ], [ -8.80967, 38.51386 ], [ -8.80971, 38.51546 ], [ -8.80861, 38.51503 ], [ -8.8085, 38.51406 ], [ -8.80588, 38.51462 ], [ -8.80158, 38.51421 ], [ -8.79783, 38.51035 ], [ -8.79294, 38.51179 ], [ -8.79725, 38.51539 ], [ -8.80355, 38.51477 ], [ -8.80712, 38.51606 ], [ -8.80568, 38.5161 ], [ -8.80589, 38.51787 ], [ -8.80359, 38.51518 ], [ -8.79587, 38.51617 ], [ -8.79438, 38.51946 ], [ -8.79224, 38.51563 ], [ -8.78854, 38.51593 ], [ -8.79148, 38.51823 ], [ -8.78755, 38.51886 ], [ -8.78346, 38.51736 ], [ -8.7852, 38.51927 ], [ -8.79332, 38.52172 ], [ -8.79456, 38.52369 ], [ -8.7971, 38.52356 ], [ -8.79633, 38.52479 ], [ -8.79769, 38.52416 ], [ -8.80495, 38.52863 ], [ -8.80486, 38.52877 ], [ -8.80389, 38.52893 ], [ -8.80194, 38.52878 ], [ -8.8006, 38.53002 ], [ -8.80273, 38.53088 ], [ -8.80239, 38.53215 ], [ -8.80497, 38.53297 ], [ -8.80426, 38.53092 ], [ -8.80673, 38.53117 ], [ -8.80487, 38.53171 ], [ -8.80516, 38.53195 ], [ -8.80527, 38.53311 ], [ -8.80576, 38.53327 ], [ -8.80479, 38.53436 ], [ -8.80036, 38.53248 ], [ -8.79939, 38.53521 ], [ -8.80052, 38.5365 ], [ -8.79923, 38.53717 ], [ -8.79929, 38.53432 ], [ -8.79798, 38.53377 ], [ -8.79357, 38.53732 ], [ -8.79486, 38.54025 ], [ -8.79887, 38.53968 ], [ -8.79579, 38.54066 ], [ -8.79157, 38.54089 ], [ -8.79079, 38.5388 ], [ -8.78859, 38.54138 ], [ -8.79677, 38.54397 ], [ -8.79978, 38.54381 ], [ -8.80048, 38.54228 ], [ -8.80093, 38.54604 ], [ -8.80271, 38.54726 ], [ -8.80392, 38.54625 ], [ -8.8065, 38.54707 ], [ -8.80598, 38.54584 ], [ -8.80639, 38.54608 ], [ -8.80676, 38.54662 ], [ -8.8068, 38.54817 ], [ -8.81072, 38.54874 ], [ -8.80787, 38.54907 ], [ -8.80367, 38.54699 ], [ -8.803, 38.54827 ], [ -8.80127, 38.54667 ], [ -8.79946, 38.55006 ], [ -8.80122, 38.55187 ], [ -8.80437, 38.55207 ], [ -8.80406, 38.55243 ], [ -8.80201, 38.5521 ], [ -8.80143, 38.5525 ], [ -8.79767, 38.55034 ], [ -8.7997, 38.54849 ], [ -8.79857, 38.5446 ], [ -8.78912, 38.54305 ], [ -8.78915, 38.5447 ], [ -8.78655, 38.5444 ], [ -8.78749, 38.54584 ], [ -8.78617, 38.5444 ], [ -8.78705, 38.54383 ], [ -8.78907, 38.54446 ], [ -8.78803, 38.54406 ], [ -8.78823, 38.54276 ], [ -8.7823, 38.53955 ], [ -8.78232, 38.54153 ], [ -8.77711, 38.54055 ], [ -8.77452, 38.54233 ], [ -8.77676, 38.53986 ], [ -8.77933, 38.5409 ], [ -8.77922, 38.5389 ], [ -8.78273, 38.53797 ], [ -8.77996, 38.53283 ], [ -8.7718, 38.53397 ], [ -8.75914, 38.53984 ], [ -8.75768, 38.54247 ], [ -8.76037, 38.5439 ], [ -8.75647, 38.54433 ], [ -8.75835, 38.5466 ], [ -8.75798, 38.54881 ], [ -8.75637, 38.54822 ], [ -8.75712, 38.54606 ], [ -8.75549, 38.54587 ], [ -8.75269, 38.54926 ], [ -8.74812, 38.55043 ], [ -8.74918, 38.55398 ], [ -8.75164, 38.55555 ], [ -8.75101, 38.557 ], [ -8.74838, 38.5569 ], [ -8.75189, 38.55886 ], [ -8.74787, 38.55809 ], [ -8.74555, 38.55682 ], [ -8.75021, 38.56438 ], [ -8.74728, 38.56256 ], [ -8.74512, 38.56474 ], [ -8.74127, 38.56506 ], [ -8.74125, 38.567 ], [ -8.73594, 38.56974 ], [ -8.73376, 38.56795 ], [ -8.73648, 38.56686 ], [ -8.73763, 38.56222 ], [ -8.74158, 38.56077 ], [ -8.74006, 38.55872 ], [ -8.74019, 38.55161 ], [ -8.73517, 38.54751 ], [ -8.73944, 38.53937 ], [ -8.74192, 38.53763 ], [ -8.73794, 38.52204 ], [ -8.7324, 38.51833 ], [ -8.7255, 38.51768 ], [ -8.72173, 38.51971 ], [ -8.71694, 38.51418 ], [ -8.71303, 38.51755 ], [ -8.70858, 38.51754 ], [ -8.70834, 38.51918 ], [ -8.70646, 38.51657 ], [ -8.71146, 38.51642 ], [ -8.7159, 38.51223 ], [ -8.7255, 38.51442 ], [ -8.72792, 38.51356 ], [ -8.72851, 38.5081 ], [ -8.72243, 38.4842 ], [ -8.72181, 38.46564 ], [ -8.72329, 38.46587 ], [ -8.72043, 38.45478 ], [ -8.7216, 38.44809 ], [ -8.72028, 38.44509 ], [ -8.72268, 38.44259 ], [ -8.72172, 38.4414 ], [ -8.71652, 38.43904 ], [ -8.71265, 38.44141 ], [ -8.71356, 38.44248 ], [ -8.71164, 38.4439 ], [ -8.69919, 38.44257 ], [ -8.68856, 38.43488 ], [ -8.67839, 38.4236 ], [ -8.65688, 38.40927 ], [ -8.65199, 38.40795 ], [ -8.63422, 38.4086 ], [ -8.6177, 38.4116 ], [ -8.59069, 38.41001 ], [ -8.57861, 38.41153 ], [ -8.56275, 38.4161 ], [ -8.55523, 38.41517 ], [ -8.54537, 38.41009 ], [ -8.54135, 38.40511 ], [ -8.5437, 38.38415 ], [ -8.54098, 38.37479 ], [ -8.53539, 38.3703 ], [ -8.52462, 38.36761 ], [ -8.53457, 38.36845 ], [ -8.54438, 38.3756 ], [ -8.54747, 38.38736 ], [ -8.54584, 38.39765 ], [ -8.54681, 38.40478 ], [ -8.55028, 38.40821 ], [ -8.55891, 38.41223 ], [ -8.56509, 38.41253 ], [ -8.57636, 38.40782 ], [ -8.5834, 38.40669 ], [ -8.60017, 38.40589 ], [ -8.61929, 38.40764 ], [ -8.63708, 38.40211 ], [ -8.64685, 38.40239 ], [ -8.64798, 38.40078 ], [ -8.64814, 38.40101 ], [ -8.64764, 38.40183 ], [ -8.64805, 38.4024 ], [ -8.67778, 38.41191 ], [ -8.68141, 38.41167 ], [ -8.68215, 38.41032 ], [ -8.68876, 38.41161 ], [ -8.69351, 38.41521 ], [ -8.69856, 38.41416 ], [ -8.70046, 38.41568 ], [ -8.69876, 38.418 ], [ -8.71706, 38.41728 ], [ -8.72945, 38.42002 ], [ -8.74708, 38.41821 ], [ -8.75359, 38.41305 ], [ -8.75878, 38.41216 ], [ -8.76102, 38.4091 ], [ -8.75953, 38.4082 ], [ -8.76826, 38.40654 ], [ -8.77059, 38.41063 ], [ -8.77407, 38.40847 ], [ -8.77708, 38.41074 ], [ -8.7772, 38.41487 ], [ -8.77518, 38.41579 ], [ -8.77668, 38.41981 ], [ -8.78524, 38.42313 ], [ -8.78799, 38.42097 ], [ -8.79218, 38.42725 ], [ -8.79125, 38.42941 ], [ -8.79869, 38.43516 ], [ -8.79801, 38.4407 ], [ -8.80252, 38.44187 ], [ -8.806, 38.43892 ], [ -8.80827, 38.43203 ], [ -8.80786, 38.42848 ], [ -8.79759, 38.42665 ], [ -8.7939, 38.4221 ], [ -8.79958, 38.41874 ], [ -8.79044, 38.41814 ], [ -8.7866, 38.41444 ], [ -8.78857, 38.41068 ], [ -8.78616, 38.40844 ], [ -8.79208, 38.40746 ], [ -8.79284, 38.4029 ], [ -8.79484, 38.40185 ], [ -8.79258, 38.39976 ], [ -8.79418, 38.39662 ], [ -8.79171, 38.39412 ], [ -8.79244, 38.3928 ], [ -8.79262, 38.39258 ], [ -8.79339, 38.39241 ], [ -8.79558, 38.3936 ], [ -8.79601, 38.39616 ], [ -8.79875, 38.39349 ], [ -8.79822, 38.39034 ], [ -8.79414, 38.38583 ], [ -8.79089, 38.38619 ], [ -8.79151, 38.38417 ], [ -8.78885, 38.38189 ], [ -8.79347, 38.38185 ], [ -8.79325, 38.38391 ], [ -8.7968, 38.38336 ], [ -8.80459, 38.39899 ], [ -8.80432, 38.40219 ], [ -8.80591, 38.40305 ], [ -8.80691, 38.40731 ], [ -8.81569, 38.41786 ], [ -8.81912, 38.41966 ], [ -8.83244, 38.44741 ], [ -8.82416, 38.44296 ], [ -8.82622, 38.44433 ], [ -8.82502, 38.44442 ], [ -8.8354, 38.45023 ], [ -8.83427, 38.45035 ], [ -8.85125, 38.4565 ], [ -8.86772, 38.47016 ], [ -8.87107, 38.47587 ], [ -8.87819, 38.48096 ], [ -8.87908, 38.48431 ], [ -8.88635, 38.48728 ], [ -8.88727, 38.48637 ], [ -8.88193, 38.48244 ], [ -8.88424, 38.47828 ], [ -8.8823, 38.47936 ], [ -8.87958, 38.4747 ], [ -8.88162, 38.47186 ], [ -8.88326, 38.47196 ], [ -8.88387, 38.47526 ], [ -8.88818, 38.48096 ], [ -8.88784, 38.48263 ], [ -8.88528, 38.48269 ], [ -8.89178, 38.48447 ], [ -8.8974, 38.49063 ], [ -8.8922, 38.48909 ], [ -8.88903, 38.48443 ], [ -8.88952, 38.49075 ], [ -8.90077, 38.49482 ], [ -8.90117, 38.49481 ], [ -8.90096, 38.49449 ], [ -8.90152, 38.49442 ], [ -8.90094, 38.49335 ], [ -8.90373, 38.49424 ], [ -8.91158, 38.49029 ], [ -8.90822, 38.48421 ], [ -8.90348, 38.48123 ], [ -8.90018, 38.47662 ], [ -8.88821, 38.4704 ], [ -8.87793, 38.46171 ], [ -8.86517, 38.45398 ], [ -8.83557, 38.43021 ], [ -8.81976, 38.41059 ], [ -8.80222, 38.37717 ], [ -8.7883, 38.34042 ], [ -8.78347, 38.32037 ], [ -8.77677, 38.27207 ], [ -8.77573, 38.22301 ], [ -8.78037, 38.18324 ], [ -8.78952, 38.14521 ], [ -8.80112, 38.10832 ], [ -8.82169, 38.05685 ], [ -8.84721, 38.00659 ], [ -8.87063, 37.97108 ], [ -8.87372, 37.96809 ], [ -8.87874, 37.96822 ], [ -8.87838, 37.96676 ], [ -8.88089, 37.96457 ], [ -8.8838, 37.96528 ], [ -8.88261, 37.96382 ], [ -8.88683, 37.96064 ], [ -8.88836, 37.95756 ], [ -8.8871, 37.95377 ], [ -8.89014, 37.9498 ], [ -8.8886, 37.94083 ], [ -8.88906, 37.94941 ], [ -8.88787, 37.95196 ], [ -8.8794, 37.94898 ], [ -8.87379, 37.95137 ], [ -8.86981, 37.95086 ], [ -8.87292, 37.95186 ], [ -8.8714, 37.95378 ], [ -8.86573, 37.9534 ], [ -8.86414, 37.95006 ], [ -8.86751, 37.9505 ], [ -8.86573, 37.94912 ], [ -8.86402, 37.94958 ], [ -8.8602, 37.94555 ], [ -8.86074, 37.94723 ], [ -8.85782, 37.9469 ], [ -8.85854, 37.94543 ], [ -8.85464, 37.94054 ], [ -8.85664, 37.93875 ], [ -8.85947, 37.93959 ], [ -8.85279, 37.93582 ], [ -8.85691, 37.93353 ], [ -8.86631, 37.93852 ], [ -8.84764, 37.92566 ], [ -8.84125, 37.91639 ], [ -8.84699, 37.92603 ], [ -8.85548, 37.93238 ], [ -8.85007, 37.93801 ], [ -8.84766, 37.93682 ], [ -8.8501, 37.93477 ], [ -8.83965, 37.92852 ], [ -8.84042, 37.93029 ], [ -8.83906, 37.93169 ], [ -8.84303, 37.93414 ], [ -8.83912, 37.93767 ], [ -8.81652, 37.93168 ], [ -8.81343, 37.92993 ], [ -8.81349, 37.92815 ], [ -8.81278, 37.92979 ], [ -8.80988, 37.92979 ], [ -8.81064, 37.92859 ], [ -8.81302, 37.92895 ], [ -8.80946, 37.92744 ], [ -8.81115, 37.9253 ], [ -8.80958, 37.92683 ], [ -8.81073, 37.92506 ], [ -8.80918, 37.92668 ], [ -8.81033, 37.9249 ], [ -8.80894, 37.92629 ], [ -8.80771, 37.92502 ], [ -8.80286, 37.91159 ], [ -8.80027, 37.90946 ], [ -8.79894, 37.89697 ], [ -8.79698, 37.89483 ], [ -8.79569, 37.8853 ], [ -8.79666, 37.879 ], [ -8.79284, 37.86549 ], [ -8.79502, 37.86412 ], [ -8.79367, 37.86354 ], [ -8.79537, 37.8606 ], [ -8.79415, 37.85706 ], [ -8.79536, 37.856 ], [ -8.79401, 37.85506 ], [ -8.79774, 37.85196 ], [ -8.79552, 37.85165 ], [ -8.79634, 37.84909 ], [ -8.7918, 37.84976 ], [ -8.79533, 37.8463 ], [ -8.7928, 37.84609 ], [ -8.79338, 37.84232 ], [ -8.79036, 37.83806 ], [ -8.79308, 37.83316 ], [ -8.79186, 37.82803 ], [ -8.794, 37.81538 ], [ -8.80175, 37.79552 ], [ -8.80278, 37.77796 ], [ -8.80696, 37.77604 ], [ -8.80717, 37.77244 ], [ -8.80468, 37.77024 ], [ -8.80665, 37.77017 ], [ -8.80449, 37.76873 ], [ -8.80754, 37.76429 ], [ -8.80634, 37.75958 ], [ -8.80847, 37.75791 ], [ -8.8078, 37.75253 ], [ -8.81013, 37.75144 ], [ -8.80973, 37.74969 ], [ -8.81251, 37.74888 ], [ -8.81084, 37.74798 ], [ -8.81208, 37.74436 ], [ -8.81013, 37.74173 ], [ -8.79787, 37.73664 ], [ -8.8015, 37.73698 ], [ -8.79713, 37.73639 ], [ -8.79707, 37.73182 ], [ -8.79214, 37.72361 ], [ -8.79335, 37.72016 ], [ -8.78782, 37.71778 ], [ -8.78688, 37.71413 ], [ -8.79033, 37.71066 ], [ -8.79217, 37.70561 ], [ -8.79592, 37.70413 ], [ -8.79436, 37.70184 ], [ -8.79507, 37.69895 ], [ -8.79222, 37.69765 ], [ -8.79308, 37.69517 ], [ -8.79193, 37.6943 ], [ -8.79393, 37.69083 ], [ -8.79373, 37.68586 ], [ -8.79615, 37.68424 ], [ -8.79514, 37.68132 ], [ -8.79703, 37.67956 ], [ -8.79552, 37.67658 ], [ -8.79813, 37.66867 ], [ -8.80162, 37.6644 ], [ -8.80107, 37.66217 ], [ -8.80278, 37.66167 ], [ -8.80058, 37.65772 ], [ -8.803, 37.64957 ], [ -8.80603, 37.64883 ], [ -8.80746, 37.63829 ], [ -8.80915, 37.63446 ], [ -8.81051, 37.63516 ], [ -8.80899, 37.63312 ], [ -8.80947, 37.63079 ], [ -8.81178, 37.63029 ], [ -8.80929, 37.62404 ], [ -8.81127, 37.62278 ], [ -8.80996, 37.62071 ], [ -8.81278, 37.61823 ], [ -8.81134, 37.61633 ], [ -8.8118, 37.61 ], [ -8.81549, 37.60765 ], [ -8.81523, 37.60602 ], [ -8.81739, 37.60717 ], [ -8.81514, 37.60319 ], [ -8.81719, 37.60147 ], [ -8.81875, 37.60269 ], [ -8.81737, 37.59934 ], [ -8.81953, 37.59933 ], [ -8.81659, 37.59596 ], [ -8.81772, 37.59519 ], [ -8.81658, 37.59203 ], [ -8.81303, 37.58895 ], [ -8.81393, 37.58752 ], [ -8.81231, 37.58746 ], [ -8.81081, 37.58479 ], [ -8.81351, 37.5844 ], [ -8.81292, 37.58197 ], [ -8.81173, 37.58215 ], [ -8.81242, 37.58087 ], [ -8.8031, 37.57561 ], [ -8.80473, 37.57397 ], [ -8.80074, 37.57006 ], [ -8.80178, 37.56902 ], [ -8.80068, 37.56691 ], [ -8.79668, 37.56656 ], [ -8.79794, 37.56379 ], [ -8.79522, 37.56148 ], [ -8.79591, 37.56035 ], [ -8.79176, 37.5589 ], [ -8.79462, 37.5581 ], [ -8.79372, 37.55619 ], [ -8.79557, 37.5562 ], [ -8.79535, 37.55476 ], [ -8.79199, 37.55157 ], [ -8.79421, 37.55011 ], [ -8.79001, 37.54591 ], [ -8.79092, 37.5436 ], [ -8.78884, 37.54305 ], [ -8.78874, 37.53772 ], [ -8.78633, 37.53613 ], [ -8.78564, 37.53161 ], [ -8.78665, 37.52942 ], [ -8.79074, 37.52776 ], [ -8.78822, 37.52706 ], [ -8.78882, 37.52508 ], [ -8.78656, 37.52393 ], [ -8.78684, 37.5219 ], [ -8.79068, 37.52145 ], [ -8.78749, 37.51816 ], [ -8.79049, 37.51702 ], [ -8.78996, 37.51422 ], [ -8.7949, 37.51044 ], [ -8.7909, 37.5066 ], [ -8.79156, 37.50394 ], [ -8.79408, 37.50295 ], [ -8.79212, 37.50092 ], [ -8.79602, 37.50107 ], [ -8.79486, 37.49835 ], [ -8.79683, 37.49869 ], [ -8.79386, 37.49206 ], [ -8.79587, 37.49061 ], [ -8.79905, 37.49146 ], [ -8.79563, 37.48905 ], [ -8.79484, 37.48576 ], [ -8.79638, 37.48468 ], [ -8.79449, 37.48258 ], [ -8.79741, 37.47952 ], [ -8.80012, 37.47966 ], [ -8.79781, 37.47735 ], [ -8.79952, 37.47702 ], [ -8.79823, 37.47342 ], [ -8.80139, 37.47417 ], [ -8.79834, 37.46873 ], [ -8.80012, 37.46717 ], [ -8.79694, 37.46424 ], [ -8.79996, 37.46339 ], [ -8.79911, 37.46204 ], [ -8.80076, 37.46146 ], [ -8.79847, 37.46007 ], [ -8.79808, 37.45751 ], [ -8.80071, 37.45449 ], [ -8.7995, 37.45173 ], [ -8.80155, 37.45158 ], [ -8.80001, 37.44712 ], [ -8.8023, 37.44689 ], [ -8.80042, 37.44403 ], [ -8.79791, 37.44423 ], [ -8.79972, 37.44297 ], [ -8.79632, 37.44295 ], [ -8.80356, 37.43701 ], [ -8.80509, 37.4377 ], [ -8.80394, 37.43589 ], [ -8.80595, 37.43507 ], [ -8.80656, 37.43034 ], [ -8.80888, 37.43005 ], [ -8.80724, 37.42662 ], [ -8.80879, 37.42669 ], [ -8.80857, 37.42472 ], [ -8.80695, 37.42296 ], [ -8.80862, 37.42 ], [ -8.80719, 37.4185 ], [ -8.80924, 37.41831 ], [ -8.80839, 37.41396 ], [ -8.81249, 37.40669 ], [ -8.81469, 37.40578 ], [ -8.81605, 37.39931 ], [ -8.8221, 37.39082 ], [ -8.82316, 37.38595 ], [ -8.82803, 37.38229 ], [ -8.82704, 37.38099 ], [ -8.82965, 37.37713 ], [ -8.83281, 37.3766 ], [ -8.83236, 37.37512 ], [ -8.8341, 37.37438 ], [ -8.83316, 37.3722 ], [ -8.83528, 37.3719 ], [ -8.83427, 37.37004 ], [ -8.8366, 37.3683 ], [ -8.84139, 37.35881 ], [ -8.8462, 37.35527 ], [ -8.84466, 37.35201 ], [ -8.84638, 37.34952 ], [ -8.84989, 37.34996 ], [ -8.85094, 37.34473 ], [ -8.85676, 37.3407 ], [ -8.85715, 37.33812 ], [ -8.86263, 37.33337 ], [ -8.86374, 37.32994 ], [ -8.87194, 37.32189 ], [ -8.87468, 37.32086 ], [ -8.87671, 37.32189 ], [ -8.87818, 37.3205 ], [ -8.87708, 37.31923 ], [ -8.87871, 37.31822 ], [ -8.87566, 37.31616 ], [ -8.87743, 37.31444 ], [ -8.87502, 37.31494 ], [ -8.87454, 37.31222 ], [ -8.87188, 37.31117 ], [ -8.87304, 37.30898 ], [ -8.87564, 37.30947 ], [ -8.8744, 37.30823 ], [ -8.87535, 37.30647 ], [ -8.87718, 37.30664 ], [ -8.87493, 37.30588 ], [ -8.87349, 37.30239 ], [ -8.87606, 37.3027 ], [ -8.87631, 37.30129 ], [ -8.87318, 37.30002 ], [ -8.87677, 37.29588 ], [ -8.87528, 37.2944 ], [ -8.86826, 37.29538 ], [ -8.86554, 37.29356 ], [ -8.86449, 37.28901 ], [ -8.86766, 37.28355 ], [ -8.86557, 37.28246 ], [ -8.86637, 37.27768 ], [ -8.86284, 37.27598 ], [ -8.86094, 37.27299 ], [ -8.8604, 37.26839 ], [ -8.87044, 37.24568 ], [ -8.87922, 37.2333 ], [ -8.8851, 37.22094 ], [ -8.89602, 37.20609 ], [ -8.9042, 37.19818 ], [ -8.91131, 37.19906 ], [ -8.91473, 37.19673 ], [ -8.91787, 37.19702 ], [ -8.91818, 37.19526 ], [ -8.90928, 37.18938 ], [ -8.91112, 37.18813 ], [ -8.90995, 37.18706 ], [ -8.9128, 37.18558 ], [ -8.91236, 37.18319 ], [ -8.91368, 37.18319 ], [ -8.90887, 37.18042 ], [ -8.91062, 37.17489 ], [ -8.90807, 37.17479 ], [ -8.90849, 37.17281 ], [ -8.90314, 37.17025 ], [ -8.90374, 37.16458 ], [ -8.90665, 37.16036 ], [ -8.90943, 37.1596 ], [ -8.91078, 37.15664 ], [ -8.90926, 37.15459 ], [ -8.9142, 37.15228 ], [ -8.91324, 37.14949 ], [ -8.91559, 37.14695 ], [ -8.91743, 37.1473 ], [ -8.91668, 37.14528 ], [ -8.92011, 37.14498 ], [ -8.91794, 37.14195 ], [ -8.9195, 37.13736 ], [ -8.92507, 37.13338 ], [ -8.92663, 37.12686 ], [ -8.93826, 37.10821 ], [ -8.94647, 37.1025 ], [ -8.94524, 37.10189 ], [ -8.94827, 37.0979 ], [ -8.95148, 37.09842 ], [ -8.95368, 37.09744 ], [ -8.95365, 37.09463 ], [ -8.95852, 37.09412 ], [ -8.95735, 37.09119 ], [ -8.9599, 37.08951 ], [ -8.96132, 37.08238 ], [ -8.96375, 37.08147 ], [ -8.96102, 37.07877 ], [ -8.96084, 37.07389 ], [ -8.96321, 37.0719 ], [ -8.96238, 37.07023 ], [ -8.96625, 37.06746 ], [ -8.96879, 37.06873 ], [ -8.96838, 37.0649 ], [ -8.97379, 37.06117 ], [ -8.97405, 37.0591 ], [ -8.979, 37.05684 ], [ -8.98057, 37.05012 ], [ -8.98429, 37.04936 ], [ -8.97943, 37.04652 ], [ -8.97931, 37.04396 ], [ -8.98636, 37.03494 ], [ -8.99058, 37.03317 ], [ -8.98744, 37.03278 ], [ -8.98696, 37.03015 ], [ -8.98901, 37.03101 ], [ -8.99693, 37.02242 ], [ -8.99441, 37.02282 ], [ -8.99188, 37.02035 ], [ -8.98839, 37.02396 ], [ -8.98622, 37.01852 ], [ -8.98397, 37.02188 ], [ -8.98529, 37.02416 ], [ -8.9841, 37.02701 ], [ -8.98317, 37.02591 ], [ -8.98149, 37.02744 ], [ -8.98006, 37.02623 ], [ -8.97599, 37.02691 ], [ -8.97601, 37.02525 ], [ -8.9723, 37.02458 ], [ -8.96742, 37.02653 ], [ -8.9639, 37.02534 ], [ -8.96391, 37.02242 ], [ -8.95965, 37.02145 ], [ -8.96011, 37.01822 ], [ -8.95857, 37.01893 ], [ -8.95688, 37.01486 ], [ -8.95327, 37.01437 ], [ -8.95253, 37.00926 ], [ -8.94915, 37.00837 ], [ -8.94768, 37.00399 ], [ -8.95168, 36.99816 ], [ -8.95021, 36.9971 ], [ -8.95051, 36.99438 ], [ -8.94803, 36.9935 ], [ -8.94639, 36.99441 ], [ -8.94701, 37.00019 ], [ -8.94259, 37.00436 ], [ -8.93467, 37.0053 ], [ -8.93119, 37.00139 ], [ -8.92656, 37.00641 ], [ -8.9242, 37.01193 ], [ -8.93026, 37.01117 ], [ -8.92681, 37.01898 ], [ -8.92051, 37.02213 ], [ -8.91315, 37.02167 ], [ -8.90903, 37.02456 ], [ -8.90906, 37.02215 ], [ -8.90595, 37.02387 ], [ -8.90078, 37.03287 ], [ -8.89821, 37.0329 ], [ -8.8956, 37.03577 ], [ -8.8942, 37.04256 ], [ -8.89206, 37.0408 ], [ -8.89083, 37.04208 ], [ -8.88753, 37.04143 ], [ -8.88516, 37.04383 ], [ -8.88141, 37.04287 ], [ -8.87881, 37.04632 ], [ -8.87575, 37.0436 ], [ -8.87163, 37.0465 ], [ -8.86405, 37.04184 ], [ -8.85676, 37.04868 ], [ -8.85512, 37.05457 ], [ -8.84029, 37.06043 ], [ -8.82447, 37.06463 ], [ -8.80878, 37.06616 ], [ -8.79569, 37.06544 ], [ -8.79261, 37.06466 ], [ -8.79143, 37.06247 ], [ -8.78807, 37.06284 ], [ -8.78355, 37.06836 ], [ -8.77822, 37.06887 ], [ -8.77522, 37.07117 ], [ -8.75454, 37.07335 ], [ -8.7479, 37.07686 ], [ -8.74306, 37.07753 ], [ -8.73789, 37.08224 ], [ -8.72974, 37.08424 ], [ -8.72694, 37.08646 ], [ -8.71011, 37.08396 ], [ -8.6856, 37.08531 ], [ -8.6764, 37.08314 ], [ -8.67452, 37.08129 ], [ -8.6726, 37.08213 ], [ -8.6715, 37.08003 ], [ -8.66755, 37.07888 ], [ -8.66833, 37.08187 ], [ -8.66638, 37.08558 ], [ -8.66952, 37.09081 ], [ -8.66634, 37.09595 ], [ -8.66821, 37.09742 ], [ -8.66656, 37.09876 ], [ -8.66805, 37.09922 ], [ -8.66543, 37.09934 ], [ -8.66651, 37.10041 ], [ -8.66766, 37.10037 ], [ -8.66883, 37.10175 ], [ -8.65906, 37.11097 ], [ -8.64011, 37.11874 ], [ -8.62052, 37.12149 ], [ -8.61991, 37.11847 ], [ -8.61991, 37.12065 ], [ -8.61792, 37.11858 ], [ -8.61798, 37.12218 ], [ -8.60236, 37.12309 ], [ -8.58011, 37.11914 ], [ -8.56806, 37.116 ], [ -8.56675, 37.11421 ], [ -8.56602, 37.11811 ], [ -8.56231, 37.11978 ], [ -8.54364, 37.11733 ], [ -8.54302, 37.11617 ], [ -8.54206, 37.11797 ], [ -8.5339, 37.1174 ], [ -8.52951, 37.11574 ], [ -8.52967, 37.10872 ], [ -8.51985, 37.10997 ], [ -8.51892, 37.10733 ], [ -8.52058, 37.10663 ], [ -8.51941, 37.10517 ], [ -8.51648, 37.10608 ], [ -8.50414, 37.10057 ], [ -8.49441, 37.10133 ], [ -8.49354, 37.10001 ], [ -8.48223, 37.09905 ], [ -8.48214, 37.09759 ], [ -8.47915, 37.0984 ], [ -8.46585, 37.09245 ], [ -8.46032, 37.09329 ], [ -8.45998, 37.09174 ], [ -8.45457, 37.09091 ], [ -8.45046, 37.08772 ], [ -8.44261, 37.08589 ], [ -8.44058, 37.08772 ], [ -8.43951, 37.08586 ], [ -8.43676, 37.08533 ], [ -8.42248, 37.08749 ], [ -8.41881, 37.08626 ], [ -8.41409, 37.08943 ], [ -8.3965, 37.09044 ], [ -8.39397, 37.09301 ], [ -8.39093, 37.09249 ], [ -8.38983, 37.09562 ], [ -8.38635, 37.09532 ], [ -8.38642, 37.09665 ], [ -8.38088, 37.09865 ], [ -8.37798, 37.09807 ], [ -8.37756, 37.09978 ], [ -8.37112, 37.10165 ], [ -8.35995, 37.1006 ], [ -8.34232, 37.09484 ], [ -8.33071, 37.08932 ], [ -8.30901, 37.07514 ], [ -8.298, 37.07209 ], [ -8.29421, 37.07371 ], [ -8.28912, 37.07229 ], [ -8.28755, 37.07321 ], [ -8.28634, 37.07182 ], [ -8.28546, 37.07336 ], [ -8.27804, 37.07421 ], [ -8.27472, 37.07764 ], [ -8.25846, 37.08014 ], [ -8.25811, 37.08356 ], [ -8.25298, 37.08661 ], [ -8.24389, 37.08568 ], [ -8.23392, 37.08246 ], [ -8.22713, 37.08581 ], [ -8.21855, 37.08423 ], [ -8.21551, 37.08726 ], [ -8.20582, 37.08899 ], [ -8.19663, 37.08795 ], [ -8.18503, 37.09053 ], [ -8.17918, 37.08972 ], [ -8.12575, 37.07354 ], [ -8.12424, 37.06938 ], [ -8.12512, 37.0726 ], [ -8.12224, 37.07228 ], [ -8.12302, 37.07021 ], [ -8.12134, 37.07279 ], [ -8.12059, 37.07078 ], [ -8.11965, 37.07226 ], [ -8.11813, 37.07177 ], [ -8.11868, 37.07021 ], [ -8.11761, 37.07176 ], [ -8.11612, 37.07119 ], [ -8.11661, 37.06975 ], [ -8.11465, 37.07111 ], [ -8.11469, 37.06904 ], [ -8.11369, 37.07053 ], [ -8.11223, 37.06993 ], [ -8.11269, 37.06856 ], [ -8.11115, 37.07004 ], [ -8.11212, 37.06707 ], [ -8.11042, 37.06498 ], [ -8.11162, 37.06775 ], [ -8.1092, 37.06711 ], [ -8.10996, 37.06633 ], [ -8.10747, 37.06802 ], [ -8.09191, 37.06129 ], [ -8.09018, 37.06209 ], [ -8.00014, 37.01048 ], [ -7.96728, 36.98798 ], [ -7.94466, 36.97576 ], [ -7.9215, 36.96762 ], [ -7.8891, 36.95997 ], [ -7.8773, 36.96356 ], [ -7.87205, 36.96432 ], [ -7.8688, 36.96316 ], [ -7.86527, 36.97341 ], [ -7.8035, 37.00154 ], [ -7.79468, 37.0089 ], [ -7.79005, 37.01647 ], [ -7.7698, 37.029 ], [ -7.73129, 37.04991 ], [ -7.72876, 37.05322 ], [ -7.72151, 37.0549 ], [ -7.69725, 37.06882 ], [ -7.65841, 37.08736 ], [ -7.62725, 37.10621 ], [ -7.61587, 37.11149 ], [ -7.61708, 37.11471 ], [ -7.61557, 37.11559 ], [ -7.61787, 37.11553 ], [ -7.61569, 37.11841 ], [ -7.59378, 37.13184 ], [ -7.57469, 37.14068 ], [ -7.51202, 37.16523 ], [ -7.4698, 37.17535 ], [ -7.4531, 37.17681 ], [ -7.43749, 37.17596 ], [ -7.40318, 37.16845 ], [ -7.39978, 37.16318 ], [ -7.39487, 37.16619 ], [ -7.39512, 37.16105 ], [ -7.39701, 37.15763 ], [ -7.38627, 36.97473 ], [ -7.30635, 36.96803 ], [ -7.00644, 36.96841 ], [ -6.9743, 36.95981 ], [ -6.91163, 36.93739 ], [ -6.69287, 36.63087 ], [ -6.53261, 36.42798 ], [ -6.44222, 36.28736 ], [ -6.4277, 36.26755 ], [ -6.23256, 36.06006 ], [ -6.21095, 36.04009 ], [ -6.173, 36.01484 ], [ -6.08172, 35.97468 ], [ -6.05669, 35.95948 ], [ -5.88545, 35.96488 ], [ -5.66652, 35.93567 ], [ -5.62141, 35.94044 ], [ -5.4, 35.99654 ], [ -5.38667, 35.91989 ], [ -5.37695, 35.90526 ], [ -5.37768, 35.89566 ], [ -5.3749, 35.89381 ], [ -5.37541, 35.8891 ], [ -5.37271, 35.88342 ], [ -5.36823, 35.87977 ], [ -5.35992, 35.87757 ], [ -5.35972, 35.87573 ], [ -5.35609, 35.87317 ], [ -5.3518, 35.87314 ], [ -5.34977, 35.87564 ], [ -5.34796, 35.87225 ], [ -5.31368, 35.85844 ], [ -5.28151, 35.84757 ], [ -5.22655, 35.8342 ], [ -5.1746, 35.82996 ], [ -5.02132, 35.82576 ], [ -5.01951, 35.89682 ], [ -5.02341, 35.92321 ], [ -5.03152, 35.94897 ], [ -5.0437, 35.97364 ], [ -5.05974, 35.99681 ], [ -5.07938, 36.01807 ], [ -5.10653, 36.04301 ], [ -5.11191, 36.0472 ], [ -5.31165, 36.01268 ], [ -5.33777, 36.01152 ], [ -5.3914, 36.09902 ], [ -5.39663, 36.12638 ], [ -5.39605, 36.14749 ], [ -5.38458, 36.15483 ], [ -5.34534, 36.15503 ], [ -5.33865, 36.15282 ], [ -5.07486, 36.13601 ], [ -4.89681, 36.26605 ], [ -4.66457, 36.28875 ], [ -4.63272, 36.29525 ], [ -4.54574, 36.31935 ], [ -4.0425, 36.52384 ], [ -3.96515, 36.52435 ], [ -3.43715, 36.48903 ], [ -3.4068, 36.48847 ], [ -3.37405, 36.4912 ], [ -3.34202, 36.49734 ], [ -3.19175, 36.53717 ], [ -2.81181, 36.48104 ], [ -2.76259, 36.47836 ], [ -2.67794, 36.48125 ], [ -2.16071, 36.5176 ], [ -2.11071, 36.5242 ], [ -2.07911, 36.53168 ], [ -2.01193, 36.55245 ], [ -1.96892, 36.57201 ], [ -1.94322, 36.58866 ], [ -1.89102, 36.62706 ], [ -1.86542, 36.6486 ], [ -1.84589, 36.67002 ], [ -1.83513, 36.68516 ], [ -1.81109, 36.70531 ], [ -1.78816, 36.73059 ], [ -1.77223, 36.75388 ], [ -1.76393, 36.77002 ], [ -1.73695, 36.7873 ], [ -1.71404, 36.80646 ], [ -1.69443, 36.82786 ], [ -1.67775, 36.8499 ], [ -1.66368, 36.87396 ], [ -1.65815, 36.88649 ], [ -1.65019, 36.91229 ], [ -1.64709, 36.93261 ], [ -1.63684, 36.95417 ], [ -1.61799, 36.98088 ], [ -1.60588, 37.00562 ], [ -1.60106, 37.01932 ], [ -1.59552, 37.04366 ], [ -1.58252, 37.07825 ], [ -1.35456, 37.24667 ], [ -1.0456, 37.33724 ], [ -0.92168, 37.35001 ], [ -0.89438, 37.35041 ], [ -0.86142, 37.35415 ], [ -0.82817, 37.36155 ], [ -0.80165, 37.37043 ], [ -0.76538, 37.37426 ], [ -0.73161, 37.38178 ], [ -0.70094, 37.39216 ], [ -0.68384, 37.3997 ], [ -0.63058, 37.41311 ], [ -0.59001, 37.42878 ], [ -0.54962, 37.45221 ], [ -0.52445, 37.47237 ], [ -0.46621, 37.51382 ], [ -0.44436, 37.53391 ], [ -0.42597, 37.55609 ], [ -0.41818, 37.56785 ], [ -0.40556, 37.59246 ], [ -0.40079, 37.6052 ], [ -0.39445, 37.63129 ], [ -0.39244, 37.65481 ], [ -0.38917, 37.92125 ], [ -0.27172, 38.02676 ], [ -0.25136, 38.04791 ], [ -0.24253, 38.05922 ], [ -0.23465, 38.07097 ], [ -0.22189, 38.09556 ], [ -0.17765, 38.22759 ], [ 0.05856, 38.35748 ], [ 0.24219, 38.46899 ], [ 0.41936, 38.58659 ], [ 0.44179, 38.6065 ], [ 0.46073, 38.62853 ], [ 0.47585, 38.65231 ], [ 0.4869, 38.67744 ], [ 0.49367, 38.70348 ], [ 0.49605, 38.72999 ], [ 0.49474, 38.75135 ], [ 0.48773, 38.79732 ], [ 0.47909, 38.82302 ], [ 0.46623, 38.84762 ], [ 0.45288, 38.86643 ], [ 0.40375, 38.9261 ], [ 0.36902, 38.95526 ], [ 0.30862, 38.99204 ], [ 0.04711, 39.25422 ], [ 0.05439, 39.57995 ], [ 0.61382, 40.22741 ], [ 0.8858, 40.43151 ], [ 1.07497, 40.57555 ], [ 1.09656, 40.59406 ], [ 1.37769, 40.92239 ], [ 1.4594, 40.93484 ], [ 1.49274, 40.94298 ], [ 1.52784, 40.95575 ], [ 1.5671, 40.97597 ], [ 1.60084, 40.98157 ], [ 1.6231, 40.9816 ], [ 1.65793, 40.98461 ], [ 1.71635, 40.99707 ], [ 1.7929, 41.0072 ], [ 1.82632, 41.01525 ], [ 1.85853, 41.02672 ], [ 1.87822, 41.03132 ], [ 1.90112, 41.03355 ], [ 1.94767, 41.04206 ], [ 1.98037, 41.05171 ], [ 2.00162, 41.06023 ], [ 2.06293, 41.06445 ], [ 2.12692, 41.07589 ], [ 2.19554, 41.09448 ], [ 2.23558, 41.1081 ], [ 2.27106, 41.12489 ], [ 2.2959, 41.13881 ], [ 2.33309, 41.16594 ], [ 2.35634, 41.18757 ], [ 2.71652, 41.40867 ], [ 2.80404, 41.43626 ], [ 2.84752, 41.45235 ], [ 2.87929, 41.46081 ], [ 2.91045, 41.47169 ], [ 2.94043, 41.48573 ], [ 2.97571, 41.50859 ], [ 3.02784, 41.52205 ], [ 3.06251, 41.53537 ], [ 3.09255, 41.54938 ], [ 3.11992, 41.5662 ], [ 3.14626, 41.58602 ], [ 3.17446, 41.59746 ], [ 3.2069, 41.61478 ], [ 3.25598, 41.64836 ], [ 3.27921, 41.66959 ], [ 3.31666, 41.68922 ], [ 3.3632, 41.71812 ], [ 3.38756, 41.73743 ], [ 3.43662, 41.78499 ], [ 3.44558, 41.79646 ], [ 3.4604, 41.8206 ], [ 3.49248, 41.88857 ], [ 3.49718, 41.90138 ], [ 3.59972, 42.27735 ], [ 3.6037, 42.29651 ], [ 3.60512, 42.32305 ], [ 3.60186, 42.34949 ], [ 3.59397, 42.3754 ], [ 3.58158, 42.40031 ], [ 3.55833, 42.43533 ], [ 3.448, 42.43533 ], [ 3.44634, 42.46383 ], [ 3.43729, 42.49647 ], [ 3.43003, 42.51225 ], [ 3.40873, 42.54868 ], [ 3.40143, 42.5724 ], [ 3.39416, 42.5882 ], [ 3.37902, 42.61186 ], [ 3.36209, 42.63211 ], [ 3.33603, 42.65519 ], [ 3.31064, 42.67219 ], [ 3.31356, 42.69342 ], [ 3.31042, 42.76622 ], [ 3.31341, 42.78876 ], [ 3.3131, 42.8118 ], [ 3.32259, 42.84251 ], [ 3.32599, 42.87301 ], [ 3.33048, 42.89144 ], [ 3.33251, 42.90803 ], [ 3.33264, 42.92525 ], [ 3.32918, 42.95064 ], [ 3.33884, 42.97952 ], [ 3.36598, 43.00676 ], [ 3.3824, 43.02977 ], [ 3.40533, 43.0498 ], [ 3.43496, 43.06856 ], [ 3.46102, 43.06481 ], [ 3.49103, 43.06293 ], [ 3.54737, 43.06559 ], [ 3.59884, 43.07565 ], [ 3.63994, 43.08988 ], [ 3.67725, 43.1089 ], [ 3.6991, 43.12335 ], [ 3.72888, 43.14853 ], [ 3.7555, 43.1768 ], [ 3.78425, 43.20187 ], [ 3.82731, 43.21123 ], [ 3.84864, 43.21788 ], [ 3.88795, 43.23452 ], [ 3.90611, 43.2446 ], [ 3.93738, 43.26685 ], [ 3.97321, 43.28749 ], [ 3.99629, 43.30305 ], [ 4.03897, 43.29473 ], [ 4.0661, 43.28572 ], [ 4.10579, 43.27548 ], [ 4.13972, 43.26922 ], [ 4.20954, 43.26032 ], [ 4.29987, 43.25653 ], [ 4.45608, 43.18473 ], [ 4.50476, 43.16929 ], [ 4.56586, 43.15642 ], [ 4.59916, 43.15042 ], [ 4.64398, 43.14573 ], [ 4.71171, 43.14698 ], [ 4.74909, 43.13311 ], [ 4.77048, 43.12743 ], [ 4.81483, 43.12005 ], [ 4.86023, 43.11815 ], [ 4.88293, 43.11927 ], [ 4.93753, 43.12704 ], [ 5.04637, 43.04777 ], [ 5.06404, 43.03728 ], [ 5.11283, 43.0182 ], [ 5.1533, 43.0068 ], [ 5.3427, 42.97323 ], [ 5.37844, 42.96993 ], [ 5.50982, 42.96413 ], [ 5.60497, 42.91422 ], [ 5.64247, 42.89693 ], [ 5.67168, 42.8862 ], [ 5.70504, 42.87123 ], [ 5.75294, 42.85736 ], [ 5.81234, 42.84819 ], [ 6.13744, 42.78715 ], [ 6.17064, 42.78309 ], [ 6.21275, 42.78199 ], [ 6.41083, 42.78722 ], [ 6.43334, 42.78887 ], [ 6.4775, 42.79629 ], [ 6.51918, 42.80893 ], [ 6.61481, 42.84686 ], [ 6.71294, 42.90076 ], [ 6.74539, 42.92581 ], [ 6.85903, 43.03919 ], [ 6.89588, 43.06829 ], [ 6.92255, 43.09509 ], [ 6.93358, 43.10967 ], [ 6.95048, 43.1406 ], [ 6.95624, 43.15673 ], [ 6.97373, 43.226 ], [ 7.03958, 43.25472 ], [ 7.20163, 43.33203 ], [ 7.26389, 43.36771 ], [ 7.29591, 43.38152 ], [ 7.31412, 43.3916 ], [ 7.34892, 43.41683 ], [ 7.48621, 43.50917 ], [ 7.57457, 43.55947 ], [ 7.60464, 43.56813 ], [ 7.63102, 43.57859 ], [ 7.66577, 43.57375 ], [ 7.67839, 43.57369 ], [ 7.71479, 43.57582 ], [ 7.75051, 43.58137 ], [ 7.92582, 43.62445 ], [ 7.9708, 43.63934 ], [ 8.06792, 43.66294 ], [ 8.11956, 43.68324 ], [ 8.19107, 43.70679 ], [ 8.23501, 43.72505 ], [ 8.26073, 43.73938 ], [ 8.36171, 43.80262 ], [ 8.37501, 43.81177 ], [ 8.39901, 43.83184 ], [ 8.41904, 43.85381 ], [ 8.46231, 43.90861 ], [ 8.64221, 44.06568 ], [ 8.66007, 44.08302 ], [ 8.67839, 44.10606 ], [ 8.71063, 44.16013 ], [ 8.74155, 44.18402 ], [ 8.75082, 44.18781 ], [ 8.87542, 44.18621 ], [ 9.00554, 44.14423 ], [ 9.07748, 44.10917 ], [ 9.11049, 44.09738 ], [ 9.14534, 44.08879 ], [ 9.28544, 44.0634 ], [ 9.69411, 43.85405 ], [ 9.72571, 43.84056 ], [ 9.75946, 43.83016 ], [ 9.79479, 43.82303 ], [ 9.83109, 43.81929 ], [ 9.86719, 43.81889 ], [ 9.94279, 43.70377 ], [ 9.72835, 43.59817 ], [ 9.68805, 43.57123 ], [ 9.67633, 43.56104 ], [ 9.65579, 43.53909 ], [ 9.63357, 43.5062 ], [ 9.627, 43.49381 ], [ 9.61727, 43.46821 ], [ 9.60279, 43.40785 ], [ 9.559, 43.19295 ], [ 9.52419, 43.20775 ], [ 9.50327, 43.21436 ], [ 9.45909, 43.22373 ], [ 9.41144, 43.22765 ], [ 9.35747, 43.22496 ], [ 9.31334, 43.21669 ], [ 9.27172, 43.20317 ], [ 9.20663, 43.17371 ], [ 9.17451, 43.15651 ], [ 9.15713, 43.14556 ], [ 9.12663, 43.12084 ], [ 9.10218, 43.09276 ], [ 9.08957, 43.07252 ], [ 9.07788, 43.04789 ], [ 9.07099, 43.02428 ], [ 9.06852, 43.00771 ], [ 9.06807, 42.97209 ], [ 9.05721, 42.94658 ], [ 9.05324, 42.93159 ], [ 9.03799, 42.92121 ], [ 9.01334, 42.91427 ], [ 8.95781, 42.89245 ], [ 8.91529, 42.87042 ], [ 8.87049, 42.84121 ], [ 8.84376, 42.83562 ], [ 8.77152, 42.81377 ], [ 8.72743, 42.79549 ], [ 8.61612, 42.76759 ], [ 8.59585, 42.76019 ], [ 8.56018, 42.74385 ], [ 8.52473, 42.7232 ], [ 8.49443, 42.69848 ], [ 8.47015, 42.67038 ], [ 8.46007, 42.65468 ], [ 8.45091, 42.63626 ], [ 8.42739, 42.60889 ], [ 8.41772, 42.59382 ], [ 8.40354, 42.56256 ], [ 8.39414, 42.54881 ], [ 8.34387, 42.51389 ], [ 8.31481, 42.48846 ], [ 8.29187, 42.4598 ], [ 8.27569, 42.42872 ], [ 8.27029, 42.41255 ], [ 8.26501, 42.37948 ], [ 8.26924, 42.22696 ], [ 8.27241, 42.2046 ], [ 8.29177, 42.11587 ], [ 8.32123, 41.95525 ], [ 8.31537, 41.8855 ], [ 8.31523, 41.86419 ], [ 8.3211, 41.83117 ], [ 8.3342, 41.79933 ], [ 8.4005, 41.68322 ], [ 8.41362, 41.65685 ], [ 8.4336, 41.63019 ], [ 8.53299, 41.48623 ], [ 8.55057, 41.45778 ], [ 8.5623, 41.44363 ], [ 8.59022, 41.41777 ], [ 8.60585, 41.4065 ], [ 8.71572, 41.31433 ], [ 8.73169, 41.3028 ], [ 8.76715, 41.28292 ], [ 8.7864, 41.27472 ], [ 8.83117, 41.26112 ], [ 8.81268, 41.25764 ], [ 8.78914, 41.23239 ], [ 8.49529, 41.27345 ], [ 8.46649, 41.29004 ], [ 8.4359, 41.30319 ], [ 8.40329, 41.31321 ], [ 8.36921, 41.31992 ], [ 8.33427, 41.32321 ], [ 8.28781, 41.32222 ], [ 8.24431, 41.31599 ], [ 8.21106, 41.30725 ], [ 8.14026, 41.2796 ], [ 8.11402, 41.26631 ], [ 8.08261, 41.24562 ], [ 8.07071, 41.23584 ], [ 8.04959, 41.21461 ], [ 8.03725, 41.19896 ], [ 8.02453, 41.17931 ], [ 7.99672, 41.1524 ], [ 7.97949, 41.12927 ], [ 7.97242, 41.11711 ], [ 7.96152, 41.09188 ], [ 7.95177, 41.05656 ], [ 7.92407, 41.0149 ], [ 7.91808, 41.00242 ], [ 7.90942, 40.9767 ], [ 7.86697, 40.74192 ], [ 7.87227, 40.59538 ], [ 7.87485, 40.57304 ], [ 7.88205, 40.54708 ], [ 7.90485, 40.49127 ], [ 8.09948, 40.28872 ], [ 8.02209, 39.99326 ], [ 8.02256, 39.96743 ], [ 8.01635, 39.88514 ], [ 8.02067, 39.84006 ], [ 8.04665, 39.78708 ], [ 8.09222, 39.73976 ], [ 8.16521, 39.68598 ], [ 8.1188, 39.48834 ], [ 8.11554, 39.46594 ], [ 8.11439, 39.42969 ], [ 7.9814, 39.2462 ], [ 7.96681, 39.22253 ], [ 7.96097, 39.21007 ], [ 7.9525, 39.18439 ], [ 7.94842, 39.15807 ], [ 7.94879, 39.13155 ], [ 7.95064, 39.11837 ], [ 7.95763, 39.09243 ], [ 7.9689, 39.06741 ], [ 7.97608, 39.05539 ], [ 8.18056, 38.76186 ], [ 8.19393, 38.74468 ], [ 8.22639, 38.71416 ], [ 8.2658, 38.68918 ], [ 8.29519, 38.67608 ], [ 8.3265, 38.66609 ], [ 8.3759, 38.65729 ], [ 8.41564, 38.65577 ], [ 8.66332, 38.66113 ], [ 8.87383, 38.6728 ], [ 8.9227, 38.67919 ], [ 8.97017, 38.69313 ], [ 8.99336, 38.7032 ], [ 9.01785, 38.71619 ], [ 9.07463, 38.75061 ], [ 9.09864, 38.76931 ], [ 9.1142, 38.78471 ], [ 9.12602, 38.79349 ], [ 9.14421, 38.80535 ], [ 9.1668, 38.81599 ], [ 9.60094, 38.88453 ], [ 9.63318, 38.89282 ], [ 9.66875, 38.90599 ], [ 9.7104, 38.92882 ], [ 9.79969, 38.99726 ], [ 9.81062, 39.00743 ], [ 9.82984, 39.02931 ], [ 9.83803, 39.04094 ], [ 9.85142, 39.06533 ], [ 9.86106, 39.09124 ], [ 9.86696, 39.11394 ], [ 9.89413, 39.28005 ], [ 9.92116, 39.50787 ], [ 9.93907, 39.69351 ], [ 9.95866, 39.82319 ], [ 9.97752, 39.89873 ], [ 9.99914, 40.06184 ], [ 10.05823, 40.40405 ], [ 10.07075, 40.42711 ], [ 10.0867, 40.47086 ], [ 10.0924, 40.49849 ], [ 10.09516, 40.52496 ], [ 10.09337, 40.55147 ], [ 10.08706, 40.57759 ], [ 10.02641, 40.73262 ], [ 10.01516, 40.77991 ], [ 10.02489, 40.79511 ], [ 10.03656, 40.82015 ], [ 10.04076, 40.83304 ], [ 10.04579, 40.85932 ], [ 10.04626, 40.88587 ], [ 10.04215, 40.91225 ], [ 10.03354, 40.93799 ], [ 10.02759, 40.95048 ], [ 10.01251, 40.97445 ], [ 9.96272, 41.03841 ], [ 9.90119, 41.09818 ], [ 9.86904, 41.16168 ], [ 9.85385, 41.18563 ], [ 9.84473, 41.19699 ], [ 9.8252, 41.21683 ], [ 9.784, 41.25373 ], [ 9.77958, 41.26918 ], [ 9.7686, 41.29441 ], [ 9.76149, 41.30656 ], [ 9.74418, 41.32969 ], [ 9.73405, 41.34057 ], [ 9.71107, 41.3607 ], [ 9.68478, 41.37839 ], [ 9.65815, 41.39289 ], [ 9.63096, 41.43366 ], [ 9.64131, 41.45703 ], [ 9.64933, 41.4898 ], [ 9.66949, 41.6743 ], [ 9.67463, 41.70449 ], [ 9.67386, 41.73012 ], [ 9.67525, 41.77395 ], [ 9.67206, 41.7984 ], [ 9.67378, 41.82287 ], [ 9.67227, 41.86291 ], [ 9.67946, 41.89016 ], [ 9.72997, 41.94851 ], [ 9.7793, 42.00008 ], [ 9.79959, 42.03033 ], [ 9.81044, 42.05427 ], [ 9.81994, 42.08683 ], [ 9.82517, 42.13332 ], [ 9.82797, 42.20545 ], [ 9.82407, 42.23539 ], [ 9.82822, 42.26118 ], [ 9.84749, 42.24112 ], [ 9.86783, 42.22487 ], [ 9.91983, 42.19016 ], [ 9.99985, 42.16369 ], [ 10.10187, 42.14164 ], [ 10.2408, 42.1165 ], [ 10.29602, 42.11013 ], [ 10.84902, 42.11255 ], [ 10.97658, 42.05852 ], [ 11.01648, 42.04584 ], [ 11.60519, 41.92144 ], [ 11.62628, 41.89957 ], [ 11.64628, 41.88328 ], [ 12.03283, 41.59898 ], [ 12.0944, 41.56672 ], [ 12.16002, 41.54671 ], [ 12.21713, 41.52215 ], [ 12.27668, 41.47437 ], [ 12.37699, 41.36838 ], [ 12.57897, 40.92275 ], [ 12.58207, 40.88847 ], [ 12.58531, 40.8754 ], [ 12.59512, 40.84991 ], [ 12.60922, 40.82559 ], [ 12.62736, 40.80289 ], [ 12.64924, 40.78217 ], [ 12.68821, 40.75558 ], [ 12.72268, 40.73924 ], [ 12.82913, 40.69685 ], [ 12.85571, 40.68762 ], [ 13.02264, 40.64661 ], [ 13.78342, 40.50331 ], [ 14.06477, 40.35948 ], [ 14.74984, 40.08369 ], [ 14.77724, 40.066 ], [ 14.86215, 40.01659 ], [ 15.10859, 39.86397 ], [ 15.13712, 39.84905 ], [ 15.16793, 39.83713 ], [ 15.27546, 39.80326 ], [ 15.30865, 39.79616 ], [ 15.33198, 39.79323 ], [ 15.53837, 39.6951 ], [ 15.54276, 39.66059 ], [ 15.55127, 39.63484 ], [ 15.56433, 39.60959 ], [ 15.5913, 39.57066 ], [ 15.60443, 39.5422 ], [ 15.62336, 39.49169 ], [ 15.63608, 39.46702 ], [ 15.65283, 39.44384 ], [ 15.67068, 39.42282 ], [ 15.69292, 39.40261 ], [ 15.73203, 39.37666 ], [ 15.75055, 39.35449 ], [ 15.76234, 39.34315 ], [ 15.78491, 39.28808 ], [ 15.79505, 39.25032 ], [ 15.80037, 39.18498 ], [ 15.79701, 39.16556 ], [ 15.79651, 39.139 ], [ 15.80047, 39.11261 ], [ 15.80881, 39.08684 ], [ 15.826, 39.05489 ], [ 15.83096, 39.03997 ], [ 15.76003, 38.85767 ], [ 15.72748, 38.84368 ], [ 15.69092, 38.82358 ], [ 15.66509, 38.80633 ], [ 15.63231, 38.77588 ], [ 15.61341, 38.75163 ], [ 15.59802, 38.72795 ], [ 15.577, 38.68031 ], [ 15.52576, 38.50476 ], [ 15.49834, 38.50202 ], [ 15.47632, 38.49795 ], [ 15.27232, 38.47716 ], [ 15.30854, 38.50343 ], [ 15.32938, 38.52435 ], [ 15.34656, 38.54723 ], [ 15.35982, 38.57167 ], [ 15.3689, 38.59726 ], [ 15.37182, 38.61037 ], [ 15.40819, 38.63366 ], [ 15.43079, 38.65344 ], [ 15.44992, 38.67537 ], [ 15.48538, 38.72591 ], [ 15.49871, 38.75034 ], [ 15.50382, 38.76301 ], [ 15.51082, 38.78901 ], [ 15.51343, 38.8155 ], [ 15.5116, 38.84291 ], [ 15.50535, 38.86902 ], [ 15.49479, 38.89427 ], [ 15.48009, 38.91823 ], [ 15.47127, 38.92959 ], [ 15.43935, 38.96064 ], [ 15.40026, 38.98622 ], [ 15.38354, 38.99453 ], [ 15.35315, 39.00651 ], [ 15.30446, 39.01843 ], [ 15.25371, 39.02268 ], [ 15.20288, 39.0191 ], [ 15.14488, 39.00828 ], [ 15.10123, 38.9954 ], [ 15.05773, 38.9746 ], [ 15.01833, 38.94935 ], [ 14.98327, 38.92045 ], [ 14.96423, 38.89844 ], [ 14.95614, 38.88675 ], [ 14.94297, 38.86226 ], [ 14.93653, 38.84637 ], [ 14.92955, 38.8192 ], [ 14.90423, 38.80599 ], [ 14.87608, 38.78651 ], [ 14.81883, 38.78751 ], [ 14.77414, 38.78467 ], [ 14.72458, 38.77575 ], [ 14.69016, 38.76442 ], [ 14.65855, 38.77475 ], [ 14.61129, 38.7851 ], [ 14.57048, 38.78955 ], [ 14.53015, 38.78973 ], [ 14.48696, 38.78593 ], [ 14.45368, 38.78074 ], [ 14.42156, 38.77218 ], [ 14.38446, 38.75715 ], [ 14.33146, 38.75729 ], [ 14.29784, 38.75377 ], [ 14.27791, 38.75007 ], [ 14.24583, 38.74146 ], [ 14.21546, 38.72964 ], [ 14.18733, 38.71481 ], [ 14.16193, 38.69723 ], [ 14.14578, 38.68339 ], [ 14.12404, 38.66085 ], [ 14.10724, 38.6378 ], [ 14.09442, 38.61322 ], [ 14.08958, 38.60049 ], [ 14.08313, 38.57442 ], [ 14.08058, 38.5407 ], [ 14.08196, 38.52058 ], [ 14.08597, 38.49958 ], [ 14.09651, 38.46901 ], [ 14.10253, 38.4566 ], [ 14.11759, 38.43283 ], [ 14.13335, 38.41404 ], [ 14.14802, 38.39973 ], [ 14.18505, 38.37263 ], [ 14.21676, 38.35629 ], [ 14.24704, 38.34461 ], [ 14.279, 38.33614 ], [ 14.31457, 38.33054 ], [ 14.35459, 38.32832 ], [ 14.39185, 38.33035 ], [ 14.42491, 38.33556 ], [ 14.45683, 38.3441 ], [ 14.49771, 38.36106 ], [ 14.55276, 38.35262 ], [ 14.58642, 38.35086 ], [ 14.63672, 38.3547 ], [ 14.68213, 38.3653 ], [ 14.68335, 38.36066 ], [ 14.0195, 38.2472 ], [ 13.63613, 38.30402 ], [ 13.44349, 38.40035 ], [ 13.39718, 38.41633 ], [ 13.34778, 38.42488 ], [ 13.31408, 38.42626 ], [ 13.28044, 38.42417 ], [ 13.07627, 38.39283 ], [ 12.80934, 38.38299 ], [ 12.78193, 38.38808 ], [ 12.74841, 38.39103 ], [ 12.72485, 38.3912 ], [ 12.69125, 38.38893 ], [ 12.64228, 38.37909 ], [ 12.59672, 38.36191 ], [ 12.56953, 38.34695 ], [ 12.41146, 38.24723 ], [ 12.28595, 38.21874 ], [ 11.99019, 38.1911 ], [ 11.94148, 38.18096 ], [ 11.91081, 38.1701 ], [ 11.88222, 38.15616 ], [ 11.85619, 38.13939 ], [ 11.82291, 38.10957 ], [ 11.80511, 38.08707 ], [ 11.7912, 38.06293 ], [ 11.78139, 38.03756 ], [ 11.77587, 38.0114 ], [ 11.7747, 37.98489 ], [ 11.77792, 37.95848 ], [ 11.7849, 37.93413 ], [ 11.79807, 37.89851 ], [ 11.80342, 37.88593 ], [ 11.81715, 37.86175 ], [ 11.83475, 37.83919 ], [ 11.85589, 37.81864 ], [ 11.89345, 37.79233 ], [ 11.92176, 37.77825 ], [ 12.22277, 37.65538 ], [ 12.2368, 37.62281 ], [ 12.25229, 37.59933 ], [ 12.27663, 37.57191 ], [ 12.31069, 37.53904 ], [ 12.3296, 37.52316 ], [ 12.3537, 37.50487 ], [ 12.50046, 37.40837 ], [ 12.52647, 37.39323 ], [ 12.55243, 37.38065 ], [ 12.58254, 37.36943 ], [ 12.61422, 37.36143 ], [ 12.92922, 37.30302 ], [ 13.18975, 37.18894 ], [ 13.31168, 37.12171 ], [ 13.53384, 37.01009 ], [ 13.64165, 36.96488 ], [ 13.7548, 36.92191 ], [ 14.36207, 36.61318 ], [ 14.40105, 36.59683 ], [ 14.60822, 36.52891 ], [ 14.63752, 36.52092 ], [ 15.01794, 36.44561 ], [ 15.06004, 36.4402 ], [ 15.09287, 36.44 ], [ 15.12546, 36.44326 ], [ 15.15725, 36.44991 ], [ 15.1877, 36.45986 ], [ 15.24467, 36.48295 ], [ 15.283, 36.50214 ], [ 15.29831, 36.51212 ], [ 15.32179, 36.53069 ], [ 15.36127, 36.56904 ], [ 15.38127, 36.59723 ], [ 15.56709, 36.91435 ], [ 15.57686, 36.9334 ], [ 15.58583, 36.95895 ], [ 15.59057, 36.98522 ], [ 15.59133, 36.99848 ], [ 15.58959, 37.02499 ], [ 15.58711, 37.03812 ], [ 15.57895, 37.06385 ], [ 15.56666, 37.08851 ], [ 15.55642, 37.10504 ], [ 15.55196, 37.11936 ], [ 15.54566, 37.14939 ], [ 15.50866, 37.28212 ], [ 15.44013, 37.56976 ], [ 15.46141, 37.63844 ], [ 15.53706, 37.7598 ], [ 15.54714, 37.77814 ], [ 15.57441, 37.7633 ], [ 15.62343, 37.74347 ], [ 15.67172, 37.72675 ], [ 15.70926, 37.71803 ], [ 15.75473, 37.71327 ], [ 15.78816, 37.71288 ], [ 15.85925, 37.71726 ], [ 15.89686, 37.72228 ], [ 15.92401, 37.71805 ], [ 15.99388, 37.71271 ], [ 16.02727, 37.71399 ], [ 16.09173, 37.72106 ], [ 16.1414, 37.73029 ], [ 16.1888, 37.7465 ], [ 16.21807, 37.7614 ], [ 16.24366, 37.77851 ], [ 16.29105, 37.81912 ], [ 16.66378, 38.20436 ], [ 16.76726, 38.29021 ], [ 17.36742, 38.82153 ], [ 17.39432, 38.84964 ], [ 17.41034, 38.87308 ], [ 17.45037, 38.94862 ], [ 17.46214, 38.98083 ], [ 17.46752, 39.00693 ], [ 17.46864, 39.02019 ], [ 17.46755, 39.04675 ], [ 17.46201, 39.07298 ], [ 17.41231, 39.22968 ], [ 17.41385, 39.26221 ], [ 18.47419, 39.60654 ], [ 18.50468, 39.61879 ], [ 18.53285, 39.634 ], [ 18.56973, 39.66181 ], [ 18.60441, 39.69796 ], [ 18.62147, 39.71875 ], [ 18.63985, 39.75068 ], [ 18.77667, 40.05784 ], [ 18.78282, 40.08399 ], [ 18.78421, 40.09723 ], [ 18.78393, 40.12051 ], [ 18.77921, 40.1645 ], [ 18.77186, 40.19046 ], [ 18.76653, 40.20311 ], [ 18.68471, 40.35478 ], [ 18.66877, 40.37838 ], [ 18.64055, 40.41181 ], [ 18.61886, 40.43257 ], [ 18.58155, 40.45849 ], [ 18.56754, 40.47306 ], [ 18.52623, 40.50628 ], [ 18.50172, 40.52991 ], [ 18.47234, 40.55134 ], [ 18.42825, 40.58909 ], [ 18.40574, 40.60468 ], [ 18.21955, 40.77847 ], [ 18.19934, 40.79349 ], [ 18.16046, 40.81834 ], [ 18.07543, 40.85852 ], [ 18.04849, 40.86942 ], [ 18.01583, 40.87895 ], [ 17.89991, 40.90528 ], [ 17.8415, 40.93393 ], [ 17.79498, 40.95149 ], [ 17.73182, 40.97054 ], [ 17.65177, 40.99189 ], [ 17.62782, 41.00672 ], [ 17.59274, 41.02536 ], [ 17.57335, 41.04067 ], [ 17.53818, 41.06178 ], [ 17.50175, 41.09695 ], [ 17.46221, 41.12322 ], [ 17.37282, 41.16892 ], [ 17.34993, 41.18498 ], [ 17.32133, 41.20043 ], [ 17.28917, 41.21389 ], [ 17.25967, 41.22335 ], [ 17.23509, 41.23644 ], [ 17.18442, 41.25736 ], [ 17.141, 41.27205 ], [ 17.08901, 41.28263 ], [ 17.05703, 41.29093 ], [ 17.04446, 41.29585 ], [ 17.00657, 41.31724 ], [ 16.9591, 41.33468 ], [ 16.92532, 41.34226 ], [ 16.88471, 41.3468 ], [ 16.86674, 41.35238 ], [ 16.81291, 41.36495 ], [ 16.76556, 41.3822 ], [ 16.71677, 41.39216 ], [ 16.64965, 41.42212 ], [ 16.58695, 41.44435 ], [ 16.56009, 41.45848 ], [ 16.53846, 41.46727 ], [ 16.46933, 41.78102 ], [ 16.47297, 41.80995 ], [ 16.47144, 41.83648 ], [ 16.45423, 41.923 ], [ 16.44578, 41.94879 ], [ 16.43988, 41.96132 ], [ 16.42485, 41.98539 ], [ 16.40572, 42.00778 ], [ 16.39472, 42.01823 ], [ 16.37008, 42.0374 ], [ 16.3086, 42.07542 ], [ 16.23455, 42.11119 ], [ 16.18162, 42.1312 ], [ 16.13597, 42.14373 ], [ 16.10111, 42.14939 ], [ 16.04499, 42.15193 ], [ 16.00708, 42.16579 ], [ 16.01834, 42.21016 ], [ 16.01775, 42.25318 ], [ 15.999, 42.30036 ], [ 15.96666, 42.34585 ], [ 15.91227, 42.3844 ], [ 15.87073, 42.40433 ], [ 15.82372, 42.41877 ], [ 15.76478, 42.42548 ], [ 15.69278, 42.42094 ], [ 15.65227, 42.41256 ], [ 15.60892, 42.39944 ], [ 15.58, 42.38288 ], [ 15.55824, 42.36711 ], [ 15.54465, 42.35696 ], [ 15.52842, 42.34024 ], [ 15.51646, 42.34215 ], [ 15.48073, 42.34071 ], [ 15.42837, 42.33209 ], [ 15.0564, 42.23409 ], [ 14.86588, 42.34511 ], [ 14.81866, 42.364 ], [ 14.77715, 42.37543 ], [ 14.74215, 42.38244 ], [ 14.72651, 42.38815 ], [ 14.70832, 42.40557 ], [ 14.67561, 42.43132 ], [ 14.6603, 42.45436 ], [ 14.65085, 42.46565 ], [ 14.63705, 42.47976 ], [ 14.61343, 42.49975 ], [ 14.55681, 42.53586 ], [ 14.52696, 42.55062 ], [ 14.49388, 42.56373 ], [ 14.44546, 42.59062 ], [ 14.42103, 42.61061 ], [ 14.39096, 42.62968 ], [ 14.36195, 42.65795 ], [ 14.33763, 42.67708 ], [ 14.30832, 42.70907 ], [ 14.28698, 42.74445 ], [ 14.27646, 42.75909 ], [ 14.25346, 42.78376 ], [ 14.2465, 42.79481 ], [ 14.24221, 42.80812 ], [ 14.23051, 42.83323 ], [ 14.22301, 42.84531 ], [ 14.20549, 42.86752 ], [ 14.18635, 42.94532 ], [ 14.17461, 42.97043 ], [ 14.16649, 42.98332 ], [ 14.16309, 42.99917 ], [ 14.15359, 43.02478 ], [ 14.13526, 43.05516 ], [ 14.12303, 43.09778 ], [ 14.11762, 43.13182 ], [ 14.1052, 43.16718 ], [ 14.0604, 43.24957 ], [ 14.04614, 43.28906 ], [ 14.03428, 43.31415 ], [ 14.01352, 43.345 ], [ 13.98336, 43.40106 ], [ 13.96177, 43.42737 ], [ 13.93368, 43.49266 ], [ 13.90576, 43.54152 ], [ 13.90325, 43.57402 ], [ 13.89802, 43.594 ], [ 13.88943, 43.61545 ], [ 13.88287, 43.62785 ], [ 13.86648, 43.65156 ], [ 13.84595, 43.67352 ], [ 13.82163, 43.69334 ], [ 13.78134, 43.71851 ], [ 13.7582, 43.73942 ], [ 13.71864, 43.76976 ], [ 13.68136, 43.79089 ], [ 13.64593, 43.80636 ], [ 13.61291, 43.81786 ], [ 13.56018, 43.829 ], [ 13.52379, 43.83218 ], [ 13.48142, 43.83256 ], [ 13.44088, 43.84858 ], [ 13.40342, 43.87539 ], [ 13.37902, 43.88878 ], [ 13.35179, 43.90811 ], [ 13.30737, 43.93477 ], [ 13.26299, 43.96922 ], [ 13.24246, 43.98307 ], [ 13.18451, 44.0166 ], [ 13.15552, 44.03024 ], [ 13.10102, 44.07208 ], [ 13.05781, 44.09681 ], [ 13.02562, 44.10969 ], [ 12.98061, 44.12166 ], [ 12.91416, 44.14932 ], [ 12.87986, 44.15902 ], [ 12.8332, 44.16692 ], [ 12.80634, 44.201 ], [ 12.78331, 44.22172 ], [ 12.7422, 44.24832 ], [ 12.69664, 44.26789 ], [ 12.64199, 44.3141 ], [ 12.62612, 44.33214 ], [ 12.61888, 44.36301 ], [ 12.61429, 44.37587 ], [ 12.60075, 44.4029 ], [ 12.59198, 44.44695 ], [ 12.5851, 44.46594 ], [ 12.57328, 44.48964 ], [ 12.5724, 44.51165 ], [ 12.56548, 44.54139 ], [ 12.5662, 44.57497 ], [ 12.65718, 44.69207 ], [ 12.79664, 44.86064 ], [ 12.81249, 44.88465 ], [ 12.8238, 44.90991 ], [ 12.8277, 44.92289 ], [ 12.83176, 44.94772 ], [ 12.86035, 45.35167 ], [ 13.04597, 45.43211 ], [ 13.08547, 45.42903 ], [ 13.1291, 45.43211 ], [ 13.18171, 45.44193 ], [ 13.21254, 45.45835 ], [ 13.22628, 45.39906 ], [ 13.25566, 45.33556 ], [ 13.25694, 45.30857 ], [ 13.28541, 45.17967 ], [ 13.28864, 45.11548 ], [ 13.35209, 44.96399 ], [ 13.42022, 44.88192 ], [ 13.47992, 44.80491 ], [ 13.70103, 44.59868 ], [ 14.12777, 44.34245 ], [ 14.40209, 44.18666 ], [ 14.55775, 44.06212 ], [ 14.62262, 44.00822 ], [ 14.64606, 43.99212 ], [ 14.67057, 43.97897 ], [ 14.69695, 43.96828 ], [ 14.71527, 43.95301 ], [ 14.73737, 43.93812 ], [ 14.7582, 43.92629 ], [ 14.78273, 43.91587 ], [ 14.79833, 43.89733 ], [ 14.82006, 43.87749 ], [ 14.83335, 43.8565 ], [ 14.84363, 43.84389 ], [ 14.88581, 43.80282 ], [ 14.89828, 43.79208 ], [ 14.9407, 43.76505 ], [ 14.96268, 43.7426 ], [ 15.06262, 43.65966 ], [ 15.26872, 43.53755 ], [ 15.43754, 43.44958 ], [ 15.78355, 43.33905 ], [ 15.85605, 43.30241 ], [ 15.9202, 43.23339 ], [ 15.89914, 43.22482 ], [ 15.87905, 43.21427 ], [ 15.83716, 43.22623 ], [ 15.80286, 43.23246 ], [ 15.76753, 43.23523 ], [ 15.72658, 43.23391 ], [ 15.69323, 43.22969 ], [ 15.66617, 43.22357 ], [ 15.64259, 43.24139 ], [ 15.61762, 43.25579 ], [ 15.58704, 43.26945 ], [ 15.55724, 43.27957 ], [ 15.51647, 43.28844 ], [ 15.47552, 43.29228 ], [ 15.43232, 43.29215 ], [ 15.38153, 43.28435 ], [ 15.34101, 43.27278 ], [ 15.29903, 43.2546 ], [ 15.26888, 43.23553 ], [ 15.2446, 43.21614 ], [ 15.22482, 43.19568 ], [ 15.20694, 43.16916 ], [ 15.19588, 43.14635 ], [ 15.18793, 43.12 ], [ 15.18586, 43.08922 ], [ 15.18776, 43.06657 ], [ 15.19398, 43.04296 ], [ 15.20495, 43.017 ], [ 15.22258, 42.99129 ], [ 15.2427, 42.96898 ], [ 15.26819, 42.94837 ], [ 15.29264, 42.93269 ], [ 15.32538, 42.91681 ], [ 15.35458, 42.90643 ], [ 15.38973, 42.89802 ], [ 15.42403, 42.89314 ], [ 15.45988, 42.89131 ], [ 15.49698, 42.89343 ], [ 15.51871, 42.87567 ], [ 15.55892, 42.85174 ], [ 15.59499, 42.83692 ], [ 15.63689, 42.82558 ], [ 15.68138, 42.81924 ], [ 15.70516, 42.81827 ], [ 15.72985, 42.81034 ], [ 15.74792, 42.80642 ], [ 15.79137, 42.80341 ], [ 15.8123, 42.80506 ], [ 15.85388, 42.78191 ], [ 15.88541, 42.76993 ], [ 15.92152, 42.76029 ], [ 15.96083, 42.75446 ], [ 16.00342, 42.75281 ], [ 16.03875, 42.75541 ], [ 16.06907, 42.76016 ], [ 16.09793, 42.76746 ], [ 16.12428, 42.77665 ], [ 16.15252, 42.78952 ], [ 16.17205, 42.80049 ], [ 16.1939, 42.81593 ], [ 16.20911, 42.81278 ], [ 16.22181, 42.81259 ], [ 16.23354, 42.81437 ], [ 16.22654, 42.79778 ], [ 16.22032, 42.77293 ], [ 16.21842, 42.74375 ], [ 16.2223, 42.71589 ], [ 16.23319, 42.68421 ], [ 16.25047, 42.65455 ], [ 16.26783, 42.63383 ], [ 16.28528, 42.6175 ], [ 16.30372, 42.60322 ], [ 16.33833, 42.58286 ], [ 16.30816, 42.58876 ], [ 16.27835, 42.59211 ], [ 16.23853, 42.5925 ], [ 16.19428, 42.5876 ], [ 16.15373, 42.57794 ], [ 16.11665, 42.56412 ], [ 16.0855, 42.5481 ], [ 16.05889, 42.52986 ], [ 16.03702, 42.5104 ], [ 16.02449, 42.49652 ], [ 16.00464, 42.46657 ], [ 15.99813, 42.4531 ], [ 15.98612, 42.41952 ], [ 15.98203, 42.39741 ], [ 15.98186, 42.38868 ], [ 15.98564, 42.35913 ], [ 15.99066, 42.33929 ], [ 16.0014, 42.3159 ], [ 16.01786, 42.28946 ], [ 16.04054, 42.26518 ], [ 16.06753, 42.24382 ], [ 16.10108, 42.22432 ], [ 16.13826, 42.20914 ], [ 16.17682, 42.19951 ], [ 16.22887, 42.19213 ], [ 16.27502, 42.18261 ], [ 16.30254, 42.17865 ], [ 16.34699, 42.1766 ], [ 16.38956, 42.18036 ], [ 16.43325, 42.18999 ], [ 16.47466, 42.20436 ], [ 16.50147, 42.21828 ], [ 16.54756, 42.25109 ], [ 16.57495, 42.28139 ], [ 16.59921, 42.31776 ], [ 16.61023, 42.34498 ], [ 16.61401, 42.39274 ], [ 16.60465, 42.4353 ], [ 16.58554, 42.47083 ], [ 16.56076, 42.49818 ], [ 16.53673, 42.5175 ], [ 16.50634, 42.53701 ], [ 16.47956, 42.54864 ], [ 16.53448, 42.55129 ], [ 16.55706, 42.55472 ], [ 16.59864, 42.56525 ], [ 16.62545, 42.55774 ], [ 16.7616, 42.53162 ], [ 16.79524, 42.52269 ], [ 16.91691, 42.52257 ], [ 17.18517, 42.56655 ], [ 17.28371, 42.57161 ], [ 17.31888, 42.56142 ], [ 17.34755, 42.55575 ], [ 17.39815, 42.55213 ], [ 17.43206, 42.53627 ], [ 17.48471, 42.52082 ], [ 17.53368, 42.5144 ], [ 17.57459, 42.514 ], [ 17.60711, 42.50355 ], [ 17.62927, 42.49853 ], [ 17.65459, 42.49452 ], [ 17.68253, 42.49239 ], [ 17.86629, 42.45454 ], [ 18.08975, 42.38777 ], [ 18.12609, 42.36308 ], [ 18.15081, 42.35092 ], [ 18.17828, 42.34047 ], [ 18.20338, 42.33318 ], [ 18.2309, 42.30581 ], [ 18.27207, 42.27891 ], [ 18.29663, 42.26737 ], [ 18.32363, 42.25707 ], [ 18.43163, 42.20382 ], [ 18.45604, 42.19891 ], [ 18.48954, 42.18443 ], [ 18.5228, 42.17426 ], [ 18.59466, 42.12016 ], [ 18.63442, 42.09779 ], [ 18.67625, 42.08205 ], [ 18.72594, 42.07091 ], [ 18.74425, 42.05976 ], [ 18.75843, 42.046 ], [ 18.77651, 42.03154 ], [ 18.8292, 41.99932 ], [ 18.84862, 41.97408 ], [ 18.87197, 41.9515 ], [ 18.87591, 41.93389 ], [ 18.88179, 41.91699 ], [ 18.89632, 41.88454 ], [ 18.90582, 41.86718 ], [ 18.92656, 41.83881 ], [ 18.9565, 41.81053 ], [ 18.98425, 41.79061 ], [ 19.01724, 41.77187 ], [ 19.10923, 41.72963 ], [ 19.13566, 41.72043 ], [ 19.16262, 41.71357 ], [ 19.21034, 41.68499 ], [ 19.19574, 41.6617 ], [ 19.18489, 41.63614 ], [ 19.13073, 41.45512 ], [ 19.12511, 41.42313 ], [ 19.12485, 41.40463 ], [ 19.12701, 41.38396 ], [ 19.16861, 41.1485 ], [ 19.11206, 40.86577 ], [ 19.05019, 40.7047 ], [ 19.00541, 40.54231 ], [ 19.0018, 40.51981 ], [ 19.00121, 40.49441 ], [ 19.00647, 40.46192 ], [ 19.01894, 40.42871 ], [ 19.03392, 40.37149 ], [ 19.04356, 40.3482 ], [ 19.05661, 40.32633 ], [ 19.06818, 40.31126 ], [ 19.08314, 40.29536 ], [ 19.11471, 40.26994 ], [ 19.12265, 40.24666 ], [ 19.13421, 40.22377 ], [ 19.1474, 40.20423 ], [ 19.16673, 40.18177 ], [ 19.24692, 40.10237 ], [ 19.26595, 40.0873 ], [ 19.30572, 40.06062 ], [ 19.27913, 40.05333 ], [ 19.25356, 40.0438 ], [ 19.22951, 40.03218 ], [ 19.20726, 40.01861 ], [ 19.1886, 40.00454 ], [ 19.17052, 39.98771 ], [ 19.1509, 39.96441 ], [ 19.13904, 39.9472 ], [ 19.12883, 39.92816 ], [ 19.12061, 39.9075 ], [ 19.1155, 39.88753 ], [ 19.11304, 39.86764 ], [ 19.1131, 39.84755 ], [ 19.1164, 39.81818 ], [ 19.1217, 39.79637 ], [ 19.1294, 39.77589 ], [ 19.14291, 39.75142 ], [ 19.15982, 39.72923 ], [ 19.18041, 39.70881 ], [ 19.20448, 39.69039 ], [ 19.23966, 39.67004 ], [ 19.28794, 39.65037 ], [ 19.31916, 39.62358 ], [ 19.35604, 39.60159 ], [ 19.41199, 39.57606 ], [ 19.43622, 39.56816 ], [ 19.46392, 39.56165 ], [ 19.49142, 39.53696 ], [ 19.52201, 39.51698 ], [ 19.53809, 39.49958 ], [ 19.55621, 39.48368 ], [ 19.59682, 39.45558 ], [ 19.60811, 39.4235 ], [ 19.63437, 39.37074 ], [ 19.64783, 39.35156 ], [ 19.66826, 39.32938 ], [ 19.68162, 39.31036 ], [ 19.69595, 39.29416 ], [ 19.71299, 39.27851 ], [ 19.73094, 39.26495 ], [ 19.75106, 39.25247 ], [ 19.77303, 39.24145 ], [ 19.79825, 39.23156 ], [ 19.81983, 39.22508 ], [ 19.86846, 39.21639 ], [ 19.8727, 39.18458 ], [ 19.88273, 39.15516 ], [ 19.89734, 39.12867 ], [ 19.92574, 39.08971 ], [ 19.94186, 39.07242 ], [ 19.9611, 39.0559 ], [ 19.99675, 39.03079 ], [ 20.02126, 39.01666 ], [ 20.05507, 38.99102 ], [ 20.10456, 38.96262 ], [ 20.13729, 38.94812 ], [ 20.17813, 38.93619 ], [ 20.22115, 38.92977 ], [ 20.2508, 38.9286 ], [ 20.27644, 38.92973 ], [ 20.32492, 38.93744 ], [ 20.3501, 38.94452 ], [ 20.37426, 38.95367 ], [ 20.39569, 38.96399 ], [ 20.41831, 38.97736 ], [ 20.44615, 38.95728 ], [ 20.41799, 38.92444 ], [ 20.40283, 38.90987 ], [ 20.37997, 38.88384 ], [ 20.36469, 38.86023 ], [ 20.35368, 38.83578 ], [ 20.33308, 38.81692 ], [ 20.31585, 38.7966 ], [ 20.30227, 38.77546 ], [ 20.29185, 38.75286 ], [ 20.28452, 38.72728 ], [ 20.28152, 38.70119 ], [ 20.2839, 38.66855 ], [ 20.29336, 38.63583 ], [ 20.28782, 38.60714 ], [ 20.28518, 38.57297 ], [ 20.28662, 38.53663 ], [ 20.25646, 38.52256 ], [ 20.22898, 38.50532 ], [ 20.20356, 38.48447 ], [ 20.18271, 38.46196 ], [ 20.16905, 38.44247 ], [ 20.15732, 38.42005 ], [ 20.1487, 38.39551 ], [ 20.14401, 38.3726 ], [ 20.12626, 38.34759 ], [ 20.11211, 38.31922 ], [ 20.10444, 38.29617 ], [ 20.10002, 38.27518 ], [ 20.08853, 38.24476 ], [ 20.08288, 38.20967 ], [ 20.08302, 38.18035 ], [ 20.08508, 38.16006 ], [ 20.09084, 38.13436 ], [ 20.09968, 38.11076 ], [ 20.11422, 38.0849 ], [ 20.13271, 38.06109 ], [ 20.15524, 38.03899 ], [ 20.17975, 38.02074 ], [ 20.20269, 38.00741 ], [ 20.22931, 37.98897 ], [ 20.25622, 37.97483 ], [ 20.31497, 37.94966 ], [ 20.34084, 37.94139 ], [ 20.36793, 37.93536 ], [ 20.38084, 37.9287 ], [ 20.37248, 37.90568 ], [ 20.36762, 37.88197 ], [ 20.36612, 37.80817 ], [ 20.36872, 37.78841 ], [ 20.37417, 37.76774 ], [ 20.38234, 37.7476 ], [ 20.39342, 37.72775 ], [ 20.41784, 37.69693 ], [ 20.43613, 37.67995 ], [ 20.45473, 37.6659 ], [ 20.48787, 37.62573 ], [ 20.52306, 37.59208 ], [ 20.54861, 37.57221 ], [ 20.57724, 37.55525 ], [ 20.62807, 37.51106 ], [ 20.6614, 37.48905 ], [ 20.70897, 37.46716 ], [ 20.7603, 37.45216 ], [ 20.81099, 37.44468 ], [ 20.85781, 37.44436 ], [ 20.89568, 37.44923 ], [ 20.9357, 37.45944 ], [ 20.97399, 37.47424 ], [ 21.01523, 37.49775 ], [ 21.06149, 37.50561 ], [ 21.10235, 37.51875 ], [ 21.11975, 37.50093 ], [ 21.1405, 37.48415 ], [ 21.16433, 37.46896 ], [ 21.18892, 37.45674 ], [ 21.22449, 37.44391 ], [ 21.25991, 37.43589 ], [ 21.29743, 37.43204 ], [ 21.33517, 37.43264 ], [ 21.35931, 37.42124 ], [ 21.36994, 37.41397 ], [ 21.39298, 37.39269 ], [ 21.40329, 37.38082 ], [ 21.41987, 37.35718 ], [ 21.38993, 37.32984 ], [ 21.36426, 37.2995 ], [ 21.34822, 37.27469 ], [ 21.33233, 37.24099 ], [ 21.31815, 37.19446 ], [ 21.31558, 37.17378 ], [ 21.31573, 37.14807 ], [ 21.30034, 37.11809 ], [ 21.29141, 37.08802 ], [ 21.28822, 37.05719 ], [ 21.29063, 37.0277 ], [ 21.29628, 37.00496 ], [ 21.30506, 36.98301 ], [ 21.32384, 36.94761 ], [ 21.33977, 36.92473 ], [ 21.35777, 36.90514 ], [ 21.37801, 36.88787 ], [ 21.39984, 36.87312 ], [ 21.42475, 36.85987 ], [ 21.43638, 36.8344 ], [ 21.4445, 36.80093 ], [ 21.44022, 36.76151 ], [ 21.44062, 36.73721 ], [ 21.44608, 36.70217 ], [ 21.45635, 36.67192 ], [ 21.46988, 36.64511 ], [ 21.48905, 36.61881 ], [ 21.51301, 36.59511 ], [ 21.54018, 36.57521 ], [ 21.56972, 36.55913 ], [ 21.59206, 36.54994 ], [ 21.61436, 36.54291 ], [ 21.65117, 36.52391 ], [ 21.70507, 36.50606 ], [ 21.75359, 36.49839 ], [ 21.80129, 36.49844 ], [ 21.8267, 36.49264 ], [ 21.854, 36.4889 ], [ 21.90397, 36.48827 ], [ 21.93618, 36.49148 ], [ 21.96865, 36.49834 ], [ 21.99942, 36.50854 ], [ 22.02773, 36.52169 ], [ 22.05379, 36.53775 ], [ 22.0772, 36.55666 ], [ 22.09728, 36.57784 ], [ 22.11441, 36.6023 ], [ 22.10292, 36.56902 ], [ 22.09777, 36.54196 ], [ 22.09697, 36.51213 ], [ 22.10049, 36.48571 ], [ 22.10941, 36.45482 ], [ 22.12464, 36.42159 ], [ 22.14718, 36.38495 ], [ 22.16693, 36.35992 ], [ 22.18586, 36.34134 ], [ 22.20669, 36.32518 ], [ 22.23044, 36.31062 ], [ 22.26003, 36.29601 ], [ 22.27696, 36.27298 ], [ 22.29685, 36.25231 ], [ 22.31947, 36.23421 ], [ 22.3435, 36.21928 ], [ 22.37637, 36.20405 ], [ 22.41159, 36.19309 ], [ 22.44844, 36.18659 ], [ 22.48694, 36.18471 ], [ 22.5241, 36.18751 ], [ 22.55493, 36.19335 ], [ 22.5862, 36.20289 ], [ 22.61462, 36.21525 ], [ 22.64771, 36.23514 ], [ 22.67303, 36.25646 ], [ 22.70187, 36.29299 ], [ 22.71835, 36.31734 ], [ 22.72796, 36.33836 ], [ 22.74994, 36.40581 ], [ 22.75131, 36.43896 ], [ 22.74856, 36.47872 ], [ 22.7417, 36.53723 ], [ 22.75715, 36.56108 ], [ 22.76788, 36.586 ], [ 22.78968, 36.57823 ], [ 22.82025, 36.54567 ], [ 22.8413, 36.53088 ], [ 22.83436, 36.51958 ], [ 22.83007, 36.50887 ], [ 22.82392, 36.48361 ], [ 22.82261, 36.47116 ], [ 22.82371, 36.45869 ], [ 22.82732, 36.44601 ], [ 22.83315, 36.43439 ], [ 22.84057, 36.4243 ], [ 22.81724, 36.38877 ], [ 22.80184, 36.36083 ], [ 22.79326, 36.33799 ], [ 22.79082, 36.32182 ], [ 22.79418, 36.29951 ], [ 22.8048, 36.27901 ], [ 22.80037, 36.26662 ], [ 22.79847, 36.25396 ], [ 22.80226, 36.21626 ], [ 22.79889, 36.19906 ], [ 22.79999, 36.18247 ], [ 22.80838, 36.15968 ], [ 22.82942, 36.1286 ], [ 22.84008, 36.11634 ], [ 22.85344, 36.10583 ], [ 22.89527, 36.08584 ], [ 22.89875, 36.07261 ], [ 22.90446, 36.06078 ], [ 22.91397, 36.04671 ], [ 22.92575, 36.0349 ], [ 22.94503, 36.02243 ], [ 22.96794, 36.01393 ], [ 22.99272, 36.01027 ], [ 23.01825, 36.01179 ], [ 23.04689, 36.02031 ], [ 23.07059, 36.0348 ], [ 23.09283, 36.03112 ], [ 23.1149, 36.03153 ], [ 23.1362, 36.03582 ], [ 23.15714, 36.04446 ], [ 23.17064, 36.05321 ], [ 23.18293, 36.06468 ], [ 23.19234, 36.07781 ], [ 23.19855, 36.09213 ], [ 23.2015, 36.11024 ], [ 23.19961, 36.12784 ], [ 23.19303, 36.14468 ], [ 23.18198, 36.16017 ], [ 23.19825, 36.17506 ], [ 23.2097, 36.19309 ], [ 23.21771, 36.22326 ], [ 23.2183, 36.2427 ], [ 23.21486, 36.25791 ], [ 23.20808, 36.27204 ], [ 23.19907, 36.28388 ], [ 23.18864, 36.29354 ], [ 23.17577, 36.31236 ], [ 23.16562, 36.32182 ], [ 23.1453, 36.33653 ], [ 23.1225, 36.34798 ], [ 23.15031, 36.34908 ], [ 23.17801, 36.35642 ], [ 23.19827, 36.35481 ], [ 23.2198, 36.35677 ], [ 23.24192, 36.36306 ], [ 23.26155, 36.37316 ], [ 23.28078, 36.38944 ], [ 23.29366, 36.40937 ], [ 23.30074, 36.43239 ], [ 23.30196, 36.4482 ], [ 23.30082, 36.46231 ], [ 23.29467, 36.48039 ], [ 23.28077, 36.50145 ], [ 23.26855, 36.51429 ], [ 23.25244, 36.52547 ], [ 23.253, 36.54008 ], [ 23.25012, 36.55491 ], [ 23.24383, 36.56916 ], [ 23.23469, 36.58211 ], [ 23.19483, 36.6182 ], [ 23.17561, 36.62907 ], [ 23.14938, 36.63795 ], [ 23.14375, 36.64697 ], [ 23.15165, 36.65951 ], [ 23.15658, 36.67252 ], [ 23.16714, 36.68255 ], [ 23.17689, 36.6955 ], [ 23.18466, 36.70935 ], [ 23.18905, 36.72197 ], [ 23.1977, 36.73299 ], [ 23.20436, 36.74511 ], [ 23.20832, 36.7565 ], [ 23.21029, 36.76942 ], [ 23.20978, 36.78177 ], [ 23.20722, 36.79298 ], [ 23.20068, 36.80745 ], [ 23.18989, 36.82188 ], [ 23.1864, 36.83964 ], [ 23.17816, 36.8562 ], [ 23.16463, 36.87174 ], [ 23.14701, 36.88425 ], [ 23.13654, 36.90627 ], [ 23.12713, 36.93245 ], [ 23.11966, 36.94617 ], [ 23.11737, 36.96235 ], [ 23.11077, 36.97827 ], [ 23.10568, 36.99631 ], [ 23.10487, 37.02867 ], [ 23.10311, 37.03979 ], [ 23.09776, 37.05411 ], [ 23.08496, 37.07565 ], [ 23.08295, 37.09768 ], [ 23.07655, 37.11567 ], [ 23.06597, 37.13095 ], [ 23.05185, 37.14374 ], [ 23.03799, 37.16365 ], [ 23.0252, 37.17554 ], [ 23.0115, 37.18448 ], [ 23.01005, 37.20351 ], [ 23.00331, 37.22155 ], [ 22.98945, 37.2402 ], [ 22.98331, 37.25298 ], [ 22.96063, 37.28663 ], [ 22.95116, 37.30731 ], [ 22.94279, 37.31782 ], [ 22.93331, 37.32648 ], [ 22.92542, 37.33738 ], [ 22.92027, 37.3516 ], [ 22.91229, 37.3643 ], [ 22.93639, 37.35458 ], [ 22.96189, 37.35032 ], [ 22.96879, 37.32925 ], [ 22.98424, 37.30661 ], [ 22.98008, 37.2849 ], [ 22.98092, 37.27362 ], [ 22.98386, 37.26225 ], [ 22.99149, 37.24693 ], [ 23.00425, 37.23079 ], [ 23.01958, 37.21855 ], [ 23.03841, 37.19685 ], [ 23.06229, 37.17677 ], [ 23.0789, 37.1674 ], [ 23.09743, 37.16093 ], [ 23.11701, 37.14811 ], [ 23.135, 37.14082 ], [ 23.15312, 37.13672 ], [ 23.17032, 37.1354 ], [ 23.19208, 37.13628 ], [ 23.21144, 37.1399 ], [ 23.22768, 37.14561 ], [ 23.24212, 37.15331 ], [ 23.26398, 37.16989 ], [ 23.2741, 37.17973 ], [ 23.29502, 37.18101 ], [ 23.3244, 37.18025 ], [ 23.35411, 37.1868 ], [ 23.37755, 37.1893 ], [ 23.39303, 37.18061 ], [ 23.40901, 37.17475 ], [ 23.42578, 37.17125 ], [ 23.44464, 37.17013 ], [ 23.47723, 37.17477 ], [ 23.5032, 37.18396 ], [ 23.52167, 37.19578 ], [ 23.53622, 37.21087 ], [ 23.54584, 37.2281 ], [ 23.55104, 37.2484 ], [ 23.57309, 37.26127 ], [ 23.58994, 37.27807 ], [ 23.61834, 37.28717 ], [ 23.64192, 37.30123 ], [ 23.66469, 37.32308 ], [ 23.67175, 37.33424 ], [ 23.67687, 37.34735 ], [ 23.67923, 37.36788 ], [ 23.67585, 37.38639 ], [ 23.67123, 37.39702 ], [ 23.66393, 37.40808 ], [ 23.64491, 37.42579 ], [ 23.64728, 37.44244 ], [ 23.64539, 37.4584 ], [ 23.63948, 37.47373 ], [ 23.62972, 37.48791 ], [ 23.6348, 37.51009 ], [ 23.63416, 37.5225 ], [ 23.6315, 37.53347 ], [ 23.62195, 37.55206 ], [ 23.60785, 37.56728 ], [ 23.60812, 37.5837 ], [ 23.60415, 37.59989 ], [ 23.59622, 37.61481 ], [ 23.58433, 37.62844 ], [ 23.60106, 37.64156 ], [ 23.61341, 37.65601 ], [ 23.62016, 37.66864 ], [ 23.62433, 37.6832 ], [ 23.64375, 37.70935 ], [ 23.66006, 37.73954 ], [ 23.6697, 37.72421 ], [ 23.68279, 37.71059 ], [ 23.69788, 37.69972 ], [ 23.71402, 37.69204 ], [ 23.73359, 37.68651 ], [ 23.75768, 37.68352 ], [ 23.77861, 37.68428 ], [ 23.79763, 37.68807 ], [ 23.80344, 37.6753 ], [ 23.81197, 37.66345 ], [ 23.82295, 37.65294 ], [ 23.83661, 37.64375 ], [ 23.84254, 37.62223 ], [ 23.84835, 37.6118 ], [ 23.85665, 37.60132 ], [ 23.87949, 37.58268 ], [ 23.90627, 37.57051 ], [ 23.88488, 37.56962 ], [ 23.86526, 37.56589 ], [ 23.84699, 37.55911 ], [ 23.83112, 37.54987 ], [ 23.81728, 37.53786 ], [ 23.80621, 37.52316 ], [ 23.79987, 37.50902 ], [ 23.79692, 37.49296 ], [ 23.79767, 37.47933 ], [ 23.80136, 37.46601 ], [ 23.80787, 37.45338 ], [ 23.81702, 37.44182 ], [ 23.85659, 37.40731 ], [ 23.87172, 37.39855 ], [ 23.89613, 37.38801 ], [ 23.91719, 37.38333 ], [ 23.9445, 37.3816 ], [ 23.9685, 37.38433 ], [ 23.98975, 37.39059 ], [ 24.00915, 37.40079 ], [ 24.02412, 37.41329 ], [ 24.03607, 37.42936 ], [ 24.04268, 37.44601 ], [ 24.04453, 37.46341 ], [ 24.04115, 37.4819 ], [ 24.03523, 37.49482 ], [ 24.01799, 37.52072 ], [ 24.0035, 37.53517 ], [ 23.98806, 37.54612 ], [ 23.97257, 37.55351 ], [ 23.94134, 37.56489 ], [ 23.97535, 37.56571 ], [ 24.0021, 37.57175 ], [ 24.03394, 37.56928 ], [ 24.06336, 37.5736 ], [ 24.08833, 37.56731 ], [ 24.1151, 37.56642 ], [ 24.14058, 37.57098 ], [ 24.16463, 37.58102 ], [ 24.16674, 37.56589 ], [ 24.17244, 37.55131 ], [ 24.17163, 37.52639 ], [ 24.17347, 37.51287 ], [ 24.17935, 37.4975 ], [ 24.18964, 37.48173 ], [ 24.20422, 37.46661 ], [ 24.22271, 37.45476 ], [ 24.24441, 37.44666 ], [ 24.26856, 37.44282 ], [ 24.26497, 37.42574 ], [ 24.26559, 37.40212 ], [ 24.27067, 37.38489 ], [ 24.28018, 37.369 ], [ 24.2733, 37.35496 ], [ 24.26462, 37.32973 ], [ 24.26218, 37.31747 ], [ 24.26303, 37.29622 ], [ 24.2661, 37.28231 ], [ 24.27078, 37.2705 ], [ 24.2839, 37.2521 ], [ 24.30143, 37.23786 ], [ 24.32446, 37.22697 ], [ 24.35004, 37.2211 ], [ 24.3389, 37.20596 ], [ 24.32713, 37.18494 ], [ 24.31387, 37.13754 ], [ 24.31265, 37.12435 ], [ 24.31397, 37.11193 ], [ 24.31771, 37.09982 ], [ 24.32415, 37.08739 ], [ 24.33551, 37.07279 ], [ 24.34969, 37.06092 ], [ 24.36767, 37.05105 ], [ 24.38638, 37.04475 ], [ 24.4063, 37.04161 ], [ 24.43029, 37.04173 ], [ 24.45555, 37.0329 ], [ 24.48503, 37.02919 ], [ 24.50701, 37.02967 ], [ 24.5353, 37.03479 ], [ 24.5356, 37.01997 ], [ 24.53941, 37.00527 ], [ 24.54659, 36.99011 ], [ 24.55625, 36.97717 ], [ 24.5578, 36.96529 ], [ 24.56129, 36.95431 ], [ 24.57627, 36.92743 ], [ 24.55927, 36.92863 ], [ 24.54205, 36.92746 ], [ 24.52386, 36.92357 ], [ 24.50813, 36.91772 ], [ 24.46276, 36.89004 ], [ 24.44322, 36.8736 ], [ 24.43312, 36.86182 ], [ 24.40834, 36.86587 ], [ 24.38333, 36.86484 ], [ 24.36085, 36.85937 ], [ 24.33506, 36.8482 ], [ 24.31666, 36.86463 ], [ 24.2944, 36.87601 ], [ 24.25953, 36.88423 ], [ 24.23339, 36.88587 ], [ 24.20829, 36.88248 ], [ 24.1782, 36.87321 ], [ 24.15963, 36.86402 ], [ 24.14401, 36.85182 ], [ 24.12936, 36.83276 ], [ 24.12175, 36.81202 ], [ 24.12054, 36.7898 ], [ 24.12573, 36.76131 ], [ 24.13069, 36.74941 ], [ 24.13709, 36.73934 ], [ 24.15499, 36.72173 ], [ 24.19083, 36.69951 ], [ 24.20667, 36.6934 ], [ 24.22297, 36.68967 ], [ 24.21836, 36.67349 ], [ 24.2179, 36.65249 ], [ 24.21476, 36.63698 ], [ 24.21672, 36.61538 ], [ 24.19856, 36.62642 ], [ 24.17834, 36.63376 ], [ 24.157, 36.63734 ], [ 24.13457, 36.63709 ], [ 24.11291, 36.6329 ], [ 24.09272, 36.62486 ], [ 24.07517, 36.61336 ], [ 24.06149, 36.59934 ], [ 24.04853, 36.5788 ], [ 24.04245, 36.56187 ], [ 24.04111, 36.54407 ], [ 24.04514, 36.52527 ], [ 24.05447, 36.5079 ], [ 24.0686, 36.49276 ], [ 24.08712, 36.4805 ], [ 24.10816, 36.47229 ], [ 24.13411, 36.46802 ], [ 24.16207, 36.46965 ], [ 24.19276, 36.47879 ], [ 24.21508, 36.49083 ], [ 24.23271, 36.50728 ], [ 24.24415, 36.52665 ], [ 24.2488, 36.54776 ], [ 24.24658, 36.56953 ], [ 24.26341, 36.55901 ], [ 24.28384, 36.55125 ], [ 24.30545, 36.54737 ], [ 24.32601, 36.54728 ], [ 24.34462, 36.55019 ], [ 24.36168, 36.55564 ], [ 24.37743, 36.56365 ], [ 24.3908, 36.57365 ], [ 24.42372, 36.57578 ], [ 24.45012, 36.57937 ], [ 24.46964, 36.5773 ], [ 24.48839, 36.57814 ], [ 24.50513, 36.58138 ], [ 24.53271, 36.59001 ], [ 24.55594, 36.59342 ], [ 24.57876, 36.60168 ], [ 24.59867, 36.61445 ], [ 24.62271, 36.6379 ], [ 24.63812, 36.66159 ], [ 24.65941, 36.66236 ], [ 24.67905, 36.6664 ], [ 24.70591, 36.67699 ], [ 24.72585, 36.68722 ], [ 24.74103, 36.69826 ], [ 24.75287, 36.71107 ], [ 24.76145, 36.7258 ], [ 24.76615, 36.74169 ], [ 24.76683, 36.75676 ], [ 24.76301, 36.78436 ], [ 24.75422, 36.80725 ], [ 24.74712, 36.81955 ], [ 24.76201, 36.82366 ], [ 24.77588, 36.82958 ], [ 24.79665, 36.84116 ], [ 24.80952, 36.85099 ], [ 24.82432, 36.86874 ], [ 24.83278, 36.88926 ], [ 24.84831, 36.9046 ], [ 24.8582, 36.91993 ], [ 24.86395, 36.9089 ], [ 24.87209, 36.89823 ], [ 24.88318, 36.88776 ], [ 24.89478, 36.87956 ], [ 24.92105, 36.8681 ], [ 24.95255, 36.8627 ], [ 24.98079, 36.86387 ], [ 25.01576, 36.87166 ], [ 25.03334, 36.86412 ], [ 25.05287, 36.85947 ], [ 25.07325, 36.85806 ], [ 25.09357, 36.86002 ], [ 25.11007, 36.86423 ], [ 25.12548, 36.8707 ], [ 25.14152, 36.88092 ], [ 25.15417, 36.89304 ], [ 25.16431, 36.89635 ], [ 25.18668, 36.8954 ], [ 25.20779, 36.89814 ], [ 25.22266, 36.90241 ], [ 25.2392, 36.90951 ], [ 25.25862, 36.91058 ], [ 25.27674, 36.91439 ], [ 25.29094, 36.9196 ], [ 25.30554, 36.92723 ], [ 25.31598, 36.9179 ], [ 25.32747, 36.91036 ], [ 25.3365, 36.89306 ], [ 25.31595, 36.87727 ], [ 25.29903, 36.87687 ], [ 25.28219, 36.87413 ], [ 25.26341, 36.868 ], [ 25.23848, 36.8627 ], [ 25.22047, 36.85535 ], [ 25.20645, 36.8466 ], [ 25.1924, 36.83421 ], [ 25.17373, 36.81057 ], [ 25.16603, 36.79757 ], [ 25.11724, 36.79316 ], [ 25.10217, 36.78941 ], [ 25.08797, 36.7838 ], [ 25.06788, 36.77205 ], [ 25.05144, 36.76635 ], [ 25.03591, 36.75799 ], [ 25.00758, 36.73537 ], [ 24.99869, 36.72495 ], [ 24.99224, 36.71414 ], [ 24.9721, 36.70756 ], [ 24.94839, 36.71427 ], [ 24.91789, 36.73256 ], [ 24.90102, 36.73993 ], [ 24.88175, 36.74481 ], [ 24.85781, 36.74711 ], [ 24.83405, 36.74499 ], [ 24.81055, 36.73832 ], [ 24.77993, 36.72501 ], [ 24.7588, 36.70918 ], [ 24.7485, 36.69661 ], [ 24.74132, 36.68272 ], [ 24.7375, 36.66799 ], [ 24.73719, 36.65294 ], [ 24.74004, 36.63918 ], [ 24.7452, 36.62713 ], [ 24.75827, 36.60692 ], [ 24.77071, 36.59226 ], [ 24.79534, 36.57055 ], [ 24.80845, 36.56287 ], [ 24.82359, 36.55677 ], [ 24.84326, 36.53989 ], [ 24.86283, 36.52862 ], [ 24.87981, 36.52224 ], [ 24.89702, 36.5179 ], [ 24.92243, 36.51368 ], [ 24.951, 36.51233 ], [ 24.97193, 36.51435 ], [ 24.99288, 36.52011 ], [ 25.00788, 36.52686 ], [ 25.02146, 36.53576 ], [ 25.05559, 36.55073 ], [ 25.10024, 36.55665 ], [ 25.1263, 36.5642 ], [ 25.19132, 36.5959 ], [ 25.22266, 36.6181 ], [ 25.2359, 36.63007 ], [ 25.25028, 36.61511 ], [ 25.28856, 36.58271 ], [ 25.30542, 36.57291 ], [ 25.32316, 36.56644 ], [ 25.34464, 36.56249 ], [ 25.36676, 36.56242 ], [ 25.41076, 36.5691 ], [ 25.43202, 36.57548 ], [ 25.44933, 36.58447 ], [ 25.46382, 36.59596 ], [ 25.4754, 36.60982 ], [ 25.48327, 36.6251 ], [ 25.49249, 36.6568 ], [ 25.49346, 36.6792 ], [ 25.49944, 36.69233 ], [ 25.50259, 36.70717 ], [ 25.50154, 36.72686 ], [ 25.4946, 36.74591 ], [ 25.51492, 36.75282 ], [ 25.53718, 36.75321 ], [ 25.56003, 36.7579 ], [ 25.57957, 36.76595 ], [ 25.59598, 36.77656 ], [ 25.60782, 36.76833 ], [ 25.62143, 36.76153 ], [ 25.65025, 36.75372 ], [ 25.65808, 36.74347 ], [ 25.67358, 36.72816 ], [ 25.69735, 36.71016 ], [ 25.67202, 36.71152 ], [ 25.64077, 36.70716 ], [ 25.61556, 36.69712 ], [ 25.59563, 36.68274 ], [ 25.58054, 36.66365 ], [ 25.57271, 36.64207 ], [ 25.57247, 36.62083 ], [ 25.57984, 36.59819 ], [ 25.58883, 36.58477 ], [ 25.60443, 36.56879 ], [ 25.62318, 36.55537 ], [ 25.63929, 36.54734 ], [ 25.65755, 36.54169 ], [ 25.67681, 36.53898 ], [ 25.69714, 36.53931 ], [ 25.71584, 36.54263 ], [ 25.74571, 36.55288 ], [ 25.7677, 36.56681 ], [ 25.78401, 36.58507 ], [ 25.79012, 36.59658 ], [ 25.79366, 36.60748 ], [ 25.79532, 36.62001 ], [ 25.7947, 36.63136 ], [ 25.78753, 36.65329 ], [ 25.77126, 36.67489 ], [ 25.75081, 36.6908 ], [ 25.78154, 36.68738 ], [ 25.80394, 36.68716 ], [ 25.82292, 36.68902 ], [ 25.84485, 36.69484 ], [ 25.86662, 36.70524 ], [ 25.88926, 36.7089 ], [ 25.91735, 36.71873 ], [ 25.94192, 36.73177 ], [ 25.95998, 36.74709 ], [ 25.98046, 36.75925 ], [ 25.99536, 36.77373 ], [ 26.00533, 36.78992 ], [ 26.03407, 36.80976 ], [ 26.04285, 36.81365 ], [ 26.06065, 36.81191 ], [ 26.08955, 36.81268 ], [ 26.11464, 36.81809 ], [ 26.13343, 36.82516 ], [ 26.15752, 36.82005 ], [ 26.18136, 36.81974 ], [ 26.1984, 36.82235 ], [ 26.21475, 36.82731 ], [ 26.23572, 36.83812 ], [ 26.25264, 36.85267 ], [ 26.26455, 36.87012 ], [ 26.27085, 36.89037 ], [ 26.29411, 36.89008 ], [ 26.31606, 36.89311 ], [ 26.33205, 36.89797 ], [ 26.35285, 36.90733 ], [ 26.372, 36.91297 ], [ 26.40206, 36.91347 ], [ 26.46015, 36.91107 ], [ 26.47858, 36.91344 ], [ 26.49507, 36.91811 ], [ 26.51706, 36.91978 ], [ 26.54341, 36.92736 ], [ 26.56589, 36.9403 ], [ 26.5776, 36.95096 ], [ 26.58672, 36.96277 ], [ 26.59326, 36.97567 ], [ 26.59689, 36.98928 ], [ 26.59751, 37.00342 ], [ 26.59511, 37.01712 ], [ 26.5904, 37.02915 ], [ 26.58152, 37.04399 ], [ 26.57022, 37.05734 ], [ 26.55724, 37.06796 ], [ 26.54346, 37.0759 ], [ 26.52732, 37.08219 ], [ 26.50966, 37.09267 ], [ 26.48364, 37.10114 ], [ 26.45438, 37.10348 ], [ 26.41938, 37.09807 ], [ 26.40368, 37.09253 ], [ 26.37055, 37.07645 ], [ 26.32874, 37.06846 ], [ 26.31165, 37.0707 ], [ 26.29447, 37.07059 ], [ 26.27554, 37.06767 ], [ 26.25069, 37.06638 ], [ 26.22834, 37.06071 ], [ 26.20461, 37.04865 ], [ 26.18691, 37.03284 ], [ 26.17457, 37.01266 ], [ 26.16982, 36.99166 ], [ 26.1387, 36.98882 ], [ 26.12423, 36.98471 ], [ 26.10975, 36.97841 ], [ 26.09523, 36.98387 ], [ 26.08239, 36.99405 ], [ 26.06711, 37.00274 ], [ 26.03434, 37.01461 ], [ 26.01748, 37.01728 ], [ 26.00186, 37.01767 ], [ 25.98636, 37.01611 ], [ 25.96627, 37.01169 ], [ 25.91643, 36.99419 ], [ 25.90011, 36.98412 ], [ 25.88218, 36.96827 ], [ 25.85632, 36.96425 ], [ 25.83106, 36.95437 ], [ 25.81103, 36.94012 ], [ 25.79539, 36.92064 ], [ 25.78133, 36.91272 ], [ 25.77346, 36.92412 ], [ 25.75206, 36.94849 ], [ 25.73561, 36.96242 ], [ 25.73946, 36.97571 ], [ 25.74049, 36.98994 ], [ 25.76385, 36.99894 ], [ 25.78322, 37.01196 ], [ 25.81938, 37.00724 ], [ 25.84859, 37.00881 ], [ 25.87636, 37.01715 ], [ 25.8994, 37.03113 ], [ 25.91516, 37.04603 ], [ 25.92409, 37.05784 ], [ 25.93953, 37.09524 ], [ 25.94133, 37.1079 ], [ 25.94062, 37.12049 ], [ 25.92974, 37.15725 ], [ 25.94701, 37.15847 ], [ 25.96233, 37.16161 ], [ 25.97684, 37.16663 ], [ 25.99017, 37.17342 ], [ 26.00199, 37.1818 ], [ 26.01216, 37.19172 ], [ 26.02009, 37.20257 ], [ 26.02589, 37.21453 ], [ 26.03004, 37.2316 ], [ 26.02944, 37.24897 ], [ 26.02411, 37.26582 ], [ 26.01345, 37.28238 ], [ 25.99937, 37.29566 ], [ 25.9819, 37.30624 ], [ 25.96033, 37.31405 ], [ 25.93904, 37.31786 ], [ 25.91371, 37.31776 ], [ 25.88947, 37.31288 ], [ 25.86868, 37.30404 ], [ 25.85012, 37.2907 ], [ 25.83632, 37.27412 ], [ 25.82798, 37.25509 ], [ 25.82589, 37.23532 ], [ 25.82995, 37.21594 ], [ 25.80193, 37.21611 ], [ 25.77571, 37.21066 ], [ 25.75525, 37.20159 ], [ 25.73915, 37.19754 ], [ 25.72522, 37.19192 ], [ 25.71021, 37.183 ], [ 25.69846, 37.17293 ], [ 25.68219, 37.17301 ], [ 25.66395, 37.20247 ], [ 25.65431, 37.21507 ], [ 25.61061, 37.25835 ], [ 25.58411, 37.27373 ], [ 25.55466, 37.28173 ], [ 25.53317, 37.28308 ], [ 25.5117, 37.28097 ], [ 25.49464, 37.27675 ], [ 25.45936, 37.26402 ], [ 25.43763, 37.2544 ], [ 25.41844, 37.24146 ], [ 25.40206, 37.22656 ], [ 25.39194, 37.21406 ], [ 25.37171, 37.20814 ], [ 25.35608, 37.21886 ], [ 25.32682, 37.2331 ], [ 25.30782, 37.23873 ], [ 25.28621, 37.24124 ], [ 25.26567, 37.24053 ], [ 25.23499, 37.23445 ], [ 25.21681, 37.23451 ], [ 25.19978, 37.23213 ], [ 25.17777, 37.22516 ], [ 25.1575, 37.21369 ], [ 25.15026, 37.22954 ], [ 25.13867, 37.24414 ], [ 25.12339, 37.2564 ], [ 25.10654, 37.26518 ], [ 25.08577, 37.27153 ], [ 25.06533, 37.27402 ], [ 25.04346, 37.27294 ], [ 25.02344, 37.26844 ], [ 25.00021, 37.25806 ], [ 24.98126, 37.24316 ], [ 24.96796, 37.22487 ], [ 24.96102, 37.20324 ], [ 24.96047, 37.19198 ], [ 24.96193, 37.18072 ], [ 24.97075, 37.15925 ], [ 24.98675, 37.14066 ], [ 25.00796, 37.12671 ], [ 25.00232, 37.11103 ], [ 24.99265, 37.10079 ], [ 24.98088, 37.09233 ], [ 24.97052, 37.082 ], [ 24.94576, 37.06335 ], [ 24.92977, 37.04349 ], [ 24.91365, 37.0332 ], [ 24.90053, 37.02049 ], [ 24.88147, 37.00584 ], [ 24.86897, 36.9917 ], [ 24.86017, 36.97587 ], [ 24.85059, 36.99489 ], [ 24.82039, 37.03275 ], [ 24.80475, 37.04762 ], [ 24.79254, 37.06352 ], [ 24.77535, 37.07892 ], [ 24.75205, 37.09294 ], [ 24.73697, 37.09947 ], [ 24.71164, 37.10531 ], [ 24.67569, 37.11669 ], [ 24.66079, 37.11957 ], [ 24.66449, 37.13487 ], [ 24.66446, 37.14981 ], [ 24.66092, 37.16448 ], [ 24.65406, 37.17828 ], [ 24.66799, 37.18458 ], [ 24.68144, 37.19331 ], [ 24.6928, 37.20375 ], [ 24.70172, 37.2156 ], [ 24.70794, 37.22848 ], [ 24.71179, 37.24289 ], [ 24.71235, 37.25662 ], [ 24.70992, 37.27023 ], [ 24.6993, 37.29264 ], [ 24.68213, 37.31073 ], [ 24.6538, 37.328 ], [ 24.62047, 37.33812 ], [ 24.60435, 37.35713 ], [ 24.5806, 37.37287 ], [ 24.58456, 37.38479 ], [ 24.58625, 37.39762 ], [ 24.58546, 37.40982 ], [ 24.58219, 37.42217 ], [ 24.57508, 37.43892 ], [ 24.55891, 37.4628 ], [ 24.53836, 37.48409 ], [ 24.53555, 37.5008 ], [ 24.52815, 37.51704 ], [ 24.51745, 37.53065 ], [ 24.5035, 37.54227 ], [ 24.4869, 37.55142 ], [ 24.46659, 37.5584 ], [ 24.48583, 37.58491 ], [ 24.49437, 37.60367 ], [ 24.50356, 37.61888 ], [ 24.50847, 37.63303 ], [ 24.51049, 37.65129 ], [ 24.5093, 37.6649 ], [ 24.50555, 37.67828 ], [ 24.4976, 37.69394 ], [ 24.48061, 37.71426 ], [ 24.45576, 37.73563 ], [ 24.42003, 37.75422 ], [ 24.39402, 37.76167 ], [ 24.356, 37.76678 ], [ 24.32547, 37.76487 ], [ 24.28327, 37.75311 ], [ 24.26833, 37.74592 ], [ 24.25415, 37.73606 ], [ 24.2536, 37.7503 ], [ 24.24966, 37.76466 ], [ 24.24384, 37.77602 ], [ 24.22877, 37.79826 ], [ 24.21751, 37.80988 ], [ 24.20489, 37.81922 ], [ 24.19026, 37.82676 ], [ 24.17342, 37.83237 ], [ 24.15787, 37.85014 ], [ 24.15808, 37.86134 ], [ 24.1563, 37.87239 ], [ 24.1462, 37.89555 ], [ 24.14597, 37.90901 ], [ 24.14181, 37.93375 ], [ 24.13681, 37.94676 ], [ 24.12964, 37.95811 ], [ 24.13242, 37.96425 ], [ 24.14399, 37.94334 ], [ 24.15461, 37.93075 ], [ 24.16527, 37.92154 ], [ 24.18979, 37.90797 ], [ 24.22047, 37.89889 ], [ 24.25377, 37.89652 ], [ 24.28495, 37.89903 ], [ 24.30691, 37.90283 ], [ 24.32013, 37.89514 ], [ 24.33402, 37.88951 ], [ 24.35934, 37.88185 ], [ 24.37946, 37.87896 ], [ 24.40458, 37.87994 ], [ 24.4288, 37.88592 ], [ 24.44921, 37.87891 ], [ 24.46836, 37.86677 ], [ 24.48346, 37.85989 ], [ 24.50005, 37.85511 ], [ 24.5181, 37.85264 ], [ 24.54033, 37.85314 ], [ 24.56193, 37.85752 ], [ 24.58247, 37.86585 ], [ 24.59929, 37.87698 ], [ 24.60662, 37.86796 ], [ 24.61577, 37.84547 ], [ 24.6234, 37.83233 ], [ 24.64102, 37.81448 ], [ 24.64972, 37.80195 ], [ 24.66061, 37.79131 ], [ 24.67244, 37.78302 ], [ 24.68695, 37.77583 ], [ 24.70131, 37.77108 ], [ 24.71708, 37.76807 ], [ 24.73211, 37.75583 ], [ 24.74893, 37.74691 ], [ 24.76316, 37.73584 ], [ 24.7718, 37.7262 ], [ 24.78268, 37.71733 ], [ 24.81222, 37.70104 ], [ 24.8193, 37.68452 ], [ 24.8059, 37.69491 ], [ 24.79157, 37.70257 ], [ 24.7743, 37.70857 ], [ 24.75695, 37.71182 ], [ 24.72171, 37.7126 ], [ 24.68522, 37.7083 ], [ 24.66315, 37.7023 ], [ 24.63807, 37.68869 ], [ 24.61907, 37.68439 ], [ 24.60204, 37.67748 ], [ 24.5895, 37.66996 ], [ 24.57502, 37.65825 ], [ 24.564, 37.6461 ], [ 24.5559, 37.63221 ], [ 24.55115, 37.61661 ], [ 24.55036, 37.60151 ], [ 24.55536, 37.58067 ], [ 24.56807, 37.56059 ], [ 24.58525, 37.54551 ], [ 24.61191, 37.53085 ], [ 24.63688, 37.52347 ], [ 24.70022, 37.51505 ], [ 24.71674, 37.50839 ], [ 24.73334, 37.50445 ], [ 24.75527, 37.50283 ], [ 24.77648, 37.50494 ], [ 24.77925, 37.49123 ], [ 24.78467, 37.47868 ], [ 24.77148, 37.46243 ], [ 24.7637, 37.44479 ], [ 24.75504, 37.40307 ], [ 24.75495, 37.38995 ], [ 24.75716, 37.37761 ], [ 24.76495, 37.35998 ], [ 24.77964, 37.34125 ], [ 24.78622, 37.3277 ], [ 24.79528, 37.31581 ], [ 24.81352, 37.30061 ], [ 24.83656, 37.28959 ], [ 24.86463, 37.28359 ], [ 24.89408, 37.28418 ], [ 24.91385, 37.28854 ], [ 24.95581, 37.30351 ], [ 24.9874, 37.30979 ], [ 25.00405, 37.29891 ], [ 25.02479, 37.29064 ], [ 25.0466, 37.28645 ], [ 25.07031, 37.28634 ], [ 25.09039, 37.28986 ], [ 25.10905, 37.29652 ], [ 25.12554, 37.30602 ], [ 25.14, 37.31841 ], [ 25.15038, 37.30955 ], [ 25.16278, 37.30182 ], [ 25.17656, 37.29574 ], [ 25.19178, 37.29136 ], [ 25.21479, 37.28854 ], [ 25.24019, 37.29034 ], [ 25.2585, 37.28801 ], [ 25.27854, 37.28857 ], [ 25.29703, 37.292 ], [ 25.31425, 37.29809 ], [ 25.32972, 37.30665 ], [ 25.3432, 37.31767 ], [ 25.3548, 37.32306 ], [ 25.37495, 37.32558 ], [ 25.4076, 37.33455 ], [ 25.42601, 37.33707 ], [ 25.44227, 37.3418 ], [ 25.4598, 37.35016 ], [ 25.47666, 37.36261 ], [ 25.50251, 37.34439 ], [ 25.52759, 37.3341 ], [ 25.5598, 37.32888 ], [ 25.58919, 37.33078 ], [ 25.60831, 37.336 ], [ 25.62919, 37.34529 ], [ 25.64455, 37.35603 ], [ 25.65706, 37.36924 ], [ 25.67095, 37.39173 ], [ 25.67696, 37.40772 ], [ 25.67878, 37.42511 ], [ 25.67576, 37.44246 ], [ 25.67074, 37.45424 ], [ 25.66345, 37.46526 ], [ 25.65409, 37.47523 ], [ 25.64287, 37.48392 ], [ 25.62781, 37.49219 ], [ 25.61194, 37.49804 ], [ 25.59534, 37.50156 ], [ 25.57831, 37.50277 ], [ 25.56116, 37.51976 ], [ 25.53961, 37.53208 ], [ 25.52234, 37.53782 ], [ 25.50007, 37.54814 ], [ 25.46897, 37.55564 ], [ 25.45255, 37.56467 ], [ 25.43172, 37.57197 ], [ 25.41323, 37.57522 ], [ 25.38103, 37.57557 ], [ 25.35273, 37.5795 ], [ 25.35409, 37.59272 ], [ 25.35299, 37.61898 ], [ 25.3502, 37.63121 ], [ 25.34502, 37.64294 ], [ 25.33672, 37.65492 ], [ 25.32577, 37.66573 ], [ 25.29166, 37.68726 ], [ 25.25, 37.70438 ], [ 25.2201, 37.71475 ], [ 25.19723, 37.71873 ], [ 25.17858, 37.71945 ], [ 25.14488, 37.72897 ], [ 25.12185, 37.73226 ], [ 25.09591, 37.74623 ], [ 25.1004, 37.7657 ], [ 25.09878, 37.78541 ], [ 25.09117, 37.80415 ], [ 25.07974, 37.81929 ], [ 25.07729, 37.83177 ], [ 25.0723, 37.84406 ], [ 25.05691, 37.86471 ], [ 25.0581, 37.88804 ], [ 25.05618, 37.90808 ], [ 25.05293, 37.92022 ], [ 25.04716, 37.93202 ], [ 25.03839, 37.94403 ], [ 25.02839, 37.95368 ], [ 25.01485, 37.96332 ], [ 24.99909, 37.97145 ], [ 24.97538, 37.9796 ], [ 24.95473, 37.98298 ], [ 24.92674, 37.98393 ], [ 24.92048, 37.99564 ], [ 24.9112, 38.00747 ], [ 24.89991, 38.01783 ], [ 24.88487, 38.02784 ], [ 24.87652, 38.04047 ], [ 24.86614, 38.05116 ], [ 24.84728, 38.06386 ], [ 24.82355, 38.07349 ], [ 24.79608, 38.07803 ], [ 24.76462, 38.07637 ], [ 24.72528, 38.06968 ], [ 24.68851, 38.0572 ], [ 24.68694, 38.0783 ], [ 24.6817, 38.09466 ], [ 24.68075, 38.103 ], [ 24.69858, 38.14153 ], [ 24.70107, 38.15487 ], [ 24.70061, 38.16835 ], [ 24.69678, 38.18275 ], [ 24.68885, 38.1974 ], [ 24.67733, 38.21049 ], [ 24.6639, 38.22072 ], [ 24.64966, 38.22822 ], [ 24.63515, 38.23339 ], [ 24.6199, 38.23666 ], [ 24.6026, 38.23803 ], [ 24.57766, 38.23773 ], [ 24.5621, 38.23583 ], [ 24.54421, 38.23105 ], [ 24.52771, 38.22367 ], [ 24.49174, 38.22567 ], [ 24.46565, 38.22341 ], [ 24.45298, 38.23151 ], [ 24.438, 38.23817 ], [ 24.41721, 38.24356 ], [ 24.39437, 38.24531 ], [ 24.37732, 38.25494 ], [ 24.35833, 38.26153 ], [ 24.3574, 38.28747 ], [ 24.35244, 38.30745 ], [ 24.34667, 38.32031 ], [ 24.33674, 38.3344 ], [ 24.33048, 38.34851 ], [ 24.31954, 38.36288 ], [ 24.31711, 38.38199 ], [ 24.308, 38.40352 ], [ 24.30822, 38.41515 ], [ 24.30617, 38.42734 ], [ 24.29431, 38.45425 ], [ 24.30754, 38.46333 ], [ 24.31922, 38.4749 ], [ 24.32729, 38.4868 ], [ 24.33298, 38.50082 ], [ 24.33522, 38.51909 ], [ 24.33233, 38.53608 ], [ 24.32304, 38.5575 ], [ 24.31003, 38.57397 ], [ 24.31865, 38.5909 ], [ 24.32197, 38.6082 ], [ 24.33344, 38.61862 ], [ 24.34289, 38.63129 ], [ 24.34914, 38.64511 ], [ 24.35196, 38.65906 ], [ 24.35085, 38.67757 ], [ 24.3445, 38.69478 ], [ 24.3333, 38.71062 ], [ 24.31772, 38.72401 ], [ 24.30395, 38.7319 ], [ 24.28856, 38.73803 ], [ 24.27205, 38.742 ], [ 24.25552, 38.74373 ], [ 24.22438, 38.74174 ], [ 24.2095, 38.73793 ], [ 24.19433, 38.73174 ], [ 24.17692, 38.73962 ], [ 24.16229, 38.74414 ], [ 24.1436, 38.74739 ], [ 24.12726, 38.74813 ], [ 24.10735, 38.75456 ], [ 24.07199, 38.76278 ], [ 24.05656, 38.76486 ], [ 24.03155, 38.76422 ], [ 24.00771, 38.75908 ], [ 23.99145, 38.76032 ], [ 23.97077, 38.75958 ], [ 23.94312, 38.75377 ], [ 23.90337, 38.76024 ], [ 23.87222, 38.75882 ], [ 23.83039, 38.7722 ], [ 23.81503, 38.78531 ], [ 23.79884, 38.80457 ], [ 23.78808, 38.81457 ], [ 23.76921, 38.82877 ], [ 23.7524, 38.83767 ], [ 23.73062, 38.84439 ], [ 23.70742, 38.84698 ], [ 23.68408, 38.84528 ], [ 23.66083, 38.83919 ], [ 23.63935, 38.85202 ], [ 23.59559, 38.8687 ], [ 23.57332, 38.88487 ], [ 23.54715, 38.89528 ], [ 23.53896, 38.91678 ], [ 23.54899, 38.93414 ], [ 23.55326, 38.95211 ], [ 23.55201, 38.97035 ], [ 23.54524, 38.98815 ], [ 23.53441, 39.00296 ], [ 23.5194, 39.01582 ], [ 23.4972, 39.02734 ], [ 23.47045, 39.03408 ], [ 23.46602, 39.04199 ], [ 23.49107, 39.03787 ], [ 23.51968, 39.03874 ], [ 23.54243, 39.04295 ], [ 23.56363, 39.05132 ], [ 23.57226, 39.04033 ], [ 23.58385, 39.02996 ], [ 23.59702, 39.02161 ], [ 23.61043, 39.01563 ], [ 23.6325, 39.00932 ], [ 23.65501, 39.00688 ], [ 23.69389, 38.9942 ], [ 23.72334, 38.99135 ], [ 23.74894, 38.99446 ], [ 23.78183, 39.00456 ], [ 23.82934, 39.02812 ], [ 23.84065, 39.03647 ], [ 23.85315, 39.04899 ], [ 23.8593, 39.03498 ], [ 23.8696, 39.02122 ], [ 23.88303, 39.00955 ], [ 23.89934, 39.00013 ], [ 23.91631, 38.99387 ], [ 23.93597, 38.99 ], [ 23.95624, 38.98931 ], [ 23.97548, 38.99166 ], [ 23.99021, 38.97718 ], [ 24.00877, 38.96589 ], [ 24.03023, 38.95829 ], [ 24.05337, 38.95482 ], [ 24.07692, 38.95566 ], [ 24.09973, 38.96078 ], [ 24.11755, 38.96837 ], [ 24.1381, 38.98162 ], [ 24.16478, 38.98927 ], [ 24.1827, 38.99758 ], [ 24.19667, 39.00743 ], [ 24.208, 39.01915 ], [ 24.21924, 39.03621 ], [ 24.22475, 39.0503 ], [ 24.2268, 39.06429 ], [ 24.22603, 39.07949 ], [ 24.21993, 39.10022 ], [ 24.21617, 39.12087 ], [ 24.21008, 39.13336 ], [ 24.19849, 39.14942 ], [ 24.18632, 39.16042 ], [ 24.17172, 39.16947 ], [ 24.15592, 39.17606 ], [ 24.1397, 39.18027 ], [ 24.08963, 39.18445 ], [ 24.09978, 39.19969 ], [ 24.10526, 39.21584 ], [ 24.13195, 39.22194 ], [ 24.15568, 39.23369 ], [ 24.17336, 39.24909 ], [ 24.18508, 39.26729 ], [ 24.20917, 39.2797 ], [ 24.22754, 39.2962 ], [ 24.24092, 39.28208 ], [ 24.25879, 39.26987 ], [ 24.27682, 39.26219 ], [ 24.30247, 39.25567 ], [ 24.32416, 39.25373 ], [ 24.34613, 39.25551 ], [ 24.3656, 39.26033 ], [ 24.38467, 39.26883 ], [ 24.40092, 39.2804 ], [ 24.41347, 39.29443 ], [ 24.42035, 39.30675 ], [ 24.43016, 39.33422 ], [ 24.43266, 39.3474 ], [ 24.43289, 39.36775 ], [ 24.42973, 39.38516 ], [ 24.42455, 39.39815 ], [ 24.41384, 39.41339 ], [ 24.40046, 39.42551 ], [ 24.38345, 39.43558 ], [ 24.36525, 39.4423 ], [ 24.34396, 39.44624 ], [ 24.32307, 39.44664 ], [ 24.29843, 39.44369 ], [ 24.2783, 39.43776 ], [ 24.2736, 39.45065 ], [ 24.27932, 39.46332 ], [ 24.28437, 39.48289 ], [ 24.28616, 39.50093 ], [ 24.28188, 39.52584 ], [ 24.27141, 39.54595 ], [ 24.25295, 39.56383 ], [ 24.2285, 39.57675 ], [ 24.2002, 39.58355 ], [ 24.17056, 39.58366 ], [ 24.14648, 39.57852 ], [ 24.12537, 39.56937 ], [ 24.10519, 39.55546 ], [ 24.08884, 39.53806 ], [ 24.08059, 39.52386 ], [ 24.07578, 39.50713 ], [ 24.07601, 39.48299 ], [ 24.08359, 39.46151 ], [ 24.07331, 39.44645 ], [ 24.04122, 39.44263 ], [ 24.01311, 39.43218 ], [ 23.99487, 39.42151 ], [ 23.98226, 39.41091 ], [ 23.96491, 39.39115 ], [ 23.9527, 39.37109 ], [ 23.93465, 39.36965 ], [ 23.91665, 39.36552 ], [ 23.89628, 39.35739 ], [ 23.88135, 39.34858 ], [ 23.8656, 39.33489 ], [ 23.84738, 39.3124 ], [ 23.83584, 39.30171 ], [ 23.82379, 39.2835 ], [ 23.80404, 39.2685 ], [ 23.78827, 39.25898 ], [ 23.77689, 39.24898 ], [ 23.76585, 39.23423 ], [ 23.75953, 39.21907 ], [ 23.73537, 39.22879 ], [ 23.71907, 39.23349 ], [ 23.70557, 39.24656 ], [ 23.67936, 39.26722 ], [ 23.66721, 39.27484 ], [ 23.65082, 39.2819 ], [ 23.63144, 39.28674 ], [ 23.60623, 39.28915 ], [ 23.58295, 39.28747 ], [ 23.55637, 39.28079 ], [ 23.53541, 39.27141 ], [ 23.49866, 39.28622 ], [ 23.46934, 39.29141 ], [ 23.43759, 39.28935 ], [ 23.42255, 39.28547 ], [ 23.40745, 39.27928 ], [ 23.39773, 39.29231 ], [ 23.38296, 39.30723 ], [ 23.3755, 39.32331 ], [ 23.3691, 39.34236 ], [ 23.35465, 39.36272 ], [ 23.3261, 39.39009 ], [ 23.30186, 39.40402 ], [ 23.29525, 39.41025 ], [ 23.28046, 39.43388 ], [ 23.27201, 39.44397 ], [ 23.25229, 39.46132 ], [ 23.23839, 39.47037 ], [ 23.2037, 39.50284 ], [ 23.18728, 39.53188 ], [ 23.17175, 39.54998 ], [ 23.1594, 39.55922 ], [ 23.13913, 39.57032 ], [ 23.10849, 39.59013 ], [ 23.07938, 39.60138 ], [ 23.06639, 39.61072 ], [ 23.05221, 39.61814 ], [ 23.01025, 39.63314 ], [ 23.00463, 39.64374 ], [ 22.99995, 39.66116 ], [ 22.99229, 39.67459 ], [ 22.98978, 39.69173 ], [ 22.98602, 39.70382 ], [ 22.9743, 39.72292 ], [ 22.96568, 39.74323 ], [ 22.95803, 39.7867 ], [ 22.9521, 39.80949 ], [ 22.94642, 39.82598 ], [ 22.93854, 39.83907 ], [ 22.92976, 39.84883 ], [ 22.91896, 39.85754 ], [ 22.90501, 39.86558 ], [ 22.88329, 39.87441 ], [ 22.87188, 39.88594 ], [ 22.8543, 39.89763 ], [ 22.83956, 39.91043 ], [ 22.81703, 39.92305 ], [ 22.81789, 39.93882 ], [ 22.81404, 39.95762 ], [ 22.80133, 39.98272 ], [ 22.78896, 39.99816 ], [ 22.77801, 40.008 ], [ 22.76588, 40.01602 ], [ 22.72977, 40.03478 ], [ 22.69974, 40.0464 ], [ 22.68337, 40.05732 ], [ 22.6774, 40.06992 ], [ 22.66757, 40.084 ], [ 22.66812, 40.1004 ], [ 22.66583, 40.11382 ], [ 22.66156, 40.12501 ], [ 22.65295, 40.13839 ], [ 22.65075, 40.14497 ], [ 22.6716, 40.16503 ], [ 22.68349, 40.18183 ], [ 22.68816, 40.19314 ], [ 22.6905, 40.20484 ], [ 22.69047, 40.2169 ], [ 22.68831, 40.22764 ], [ 22.69426, 40.23968 ], [ 22.69757, 40.25305 ], [ 22.71414, 40.28045 ], [ 22.74744, 40.31949 ], [ 22.75571, 40.3345 ], [ 22.76077, 40.35041 ], [ 22.7618, 40.36837 ], [ 22.75738, 40.38777 ], [ 22.74776, 40.40477 ], [ 22.73375, 40.41918 ], [ 22.73679, 40.42205 ], [ 22.74529, 40.42314 ], [ 22.77056, 40.40973 ], [ 22.77809, 40.39633 ], [ 22.78902, 40.38398 ], [ 22.78801, 40.3728 ], [ 22.78904, 40.36211 ], [ 22.79249, 40.35049 ], [ 22.79759, 40.3405 ], [ 22.81201, 40.32353 ], [ 22.83309, 40.30939 ], [ 22.85257, 40.30183 ], [ 22.87374, 40.29768 ], [ 22.89247, 40.297 ], [ 22.91998, 40.30098 ], [ 22.92412, 40.29973 ], [ 22.93238, 40.28632 ], [ 22.94288, 40.27519 ], [ 22.95637, 40.2653 ], [ 22.97106, 40.25775 ], [ 22.99206, 40.25054 ], [ 23.01735, 40.23906 ], [ 23.06222, 40.22712 ], [ 23.08059, 40.21387 ], [ 23.10387, 40.20353 ], [ 23.13423, 40.1971 ], [ 23.14871, 40.1901 ], [ 23.16329, 40.18524 ], [ 23.1906, 40.18114 ], [ 23.21449, 40.17491 ], [ 23.22216, 40.17074 ], [ 23.21796, 40.15572 ], [ 23.21719, 40.13744 ], [ 23.20916, 40.12351 ], [ 23.20506, 40.1096 ], [ 23.20442, 40.09534 ], [ 23.20693, 40.08209 ], [ 23.21471, 40.05992 ], [ 23.22414, 40.04401 ], [ 23.23659, 40.03038 ], [ 23.2542, 40.01789 ], [ 23.26656, 40.00236 ], [ 23.27008, 39.9951 ], [ 23.26022, 39.97856 ], [ 23.25583, 39.96183 ], [ 23.25636, 39.94489 ], [ 23.26231, 39.92731 ], [ 23.26991, 39.9155 ], [ 23.27987, 39.90499 ], [ 23.29217, 39.89582 ], [ 23.30686, 39.88815 ], [ 23.33154, 39.88068 ], [ 23.35644, 39.87839 ], [ 23.37393, 39.87966 ], [ 23.39115, 39.88333 ], [ 23.43173, 39.88481 ], [ 23.45497, 39.88967 ], [ 23.47948, 39.87822 ], [ 23.51066, 39.86621 ], [ 23.56576, 39.84739 ], [ 23.63221, 39.8387 ], [ 23.66668, 39.8381 ], [ 23.68509, 39.83416 ], [ 23.71335, 39.83101 ], [ 23.74281, 39.83369 ], [ 23.78524, 39.84364 ], [ 23.80341, 39.85042 ], [ 23.81844, 39.85915 ], [ 23.83031, 39.86912 ], [ 23.83966, 39.88044 ], [ 23.8466, 39.89358 ], [ 23.86, 39.8815 ], [ 23.87679, 39.87141 ], [ 23.89511, 39.86452 ], [ 23.91488, 39.86063 ], [ 23.93449, 39.8598 ], [ 23.96336, 39.86233 ], [ 23.99355, 39.86964 ], [ 24.01947, 39.87388 ], [ 24.04125, 39.88154 ], [ 24.05899, 39.89136 ], [ 24.0726, 39.90293 ], [ 24.08465, 39.91853 ], [ 24.09139, 39.93215 ], [ 24.09943, 39.95993 ], [ 24.11108, 39.97381 ], [ 24.11835, 39.98859 ], [ 24.12633, 40.01822 ], [ 24.12601, 40.03861 ], [ 24.11845, 40.05938 ], [ 24.10504, 40.07709 ], [ 24.0963, 40.09464 ], [ 24.09765, 40.11012 ], [ 24.09513, 40.12471 ], [ 24.0891, 40.13856 ], [ 24.07885, 40.15239 ], [ 24.06723, 40.16396 ], [ 24.03982, 40.18528 ], [ 24.02165, 40.19412 ], [ 23.99983, 40.20102 ], [ 23.99057, 40.20987 ], [ 23.97899, 40.218 ], [ 23.95091, 40.23058 ], [ 23.97872, 40.23168 ], [ 23.9976, 40.22387 ], [ 24.01623, 40.21899 ], [ 24.04501, 40.21586 ], [ 24.07256, 40.20949 ], [ 24.09992, 40.20925 ], [ 24.11949, 40.18944 ], [ 24.12276, 40.17856 ], [ 24.12857, 40.16727 ], [ 24.14738, 40.1442 ], [ 24.16493, 40.13057 ], [ 24.18895, 40.11879 ], [ 24.19177, 40.10772 ], [ 24.19649, 40.09742 ], [ 24.20393, 40.08672 ], [ 24.21243, 40.07796 ], [ 24.23183, 40.06109 ], [ 24.24774, 40.05136 ], [ 24.26625, 40.04416 ], [ 24.29037, 40.03901 ], [ 24.31681, 40.03863 ], [ 24.3602, 40.04556 ], [ 24.40014, 40.05912 ], [ 24.43358, 40.06714 ], [ 24.45746, 40.07837 ], [ 24.47968, 40.0959 ], [ 24.48789, 40.10615 ], [ 24.49389, 40.11725 ], [ 24.49736, 40.12755 ], [ 24.49905, 40.13918 ], [ 24.49674, 40.16877 ], [ 24.49289, 40.18032 ], [ 24.48058, 40.20512 ], [ 24.46439, 40.22834 ], [ 24.44191, 40.24905 ], [ 24.42429, 40.26103 ], [ 24.41035, 40.26799 ], [ 24.39541, 40.27968 ], [ 24.37294, 40.29321 ], [ 24.36538, 40.31369 ], [ 24.35912, 40.32483 ], [ 24.32928, 40.35622 ], [ 24.29747, 40.37685 ], [ 24.27346, 40.38688 ], [ 24.25163, 40.40453 ], [ 24.23027, 40.41581 ], [ 24.18507, 40.43173 ], [ 24.15341, 40.4352 ], [ 24.12511, 40.44041 ], [ 24.11947, 40.44648 ], [ 24.11429, 40.46101 ], [ 24.10013, 40.48782 ], [ 24.08702, 40.50392 ], [ 24.07521, 40.51328 ], [ 24.06148, 40.52098 ], [ 24.04718, 40.5265 ], [ 24.03104, 40.53042 ], [ 24.02936, 40.54341 ], [ 24.02483, 40.55599 ], [ 24.01752, 40.56779 ], [ 24.00766, 40.57847 ], [ 23.99511, 40.58801 ], [ 23.97995, 40.59602 ], [ 23.96853, 40.60657 ], [ 23.95438, 40.61581 ], [ 23.93159, 40.62643 ], [ 23.90594, 40.63372 ], [ 23.89621, 40.65216 ], [ 23.87937, 40.66892 ], [ 23.85494, 40.68296 ], [ 23.83038, 40.69079 ], [ 23.82543, 40.69699 ], [ 23.83305, 40.70186 ], [ 23.83941, 40.70336 ], [ 23.86729, 40.68893 ], [ 23.90128, 40.67922 ], [ 23.93328, 40.66636 ], [ 23.99318, 40.65416 ], [ 24.0224, 40.64502 ], [ 24.03803, 40.64317 ], [ 24.07354, 40.6423 ], [ 24.09586, 40.64495 ], [ 24.12048, 40.65031 ], [ 24.14966, 40.66085 ], [ 24.1682, 40.66438 ], [ 24.18413, 40.66963 ], [ 24.20418, 40.67884 ], [ 24.24339, 40.70277 ], [ 24.27704, 40.71584 ], [ 24.29646, 40.72707 ], [ 24.33265, 40.74161 ], [ 24.349, 40.74507 ], [ 24.3726, 40.75286 ], [ 24.40084, 40.76531 ], [ 24.42006, 40.77986 ], [ 24.43316, 40.7972 ], [ 24.43938, 40.81419 ], [ 24.44029, 40.83329 ], [ 24.44572, 40.84354 ], [ 24.44973, 40.85622 ], [ 24.45598, 40.86126 ], [ 24.46903, 40.86672 ], [ 24.49697, 40.8692 ], [ 24.50867, 40.85736 ], [ 24.52552, 40.84515 ], [ 24.53257, 40.83404 ], [ 24.50353, 40.82252 ], [ 24.48233, 40.80678 ], [ 24.46895, 40.78907 ], [ 24.46212, 40.77076 ], [ 24.43892, 40.73959 ], [ 24.42911, 40.71754 ], [ 24.42587, 40.70572 ], [ 24.4186, 40.69173 ], [ 24.4125, 40.67336 ], [ 24.4114, 40.65946 ], [ 24.41231, 40.63485 ], [ 24.41562, 40.61875 ], [ 24.42632, 40.59867 ], [ 24.45334, 40.57001 ], [ 24.46818, 40.55977 ], [ 24.48551, 40.5519 ], [ 24.50312, 40.54674 ], [ 24.52071, 40.54426 ], [ 24.52578, 40.53187 ], [ 24.5329, 40.5211 ], [ 24.54207, 40.5114 ], [ 24.55313, 40.50291 ], [ 24.57305, 40.49172 ], [ 24.58825, 40.48544 ], [ 24.60773, 40.48073 ], [ 24.62648, 40.47915 ], [ 24.65008, 40.48099 ], [ 24.67242, 40.48701 ], [ 24.68856, 40.4946 ], [ 24.70164, 40.50364 ], [ 24.723, 40.51163 ], [ 24.73949, 40.52154 ], [ 24.77782, 40.53013 ], [ 24.80032, 40.53271 ], [ 24.81647, 40.5372 ], [ 24.83515, 40.54584 ], [ 24.8516, 40.55783 ], [ 24.86375, 40.57185 ], [ 24.87795, 40.59757 ], [ 24.88279, 40.61012 ], [ 24.88467, 40.62191 ], [ 24.88209, 40.64273 ], [ 24.8859, 40.66229 ], [ 24.88406, 40.67841 ], [ 24.88632, 40.70469 ], [ 24.8837, 40.72293 ], [ 24.88477, 40.74382 ], [ 24.87804, 40.76451 ], [ 24.8628, 40.7845 ], [ 24.88049, 40.79719 ], [ 24.90207, 40.81981 ], [ 24.92252, 40.83358 ], [ 24.94073, 40.84866 ], [ 24.96009, 40.85441 ], [ 24.9892, 40.85413 ], [ 25.01345, 40.85758 ], [ 25.02937, 40.86173 ], [ 25.0555, 40.87445 ], [ 25.0663, 40.88295 ], [ 25.07537, 40.89284 ], [ 25.09261, 40.88607 ], [ 25.11079, 40.8819 ], [ 25.14063, 40.86942 ], [ 25.16511, 40.86526 ], [ 25.18926, 40.86572 ], [ 25.2143, 40.85511 ], [ 25.23548, 40.84968 ], [ 25.25736, 40.84711 ], [ 25.27509, 40.84726 ], [ 25.29301, 40.8498 ], [ 25.31102, 40.85487 ], [ 25.32774, 40.84539 ], [ 25.34633, 40.83872 ], [ 25.41545, 40.82696 ], [ 25.43943, 40.81843 ], [ 25.46387, 40.80553 ], [ 25.51188, 40.78855 ], [ 25.53017, 40.78422 ], [ 25.56751, 40.78189 ], [ 25.58482, 40.78386 ], [ 25.60241, 40.78842 ], [ 25.61786, 40.78782 ], [ 25.67618, 40.77583 ], [ 25.71773, 40.77017 ], [ 25.73675, 40.76962 ], [ 25.78676, 40.77417 ], [ 25.80697, 40.77439 ], [ 25.82709, 40.77173 ], [ 25.8796, 40.75986 ], [ 25.89775, 40.75858 ], [ 25.91534, 40.75974 ], [ 25.92011, 40.75394 ], [ 25.92007, 40.7362 ], [ 25.92554, 40.71884 ], [ 25.9337, 40.70595 ], [ 25.94936, 40.68853 ], [ 25.99491, 40.70363 ], [ 26.02346, 40.7203 ], [ 26.03644, 40.73025 ], [ 26.07363, 40.72747 ], [ 26.08559, 40.73139 ], [ 26.08821, 40.73544 ], [ 26.09723, 40.73592 ], [ 26.12471, 40.74252 ], [ 26.12847, 40.75489 ], [ 26.12739, 40.75895 ], [ 26.12871, 40.76398 ], [ 26.12688, 40.77122 ], [ 26.12951, 40.7742 ], [ 26.12986, 40.7777 ], [ 26.13448, 40.77908 ], [ 26.1368, 40.78393 ], [ 26.14142, 40.78641 ], [ 26.14144, 40.79312 ], [ 26.15328, 40.80348 ], [ 26.15635, 40.80877 ], [ 26.16412, 40.80749 ], [ 26.16944, 40.81429 ], [ 26.17441, 40.81758 ], [ 26.17666, 40.81759 ], [ 26.1783, 40.813 ], [ 26.18031, 40.81251 ], [ 26.18096, 40.82029 ], [ 26.18751, 40.82125 ], [ 26.19356, 40.82551 ], [ 26.19718, 40.82501 ], [ 26.19946, 40.82028 ], [ 26.20301, 40.82023 ], [ 26.20464, 40.82224 ], [ 26.19983, 40.8263 ], [ 26.20118, 40.83119 ], [ 26.20261, 40.83149 ], [ 26.20598, 40.82702 ], [ 26.20799, 40.82665 ], [ 26.20956, 40.82782 ], [ 26.2086, 40.83198 ], [ 26.21059, 40.83687 ], [ 26.21468, 40.83405 ], [ 26.21998, 40.83412 ], [ 26.21911, 40.83655 ], [ 26.21316, 40.83974 ], [ 26.21644, 40.84115 ], [ 26.21753, 40.84423 ], [ 26.21608, 40.84694 ], [ 26.21032, 40.84781 ], [ 26.20875, 40.8459 ], [ 26.20606, 40.84585 ], [ 26.20448, 40.8472 ], [ 26.20422, 40.85083 ], [ 26.20584, 40.85511 ], [ 26.21472, 40.85344 ], [ 26.21335, 40.85925 ], [ 26.2097, 40.85874 ], [ 26.20699, 40.86039 ], [ 26.20526, 40.86424 ], [ 26.20698, 40.86661 ], [ 26.21816, 40.86531 ], [ 26.22298, 40.86656 ], [ 26.22425, 40.87438 ], [ 26.22075, 40.88474 ], [ 26.22263, 40.89029 ], [ 26.22921, 40.89171 ], [ 26.22982, 40.88704 ], [ 26.2246, 40.88666 ], [ 26.22688, 40.88251 ], [ 26.23379, 40.8862 ], [ 26.24984, 40.88149 ], [ 26.25328, 40.90489 ], [ 26.25641, 40.91073 ], [ 26.26158, 40.91524 ], [ 26.26366, 40.91331 ], [ 26.26318, 40.90722 ], [ 26.26503, 40.90257 ], [ 26.27595, 40.89407 ], [ 26.28122, 40.89296 ], [ 26.29264, 40.89403 ], [ 26.29803, 40.89761 ], [ 26.30179, 40.90388 ], [ 26.2851, 40.92269 ], [ 26.28536, 40.93072 ], [ 26.29252, 40.93312 ], [ 26.29853, 40.92846 ], [ 26.30388, 40.92742 ], [ 26.31501, 40.93765 ], [ 26.32733, 40.944 ], [ 26.35239, 40.94238 ], [ 26.35901, 40.94527 ], [ 26.35927, 40.94908 ], [ 26.35288, 40.95518 ], [ 26.34868, 40.964 ], [ 26.32716, 40.97737 ], [ 26.32571, 40.97912 ], [ 26.32546, 40.98458 ], [ 26.3282, 40.991 ], [ 26.34503, 40.98963 ], [ 26.34963, 40.99483 ], [ 26.35791, 40.99964 ], [ 26.36642, 41.01711 ], [ 26.36657, 41.0204 ], [ 26.36009, 41.02624 ], [ 26.34615, 41.03007 ], [ 26.34003, 41.03991 ], [ 26.32719, 41.04141 ], [ 26.32691, 41.04337 ], [ 26.33042, 41.04665 ], [ 26.32984, 41.05085 ], [ 26.32495, 41.05784 ], [ 26.31571, 41.06557 ], [ 26.31243, 41.07151 ], [ 26.31048, 41.08031 ], [ 26.31269, 41.08468 ], [ 26.31886, 41.08982 ], [ 26.33117, 41.09602 ], [ 26.33598, 41.1061 ], [ 26.33537, 41.1084 ], [ 26.33232, 41.11066 ], [ 26.32604, 41.1114 ], [ 26.31425, 41.10828 ], [ 26.30674, 41.10859 ], [ 26.30298, 41.11349 ], [ 26.3036, 41.11629 ], [ 26.30726, 41.11939 ], [ 26.32252, 41.12409 ], [ 26.32113, 41.13472 ], [ 26.33357, 41.13833 ], [ 26.33678, 41.14342 ], [ 26.33176, 41.15234 ], [ 26.31476, 41.15932 ], [ 26.31326, 41.16492 ], [ 26.30664, 41.17463 ], [ 26.30769, 41.17873 ], [ 26.31118, 41.18287 ], [ 26.32156, 41.18408 ], [ 26.32315, 41.18875 ], [ 26.31953, 41.19626 ], [ 26.31921, 41.20079 ], [ 26.3241, 41.21262 ], [ 26.33102, 41.21883 ], [ 26.32997, 41.22134 ], [ 26.32352, 41.22559 ], [ 26.31727, 41.23735 ], [ 26.31734, 41.24243 ], [ 26.32209, 41.24814 ], [ 26.32374, 41.25393 ], [ 26.32738, 41.25592 ], [ 26.33625, 41.2554 ], [ 26.33951, 41.25894 ], [ 26.34229, 41.25956 ], [ 26.34885, 41.25803 ], [ 26.3572, 41.24945 ], [ 26.36393, 41.25157 ], [ 26.37954, 41.25231 ], [ 26.39274, 41.24976 ], [ 26.40741, 41.25415 ], [ 26.41173, 41.26212 ], [ 26.42852, 41.27167 ], [ 26.43538, 41.27851 ], [ 26.44146, 41.27918 ], [ 26.44637, 41.28181 ], [ 26.4553, 41.28096 ], [ 26.46231, 41.28281 ], [ 26.46496, 41.28976 ], [ 26.46383, 41.29653 ], [ 26.46509, 41.30066 ], [ 26.48713, 41.30463 ], [ 26.49009, 41.30856 ], [ 26.49082, 41.31822 ], [ 26.49795, 41.32826 ], [ 26.51379, 41.32827 ], [ 26.51647, 41.33092 ], [ 26.51623, 41.33573 ], [ 26.51895, 41.33974 ], [ 26.52803, 41.33645 ], [ 26.5441, 41.34218 ], [ 26.56019, 41.33529 ], [ 26.56333, 41.33003 ], [ 26.56922, 41.32469 ], [ 26.58381, 41.32215 ], [ 26.59836, 41.32718 ], [ 26.60892, 41.33448 ], [ 26.61596, 41.33556 ], [ 26.62604, 41.345 ], [ 26.63226, 41.36425 ], [ 26.63331, 41.37893 ], [ 26.63558, 41.38509 ], [ 26.63014, 41.40086 ], [ 26.62902, 41.41883 ], [ 26.62549, 41.42102 ], [ 26.61678, 41.42185 ], [ 26.61316, 41.42415 ], [ 26.61109, 41.43462 ], [ 26.6119, 41.44193 ], [ 26.61392, 41.44583 ], [ 26.61153, 41.45398 ], [ 26.61356, 41.45857 ], [ 26.613, 41.46293 ], [ 26.59739, 41.4808 ], [ 26.60482, 41.49206 ], [ 26.60207, 41.50731 ], [ 26.59737, 41.51257 ], [ 26.59652, 41.51794 ], [ 26.59117, 41.5259 ], [ 26.59851, 41.54536 ], [ 26.59062, 41.55569 ], [ 26.59396, 41.56578 ], [ 26.58718, 41.57055 ], [ 26.58973, 41.57439 ], [ 26.59736, 41.57912 ], [ 26.59971, 41.58236 ], [ 26.59514, 41.59672 ], [ 26.59365, 41.60724 ], [ 26.59517, 41.61019 ], [ 26.56814, 41.61031 ], [ 26.5295, 41.62161 ], [ 26.48844, 41.65408 ], [ 26.48631, 41.65981 ], [ 26.4949, 41.66097 ], [ 26.49288, 41.66244 ], [ 26.49415, 41.67048 ], [ 26.49181, 41.67289 ], [ 26.4705, 41.66953 ], [ 26.45609, 41.67454 ], [ 26.45055, 41.68204 ], [ 26.44136, 41.68639 ], [ 26.43724, 41.68591 ], [ 26.43422, 41.68127 ], [ 26.42848, 41.68087 ], [ 26.42318, 41.68308 ], [ 26.40967, 41.6833 ], [ 26.40893, 41.686 ], [ 26.40589, 41.68773 ], [ 26.40035, 41.68676 ], [ 26.3862, 41.69097 ], [ 26.37636, 41.69684 ], [ 26.37504, 41.7041 ], [ 26.37138, 41.70777 ], [ 26.36834, 41.70937 ], [ 26.35807, 41.70811 ], [ 26.35744, 41.71452 ], [ 26.32899, 41.7374 ], [ 26.331, 41.74284 ], [ 26.32951, 41.7519 ], [ 26.33161, 41.75459 ], [ 26.33193, 41.75842 ], [ 26.3367, 41.76477 ], [ 26.34003, 41.77554 ], [ 26.34237, 41.77713 ], [ 26.34207, 41.77974 ], [ 26.35401, 41.79901 ], [ 26.36314, 41.80905 ], [ 26.36896, 41.82069 ], [ 26.37876, 41.82255 ], [ 26.53867, 41.82353 ], [ 26.55248, 41.84823 ], [ 26.56412, 41.85466 ], [ 26.5627, 41.85605 ], [ 26.56297, 41.86041 ], [ 26.56555, 41.8666 ], [ 26.5686, 41.86918 ], [ 26.57395, 41.86767 ], [ 26.58038, 41.87177 ], [ 26.58104, 41.87365 ], [ 26.57941, 41.87807 ], [ 26.5705, 41.8805 ], [ 26.56695, 41.88581 ], [ 26.57654, 41.89256 ], [ 26.57765, 41.89816 ], [ 26.58144, 41.89948 ], [ 26.58434, 41.9034 ], [ 26.57711, 41.90682 ], [ 26.57057, 41.91261 ], [ 26.57035, 41.91537 ], [ 26.56131, 41.92575 ], [ 26.58661, 41.94779 ], [ 26.6186, 41.96571 ], [ 26.61855, 41.96836 ], [ 26.62033, 41.96956 ], [ 26.62283, 41.97644 ], [ 26.62133, 41.97836 ], [ 26.62239, 41.97909 ], [ 26.63352, 41.97652 ], [ 26.63655, 41.97302 ], [ 26.64087, 41.97186 ], [ 26.64632, 41.97286 ], [ 26.65792, 41.97017 ], [ 26.66814, 41.96455 ], [ 26.67392, 41.96931 ], [ 26.68439, 41.96743 ], [ 26.69016, 41.96881 ], [ 26.69282, 41.966 ], [ 26.69939, 41.96666 ], [ 26.70374, 41.9652 ], [ 26.71329, 41.96856 ], [ 26.72912, 41.96082 ], [ 26.74307, 41.96096 ], [ 26.75093, 41.95832 ], [ 26.7539, 41.95864 ], [ 26.75524, 41.96052 ], [ 26.75701, 41.96791 ], [ 26.7592, 41.97027 ], [ 26.76322, 41.96938 ], [ 26.77327, 41.97943 ], [ 26.77894, 41.97892 ], [ 26.7872, 41.98961 ], [ 26.79171, 41.99037 ], [ 26.79341, 41.9895 ], [ 26.79222, 41.98697 ], [ 26.79477, 41.9835 ], [ 26.80385, 41.98026 ], [ 26.81037, 41.97559 ], [ 26.82427, 41.97242 ], [ 26.82876, 41.97377 ], [ 26.83294, 41.96918 ], [ 26.84724, 41.96982 ], [ 26.84644, 41.97329 ], [ 26.84809, 41.9806 ], [ 26.85139, 41.98183 ], [ 26.85226, 41.98401 ], [ 26.85654, 41.98211 ], [ 26.85848, 41.98464 ], [ 26.86472, 41.98688 ], [ 26.8646, 41.98873 ], [ 26.87103, 41.99107 ], [ 26.87965, 41.98992 ], [ 26.88575, 41.98713 ], [ 26.89222, 41.9889 ], [ 26.89863, 41.98821 ], [ 26.90201, 41.98599 ], [ 26.90316, 41.98846 ], [ 26.91084, 41.99099 ], [ 26.91333, 41.99546 ], [ 26.91945, 41.99711 ], [ 26.92154, 41.99503 ], [ 26.92378, 41.99942 ], [ 26.93137, 42.0028 ], [ 26.94601, 42.00113 ], [ 26.95815, 41.9968 ], [ 26.96579, 41.99692 ], [ 26.96539, 42.00067 ], [ 26.97197, 42.00892 ], [ 26.97845, 42.013 ], [ 26.98088, 42.01734 ], [ 26.98514, 42.01987 ], [ 26.98085, 42.0272 ], [ 26.98357, 42.03318 ], [ 26.98089, 42.03554 ], [ 26.98231, 42.03776 ], [ 26.99442, 42.03869 ], [ 26.99736, 42.03618 ], [ 27.00346, 42.03936 ], [ 27.00751, 42.03844 ], [ 27.01448, 42.0449 ], [ 27.02217, 42.0554 ], [ 27.02585, 42.05578 ], [ 27.02616, 42.05895 ], [ 27.02837, 42.06035 ], [ 27.02816, 42.06313 ], [ 27.023, 42.06733 ], [ 27.0245, 42.07375 ], [ 27.02139, 42.07387 ], [ 27.02467, 42.08145 ], [ 27.03237, 42.07897 ], [ 27.04226, 42.0848 ], [ 27.0506, 42.08374 ], [ 27.05727, 42.08614 ], [ 27.06694, 42.0934 ], [ 27.07099, 42.09196 ], [ 27.07078, 42.09048 ], [ 27.07295, 42.08937 ], [ 27.08169, 42.08759 ], [ 27.08535, 42.08899 ], [ 27.09045, 42.08806 ], [ 27.09167, 42.08646 ], [ 27.09983, 42.08711 ], [ 27.1034, 42.08528 ], [ 27.10876, 42.08707 ], [ 27.11361, 42.08024 ], [ 27.12297, 42.07911 ], [ 27.12587, 42.07678 ], [ 27.12944, 42.06827 ], [ 27.13281, 42.06655 ], [ 27.14377, 42.06684 ], [ 27.14813, 42.06956 ], [ 27.14989, 42.0691 ], [ 27.15273, 42.07202 ], [ 27.15574, 42.07052 ], [ 27.15909, 42.06542 ], [ 27.16356, 42.06461 ], [ 27.17374, 42.06616 ], [ 27.17661, 42.06983 ], [ 27.18365, 42.07003 ], [ 27.18582, 42.06577 ], [ 27.18488, 42.06389 ], [ 27.1919, 42.06029 ], [ 27.1991, 42.06101 ], [ 27.20086, 42.05938 ], [ 27.20699, 42.06087 ], [ 27.20316, 42.07063 ], [ 27.19822, 42.07355 ], [ 27.19837, 42.07871 ], [ 27.20055, 42.08145 ], [ 27.20364, 42.08336 ], [ 27.2164, 42.08513 ], [ 27.21608, 42.08882 ], [ 27.22131, 42.09815 ], [ 27.23065, 42.09916 ], [ 27.23921, 42.1048 ], [ 27.25074, 42.09889 ], [ 27.26209, 42.09965 ], [ 27.27062, 42.10433 ], [ 27.27302, 42.10182 ], [ 27.27209, 42.09784 ], [ 27.28294, 42.09503 ], [ 27.29367, 42.09717 ], [ 27.29997, 42.08655 ], [ 27.31185, 42.08686 ], [ 27.3167, 42.07867 ], [ 27.32633, 42.08005 ], [ 27.32639, 42.07231 ], [ 27.33573, 42.06703 ], [ 27.33465, 42.06223 ], [ 27.33608, 42.05984 ], [ 27.35235, 42.06071 ], [ 27.36429, 42.05808 ], [ 27.37028, 42.0525 ], [ 27.37234, 42.04687 ], [ 27.37631, 42.04607 ], [ 27.3743, 42.04167 ], [ 27.3771, 42.04092 ], [ 27.37556, 42.03809 ], [ 27.38059, 42.03513 ], [ 27.38389, 42.0215 ], [ 27.39168, 42.01855 ], [ 27.39079, 42.01567 ], [ 27.39296, 42.0132 ], [ 27.39307, 42.0071 ], [ 27.39458, 42.00519 ], [ 27.40265, 42.00607 ], [ 27.4132, 41.99982 ], [ 27.41452, 41.99081 ], [ 27.42038, 41.98847 ], [ 27.42406, 41.98835 ], [ 27.42452, 41.99054 ], [ 27.43267, 41.99131 ], [ 27.43514, 41.98697 ], [ 27.43442, 41.98325 ], [ 27.4379, 41.98117 ], [ 27.4389, 41.97612 ], [ 27.44036, 41.97445 ], [ 27.44615, 41.97383 ], [ 27.44706, 41.96707 ], [ 27.46392, 41.96862 ], [ 27.4679, 41.96532 ], [ 27.46772, 41.95845 ], [ 27.47503, 41.95805 ], [ 27.4893, 41.95413 ], [ 27.48986, 41.95147 ], [ 27.49536, 41.95261 ], [ 27.4964, 41.95443 ], [ 27.50169, 41.95375 ], [ 27.50309, 41.95188 ], [ 27.50445, 41.95784 ], [ 27.50636, 41.95896 ], [ 27.51079, 41.95818 ], [ 27.515, 41.95158 ], [ 27.51912, 41.9501 ], [ 27.52422, 41.9416 ], [ 27.52958, 41.93735 ], [ 27.53139, 41.92771 ], [ 27.53645, 41.92383 ], [ 27.54052, 41.91618 ], [ 27.54807, 41.91458 ], [ 27.55028, 41.91097 ], [ 27.55361, 41.91102 ], [ 27.55445, 41.90815 ], [ 27.56, 41.90513 ], [ 27.57228, 41.90491 ], [ 27.57164, 41.91262 ], [ 27.5622, 41.9124 ], [ 27.56125, 41.91521 ], [ 27.56579, 41.91924 ], [ 27.57659, 41.91967 ], [ 27.57478, 41.92331 ], [ 27.56653, 41.92381 ], [ 27.56985, 41.92653 ], [ 27.57082, 41.93139 ], [ 27.57441, 41.93258 ], [ 27.57434, 41.93747 ], [ 27.58225, 41.93518 ], [ 27.58764, 41.93655 ], [ 27.58479, 41.93214 ], [ 27.58563, 41.93093 ], [ 27.58876, 41.93139 ], [ 27.5967, 41.93786 ], [ 27.60133, 41.94653 ], [ 27.6042, 41.94744 ], [ 27.60948, 41.94485 ], [ 27.6079, 41.93931 ], [ 27.61261, 41.93852 ], [ 27.62522, 41.9486 ], [ 27.62334, 41.95066 ], [ 27.62622, 41.95064 ], [ 27.628, 41.94872 ], [ 27.62963, 41.94985 ], [ 27.62816, 41.95225 ], [ 27.61983, 41.95551 ], [ 27.61976, 41.95725 ], [ 27.62203, 41.95886 ], [ 27.63341, 41.95461 ], [ 27.63557, 41.95526 ], [ 27.63685, 41.95884 ], [ 27.63848, 41.95943 ], [ 27.63916, 41.9547 ], [ 27.64258, 41.95413 ], [ 27.64739, 41.95979 ], [ 27.65188, 41.96224 ], [ 27.65869, 41.96081 ], [ 27.65558, 41.95819 ], [ 27.65867, 41.95668 ], [ 27.66258, 41.95772 ], [ 27.66733, 41.96218 ], [ 27.67096, 41.96071 ], [ 27.66973, 41.95717 ], [ 27.67214, 41.9564 ], [ 27.67337, 41.96284 ], [ 27.68143, 41.96399 ], [ 27.68124, 41.96894 ], [ 27.68415, 41.97158 ], [ 27.68941, 41.97136 ], [ 27.69773, 41.97389 ], [ 27.70336, 41.97006 ], [ 27.70252, 41.97598 ], [ 27.69565, 41.97564 ], [ 27.6947, 41.97711 ], [ 27.69648, 41.97808 ], [ 27.70575, 41.97773 ], [ 27.70784, 41.97493 ], [ 27.71433, 41.97687 ], [ 27.73271, 41.97365 ], [ 27.73458, 41.97422 ], [ 27.73381, 41.97797 ], [ 27.73753, 41.97984 ], [ 27.74231, 41.97536 ], [ 27.74854, 41.97249 ], [ 27.74861, 41.97098 ], [ 27.74322, 41.9691 ], [ 27.74334, 41.96783 ], [ 27.75043, 41.97007 ], [ 27.76641, 41.96768 ], [ 27.77059, 41.95969 ], [ 27.7733, 41.96022 ], [ 27.77374, 41.96393 ], [ 27.77594, 41.96595 ], [ 27.7846, 41.96361 ], [ 27.78613, 41.96064 ], [ 27.7786, 41.95587 ], [ 27.77849, 41.95373 ], [ 27.79133, 41.95376 ], [ 27.79268, 41.95203 ], [ 27.79169, 41.94855 ], [ 27.79301, 41.9477 ], [ 27.80051, 41.9508 ], [ 27.80152, 41.95325 ], [ 27.80706, 41.95002 ], [ 27.80818, 41.94617 ], [ 27.81584, 41.94261 ], [ 27.81761, 41.94515 ], [ 27.81359, 41.94996 ], [ 27.8129, 41.95266 ], [ 27.81412, 41.9541 ], [ 27.81915, 41.95378 ], [ 27.82626, 41.94794 ], [ 27.83605, 41.94803 ], [ 27.83727, 41.95478 ], [ 27.83363, 41.96158 ], [ 27.82994, 41.96182 ], [ 27.82606, 41.95917 ], [ 27.82029, 41.96261 ], [ 27.8203, 41.96587 ], [ 27.82608, 41.97425 ], [ 27.81885, 41.97565 ], [ 27.81861, 41.98661 ], [ 27.82165, 41.99193 ], [ 27.82756, 41.99359 ], [ 27.82742, 41.99748 ], [ 27.83112, 41.99878 ], [ 27.83471, 41.99435 ], [ 27.84523, 41.99063 ], [ 27.84955, 41.99399 ], [ 27.85074, 41.99782 ], [ 27.84978, 41.99989 ], [ 27.85227, 42.00165 ], [ 27.85571, 42.00132 ], [ 27.8569, 41.99974 ], [ 27.85718, 41.99755 ], [ 27.85292, 41.99698 ], [ 27.85113, 41.99482 ], [ 27.85315, 41.9913 ], [ 27.85521, 41.99092 ], [ 27.85655, 41.99296 ], [ 27.86132, 41.99458 ], [ 27.86108, 41.99729 ], [ 27.85809, 42.00094 ], [ 27.8597, 42.00575 ], [ 27.8619, 42.00652 ], [ 27.86477, 42.00585 ], [ 27.86827, 41.99971 ], [ 27.87717, 41.9999 ], [ 27.87646, 41.99711 ], [ 27.87902, 41.99461 ], [ 27.88485, 41.99608 ], [ 27.8999, 41.99187 ], [ 27.90087, 41.98068 ], [ 27.90714, 41.9767 ], [ 27.90909, 41.97372 ], [ 27.91532, 41.97252 ], [ 27.92034, 41.97783 ], [ 27.92165, 41.98272 ], [ 27.92469, 41.9805 ], [ 27.92571, 41.97615 ], [ 27.9313, 41.97863 ], [ 27.93358, 41.98488 ], [ 27.93957, 41.97814 ], [ 27.94378, 41.97723 ], [ 27.94855, 41.98037 ], [ 27.95663, 41.98138 ], [ 27.95509, 41.97751 ], [ 27.95722, 41.9762 ], [ 27.96129, 41.97777 ], [ 27.96182, 41.97985 ], [ 27.96609, 41.97935 ], [ 27.97601, 41.98408 ], [ 27.97485, 41.98814 ], [ 27.97606, 41.98998 ], [ 27.99256, 41.9806 ], [ 28.00156, 41.98096 ], [ 28.00951, 41.97878 ], [ 28.01606, 41.98078 ], [ 28.0243, 41.98027 ], [ 28.02845, 41.98313 ], [ 28.03147, 41.97878 ], [ 28.03475, 41.97819 ], [ 28.04033, 41.98133 ], [ 28.32383, 41.98133 ], [ 28.31136, 41.99623 ], [ 28.30673, 42.02383 ], [ 28.30011, 42.04588 ], [ 28.28726, 42.07428 ], [ 28.27154, 42.09812 ], [ 28.25136, 42.12064 ], [ 28.21124, 42.17464 ], [ 28.1988, 42.1875 ], [ 28.17428, 42.20821 ], [ 28.16731, 42.21638 ], [ 28.09992, 42.25405 ], [ 28.07316, 42.31739 ], [ 28.16641, 42.66246 ], [ 28.17503, 42.68762 ], [ 28.17658, 42.71674 ], [ 28.17327, 42.7482 ], [ 28.17445, 42.76691 ], [ 28.16975, 42.81043 ], [ 28.17571, 42.84105 ], [ 28.17908, 42.89206 ], [ 28.181, 42.90115 ], [ 28.18024, 42.92688 ], [ 28.17597, 42.95914 ], [ 28.16354, 42.98293 ], [ 28.25894, 43.14175 ], [ 28.28782, 43.18449 ], [ 28.41005, 43.16429 ], [ 28.46524, 43.16022 ], [ 28.50264, 43.16205 ], [ 28.53835, 43.16737 ], [ 28.57224, 43.17598 ], [ 28.60389, 43.18755 ], [ 28.6467, 43.21009 ], [ 28.68273, 43.23807 ], [ 28.70246, 43.25934 ], [ 28.71365, 43.27512 ], [ 28.75151, 43.30411 ], [ 28.77292, 43.32426 ], [ 28.79264, 43.34713 ], [ 28.81421, 43.37903 ], [ 28.83144, 43.40041 ], [ 28.85663, 43.44285 ], [ 28.87233, 43.47381 ], [ 28.88191, 43.49917 ], [ 28.88678, 43.52569 ], [ 28.88681, 43.55285 ], [ 28.88195, 43.57959 ], [ 28.87231, 43.60478 ], [ 28.85465, 43.63368 ], [ 28.85412, 43.64966 ], [ 28.85008, 43.67244 ], [ 28.85375, 43.69441 ], [ 28.85372, 43.72203 ], [ 28.85556, 43.73861 ], [ 28.86373, 43.75069 ], [ 28.94116, 43.9362 ], [ 28.947, 43.95652 ], [ 28.97241, 44.07493 ], [ 29.1315, 44.43758 ], [ 29.22388, 44.54126 ], [ 29.585, 44.58198 ], [ 29.63832, 44.59343 ], [ 29.68752, 44.61208 ], [ 29.71709, 44.62817 ], [ 29.81515, 44.69568 ], [ 29.83984, 44.71555 ], [ 29.85077, 44.7263 ], [ 29.86957, 44.74922 ], [ 29.88203, 44.76971 ], [ 30.0398, 45.07232 ], [ 30.04543, 45.08666 ], [ 30.09347, 45.06863 ], [ 30.12902, 45.06011 ], [ 30.16583, 45.05493 ], [ 30.20329, 45.0532 ], [ 30.24075, 45.05493 ], [ 30.27756, 45.06011 ], [ 30.31311, 45.06863 ], [ 30.34678, 45.08035 ], [ 30.37799, 45.09508 ], [ 30.40621, 45.11255 ], [ 30.43096, 45.13246 ], [ 30.45182, 45.15448 ], [ 30.46842, 45.17821 ], [ 30.48049, 45.20326 ], [ 30.48781, 45.2292 ], [ 30.49019, 45.26027 ], [ 30.48781, 45.28193 ], [ 30.48049, 45.30783 ], [ 30.46842, 45.33283 ], [ 30.45182, 45.35649 ], [ 30.43096, 45.37842 ], [ 30.40621, 45.39824 ], [ 30.37799, 45.41561 ], [ 30.34678, 45.43025 ], [ 30.31311, 45.4419 ], [ 30.27756, 45.45037 ], [ 30.24075, 45.4555 ], [ 30.20329, 45.45723 ], [ 30.16583, 45.4555 ], [ 30.12902, 45.45037 ], [ 30.09347, 45.4419 ], [ 30.07302, 45.43482 ], [ 30.07473, 45.46203 ], [ 30.07359, 45.47597 ], [ 30.06634, 45.50587 ], [ 30.09651, 45.52161 ], [ 30.12511, 45.54124 ], [ 30.17637, 45.55946 ], [ 30.20835, 45.57605 ], [ 30.2368, 45.59553 ], [ 30.26134, 45.6177 ], [ 30.30245, 45.63807 ], [ 30.3309, 45.65753 ], [ 30.34455, 45.66911 ], [ 30.39051, 45.6885 ], [ 30.4208, 45.70654 ], [ 30.43455, 45.7166 ], [ 30.45895, 45.73855 ], [ 30.46948, 45.75035 ], [ 30.48465, 45.77168 ], [ 30.51774, 45.79367 ], [ 30.54214, 45.8156 ], [ 30.56202, 45.83963 ], [ 30.57226, 45.85627 ], [ 30.60366, 45.87729 ], [ 30.62806, 45.89918 ], [ 30.64794, 45.92318 ], [ 30.65608, 45.93582 ], [ 30.66759, 45.95986 ], [ 30.71916, 45.97804 ], [ 30.73555, 45.98589 ], [ 30.76584, 46.00384 ], [ 30.77959, 46.01385 ], [ 30.80399, 46.03569 ], [ 30.82767, 46.06551 ], [ 30.8657, 46.08445 ], [ 30.8804, 46.09376 ], [ 30.90689, 46.11437 ], [ 30.92908, 46.13727 ], [ 30.94657, 46.16204 ], [ 30.95344, 46.17499 ], [ 30.96328, 46.20169 ], [ 30.96784, 46.23262 ], [ 30.98946, 46.25207 ], [ 31.0, 46.26376 ], [ 31.01748, 46.28847 ], [ 31.02994, 46.31459 ], [ 31.03713, 46.34163 ], [ 31.03878, 46.36018 ], [ 31.04744, 46.37686 ], [ 31.07666, 46.38178 ], [ 31.11385, 46.39157 ], [ 31.1591, 46.40968 ], [ 31.19987, 46.4044 ], [ 31.23727, 46.40318 ], [ 31.23357, 46.38715 ], [ 31.23178, 46.35972 ], [ 31.23542, 46.33235 ], [ 31.23958, 46.31802 ], [ 31.2386, 46.29756 ], [ 31.23974, 46.28382 ], [ 31.24224, 46.27017 ], [ 31.25124, 46.24336 ], [ 31.26544, 46.21763 ], [ 31.28457, 46.19347 ], [ 31.29587, 46.18212 ], [ 31.3217, 46.16115 ], [ 31.34363, 46.14729 ], [ 31.36555, 46.12693 ], [ 31.37898, 46.11674 ], [ 31.4087, 46.09837 ], [ 31.42484, 46.09029 ], [ 31.45933, 46.07649 ], [ 31.49619, 46.06608 ], [ 31.53675, 46.05905 ], [ 31.57843, 46.04435 ], [ 31.61623, 46.03571 ], [ 31.65538, 46.03072 ], [ 31.68021, 46.02958 ], [ 31.70622, 46.02254 ], [ 31.74479, 46.0157 ], [ 31.80363, 46.01243 ], [ 31.84535, 46.00256 ], [ 31.89249, 45.99713 ], [ 31.91074, 45.99033 ], [ 31.94761, 45.97991 ], [ 31.99854, 45.97179 ], [ 32.02394, 45.9619 ], [ 32.06081, 45.95147 ], [ 32.09938, 45.94462 ], [ 32.14298, 45.94146 ], [ 32.16486, 45.93444 ], [ 32.20267, 45.92577 ], [ 32.24759, 45.92045 ], [ 32.27488, 45.90974 ], [ 32.31175, 45.89929 ], [ 32.35032, 45.89244 ], [ 32.37748, 45.88999 ], [ 32.40898, 45.8794 ], [ 32.44679, 45.87072 ], [ 32.48594, 45.86572 ], [ 32.52793, 45.86456 ], [ 32.57908, 45.85173 ], [ 32.61823, 45.84672 ], [ 32.66264, 45.84566 ], [ 32.71409, 45.83273 ], [ 32.7727, 45.82664 ], [ 32.73967, 45.80732 ], [ 32.72592, 45.79728 ], [ 32.70264, 45.77642 ], [ 32.6659, 45.76254 ], [ 32.63393, 45.746 ], [ 32.60547, 45.72657 ], [ 32.58906, 45.71232 ], [ 32.56852, 45.7064 ], [ 32.53361, 45.69304 ], [ 32.50164, 45.67648 ], [ 32.47793, 45.6605 ], [ 32.43549, 45.65177 ], [ 32.39936, 45.6401 ], [ 32.38223, 45.63299 ], [ 32.35025, 45.61641 ], [ 32.33555, 45.60702 ], [ 32.30907, 45.58622 ], [ 32.29741, 45.57493 ], [ 32.27752, 45.55078 ], [ 32.2643, 45.52837 ], [ 32.2405, 45.50386 ], [ 32.22302, 45.4788 ], [ 32.21056, 45.45228 ], [ 32.20337, 45.42481 ], [ 32.20158, 45.39689 ], [ 32.20522, 45.36905 ], [ 32.20906, 45.35532 ], [ 32.21729, 45.33551 ], [ 32.22406, 45.30259 ], [ 32.23569, 45.2758 ], [ 32.25239, 45.25037 ], [ 32.26255, 45.23831 ], [ 32.28626, 45.21579 ], [ 32.29969, 45.20543 ], [ 32.3294, 45.18677 ], [ 32.34555, 45.17855 ], [ 32.38003, 45.16453 ], [ 32.43602, 45.15001 ], [ 32.4878, 45.14423 ], [ 32.51641, 45.13279 ], [ 32.55328, 45.1222 ], [ 32.59185, 45.11525 ], [ 32.6314, 45.11208 ], [ 32.67119, 45.11273 ], [ 32.72973, 45.12084 ], [ 32.83146, 45.15079 ], [ 32.85308, 45.12199 ], [ 32.87678, 45.09943 ], [ 32.89021, 45.08905 ], [ 32.91993, 45.07034 ], [ 32.94519, 45.0581 ], [ 32.97963, 45.03213 ], [ 33.01108, 45.01489 ], [ 33.04556, 45.00083 ], [ 33.08796, 44.98907 ], [ 33.11663, 44.97561 ], [ 33.17421, 44.95552 ], [ 33.23147, 44.94369 ], [ 33.27102, 44.9405 ], [ 33.29519, 44.94052 ], [ 33.28537, 44.92755 ], [ 33.27036, 44.90144 ], [ 33.24688, 44.83544 ], [ 33.24238, 44.80739 ], [ 33.24216, 44.79326 ], [ 33.24629, 44.76333 ], [ 33.20909, 44.74676 ], [ 33.17881, 44.72841 ], [ 33.16505, 44.71818 ], [ 33.14066, 44.69582 ], [ 33.13013, 44.68381 ], [ 33.11264, 44.65838 ], [ 33.10577, 44.64508 ], [ 33.09592, 44.61763 ], [ 33.09299, 44.60361 ], [ 33.0912, 44.57529 ], [ 33.09484, 44.54705 ], [ 33.10384, 44.51941 ], [ 33.11804, 44.49289 ], [ 33.12701, 44.4802 ], [ 33.14848, 44.45628 ], [ 33.17431, 44.43466 ], [ 33.20867, 44.41335 ], [ 33.21838, 44.39938 ], [ 33.23985, 44.37543 ], [ 33.26568, 44.35378 ], [ 33.28009, 44.34394 ], [ 33.31154, 44.32649 ], [ 33.34602, 44.31226 ], [ 33.38289, 44.30153 ], [ 33.42035, 44.29465 ], [ 33.44647, 44.27563 ], [ 33.46178, 44.26651 ], [ 33.49483, 44.25062 ], [ 33.53059, 44.23809 ], [ 33.56519, 44.22983 ], [ 33.58211, 44.22228 ], [ 33.61787, 44.20975 ], [ 33.69659, 44.19104 ], [ 33.73574, 44.18588 ], [ 33.79539, 44.18542 ], [ 33.83469, 44.18996 ], [ 33.85671, 44.19435 ], [ 33.91167, 44.18588 ], [ 33.95144, 44.1846 ], [ 33.99108, 44.18721 ], [ 34.02985, 44.19366 ], [ 34.06704, 44.20384 ], [ 34.09273, 44.21364 ], [ 34.12191, 44.21295 ], [ 34.16155, 44.21556 ], [ 34.20033, 44.22201 ], [ 34.23752, 44.23219 ], [ 34.27242, 44.24589 ], [ 34.3044, 44.26287 ], [ 34.33285, 44.2828 ], [ 34.35513, 44.30321 ], [ 34.38349, 44.31282 ], [ 34.41701, 44.32818 ], [ 34.4326, 44.33705 ], [ 34.45792, 44.35461 ], [ 34.49472, 44.36886 ], [ 34.51112, 44.37694 ], [ 34.5414, 44.3954 ], [ 34.56789, 44.41663 ], [ 34.59008, 44.44023 ], [ 34.60757, 44.46576 ], [ 34.61444, 44.47909 ], [ 34.62209, 44.49944 ], [ 34.64501, 44.52061 ], [ 34.66614, 44.54716 ], [ 34.70068, 44.56283 ], [ 34.73576, 44.5848 ], [ 34.77645, 44.59345 ], [ 34.80854, 44.60389 ], [ 34.83249, 44.60234 ], [ 34.87228, 44.60299 ], [ 34.92919, 44.61087 ], [ 34.96343, 44.59899 ], [ 35.00124, 44.59013 ], [ 35.06024, 44.58388 ], [ 35.1198, 44.58632 ], [ 35.17741, 44.59733 ], [ 35.19576, 44.60284 ], [ 35.23067, 44.61646 ], [ 35.25868, 44.63109 ], [ 35.28522, 44.64169 ], [ 35.3172, 44.65856 ], [ 35.3319, 44.66811 ], [ 35.35838, 44.68924 ], [ 35.38058, 44.71273 ], [ 35.39755, 44.73733 ], [ 35.41163, 44.74429 ], [ 35.4627, 44.75179 ], [ 35.49989, 44.76187 ], [ 35.51767, 44.76824 ], [ 35.55119, 44.78348 ], [ 35.56677, 44.79228 ], [ 35.59522, 44.81203 ], [ 35.61962, 44.83434 ], [ 35.63225, 44.84912 ], [ 35.65426, 44.83555 ], [ 35.68731, 44.81981 ], [ 35.72307, 44.8074 ], [ 35.74176, 44.80253 ], [ 35.80003, 44.79346 ], [ 35.85968, 44.793 ], [ 35.89897, 44.7975 ], [ 35.92413, 44.8026 ], [ 35.97423, 44.80268 ], [ 36.01353, 44.80717 ], [ 36.0516, 44.81542 ], [ 36.10282, 44.83362 ], [ 36.15674, 44.82263 ], [ 36.19629, 44.81944 ], [ 36.23608, 44.82009 ], [ 36.27538, 44.82459 ], [ 36.31345, 44.83283 ], [ 36.36302, 44.85033 ], [ 36.41541, 44.85281 ], [ 36.47302, 44.86377 ], [ 36.50915, 44.87561 ], [ 36.54267, 44.89082 ], [ 36.55825, 44.89961 ], [ 36.58671, 44.91932 ], [ 36.60972, 44.94067 ], [ 36.56799, 45.05066 ], [ 36.54286, 45.13404 ], [ 36.53384, 45.17518 ], [ 36.53049, 45.1992 ], [ 36.55425, 45.22163 ], [ 36.58594, 45.24417 ], [ 36.59417, 45.25254 ], [ 36.5937, 45.28239 ], [ 36.60302, 45.30939 ], [ 36.62276, 45.32801 ], [ 36.6635, 45.35994 ], [ 36.68157, 45.45661 ], [ 36.66845, 45.62662 ], [ 36.58321, 45.63516 ], [ 36.3387, 45.6715 ], [ 36.13535, 45.64765 ], [ 36.10348, 45.63838 ], [ 36.07238, 45.62564 ], [ 36.02843, 45.62422 ], [ 35.98177, 45.61673 ], [ 35.93773, 45.63302 ], [ 35.88819, 45.64346 ], [ 35.8367, 45.64693 ], [ 35.78522, 45.64332 ], [ 35.73573, 45.63275 ], [ 35.7048, 45.62204 ], [ 35.67613, 45.60858 ], [ 35.65022, 45.59262 ], [ 35.61747, 45.56458 ], [ 35.60026, 45.54363 ], [ 35.58711, 45.52127 ], [ 35.57649, 45.49039 ], [ 35.57475, 45.48953 ], [ 35.54874, 45.51425 ], [ 35.52428, 45.53133 ], [ 35.49685, 45.54601 ], [ 35.45969, 45.56034 ], [ 35.45552, 45.57305 ], [ 35.44436, 45.59592 ], [ 35.42903, 45.61756 ], [ 35.41988, 45.6278 ], [ 35.38698, 45.65572 ], [ 35.36098, 45.6716 ], [ 35.3373, 45.68277 ], [ 35.32373, 45.71276 ], [ 35.31657, 45.72373 ], [ 35.29925, 45.74458 ], [ 35.26636, 45.77244 ], [ 35.23342, 45.79173 ], [ 35.22632, 45.81739 ], [ 35.21516, 45.84016 ], [ 35.19984, 45.8617 ], [ 35.17391, 45.88732 ], [ 35.16613, 45.9069 ], [ 35.15097, 45.93152 ], [ 35.19237, 45.93488 ], [ 35.24186, 45.94538 ], [ 35.28744, 45.9624 ], [ 35.32737, 45.98527 ], [ 35.35009, 46.00333 ], [ 35.36921, 46.02329 ], [ 35.38442, 46.0448 ], [ 35.39115, 46.05759 ], [ 35.41129, 46.0718 ], [ 35.43226, 46.09083 ], [ 35.44135, 46.10101 ], [ 35.45656, 46.1225 ], [ 35.46804, 46.14649 ], [ 35.48195, 46.15662 ], [ 35.50291, 46.17561 ], [ 35.52012, 46.19634 ], [ 35.53073, 46.21373 ], [ 35.55492, 46.23267 ], [ 35.58194, 46.26281 ], [ 35.61893, 46.27499 ], [ 35.6476, 46.28828 ], [ 35.68529, 46.31277 ], [ 35.70626, 46.33171 ], [ 35.72036, 46.34835 ], [ 35.76713, 46.36306 ], [ 35.7958, 46.37633 ], [ 35.82171, 46.39207 ], [ 35.84442, 46.41 ], [ 35.86739, 46.38272 ], [ 35.89182, 46.36205 ], [ 35.9055, 46.35262 ], [ 35.93551, 46.3358 ], [ 35.95169, 46.32849 ], [ 35.98603, 46.31623 ], [ 36.04125, 46.30417 ], [ 36.07955, 46.30056 ], [ 36.11821, 46.30058 ], [ 36.17528, 46.30742 ], [ 36.22914, 46.32213 ], [ 36.26215, 46.33602 ], [ 36.29211, 46.35288 ], [ 36.30577, 46.36233 ], [ 36.33013, 46.38303 ], [ 36.34072, 46.39419 ], [ 36.35847, 46.41787 ], [ 36.40856, 46.43931 ], [ 36.43448, 46.45503 ], [ 36.45719, 46.47294 ], [ 36.48443, 46.50322 ], [ 36.49878, 46.52815 ], [ 36.5457, 46.53565 ], [ 36.57407, 46.51245 ], [ 36.61412, 46.48991 ], [ 36.6598, 46.47317 ], [ 36.69251, 46.46557 ], [ 36.72638, 46.46097 ], [ 36.76084, 46.45946 ], [ 36.79528, 46.46106 ], [ 36.82913, 46.46575 ], [ 36.8618, 46.47343 ], [ 36.89273, 46.48399 ], [ 36.9214, 46.49723 ], [ 36.9591, 46.52162 ], [ 36.98006, 46.54049 ], [ 36.99727, 46.56107 ], [ 37.00437, 46.5719 ], [ 37.0154, 46.59438 ], [ 37.01929, 46.60594 ], [ 37.02208, 46.61765 ], [ 37.02416, 46.63892 ], [ 37.0645, 46.66168 ], [ 37.08721, 46.67952 ], [ 37.09789, 46.68987 ], [ 37.13339, 46.69798 ], [ 37.16872, 46.71038 ], [ 37.19594, 46.70133 ], [ 37.22865, 46.69376 ], [ 37.27971, 46.68804 ], [ 37.33142, 46.68927 ], [ 37.36527, 46.69393 ], [ 37.39794, 46.70159 ], [ 37.43759, 46.71583 ], [ 37.62007, 46.82989 ], [ 38.14086, 46.861 ], [ 38.33812, 46.98075 ], [ 38.22825, 47.12259 ], [ 38.23647, 47.13993 ], [ 38.23621, 47.1961 ], [ 38.23558, 47.20265 ], [ 38.23391, 47.2038 ], [ 38.23695, 47.20827 ], [ 38.24121, 47.21025 ], [ 38.24084, 47.21393 ], [ 38.24277, 47.21716 ], [ 38.23981, 47.21862 ], [ 38.24033, 47.22109 ], [ 38.23822, 47.22193 ], [ 38.23873, 47.22355 ], [ 38.2339, 47.22578 ], [ 38.23323, 47.22962 ], [ 38.2386, 47.23269 ], [ 38.25495, 47.23398 ], [ 38.26051, 47.23833 ], [ 38.28842, 47.23871 ], [ 38.2881, 47.2564 ], [ 38.32454, 47.25663 ], [ 38.33161, 47.26353 ], [ 38.33111, 47.26512 ], [ 38.3281, 47.26582 ], [ 38.32893, 47.26722 ], [ 38.33372, 47.26949 ], [ 38.33064, 47.27554 ], [ 38.32553, 47.27709 ], [ 38.32678, 47.27938 ], [ 38.3226, 47.2815 ], [ 38.3282, 47.28557 ], [ 38.3292, 47.28924 ], [ 38.33315, 47.29261 ], [ 38.3336, 47.29657 ], [ 38.3278, 47.29715 ], [ 38.32675, 47.29917 ], [ 38.33402, 47.30228 ], [ 38.33626, 47.30625 ], [ 38.22097, 47.30542 ], [ 38.22096, 47.32691 ], [ 38.22692, 47.33014 ], [ 38.22225, 47.33322 ], [ 38.23051, 47.3389 ], [ 38.23168, 47.34427 ], [ 38.23903, 47.34606 ], [ 38.24558, 47.35021 ], [ 38.2464, 47.35419 ], [ 38.24929, 47.35699 ], [ 38.24737, 47.36181 ], [ 38.24466, 47.36369 ], [ 38.25726, 47.37335 ], [ 38.287, 47.37358 ], [ 38.2868, 47.3915 ], [ 38.30263, 47.39162 ], [ 38.30226, 47.47456 ], [ 38.28906, 47.47631 ], [ 38.28708, 47.48237 ], [ 38.28723, 47.48699 ], [ 38.29199, 47.49059 ], [ 38.28993, 47.49224 ], [ 38.2918, 47.49523 ], [ 38.29007, 47.49912 ], [ 38.29382, 47.50211 ], [ 38.29338, 47.50462 ], [ 38.29092, 47.50531 ], [ 38.29254, 47.50695 ], [ 38.28514, 47.50848 ], [ 38.28501, 47.54425 ], [ 38.30651, 47.54468 ], [ 38.30514, 47.54527 ], [ 38.30744, 47.54672 ], [ 38.30599, 47.54824 ], [ 38.31141, 47.5535 ], [ 38.31104, 47.57609 ], [ 38.35091, 47.57624 ], [ 38.3507, 47.61671 ], [ 38.45665, 47.61702 ], [ 38.4567, 47.64419 ], [ 38.61646, 47.64456 ], [ 38.6179, 47.64733 ], [ 38.62143, 47.64861 ], [ 38.62635, 47.65384 ], [ 38.62972, 47.65359 ], [ 38.62967, 47.66919 ], [ 38.66572, 47.66955 ], [ 38.66583, 47.6988 ], [ 38.72838, 47.69878 ], [ 38.7343, 47.69992 ], [ 38.7361, 47.6982 ], [ 38.73554, 47.69471 ], [ 38.7298, 47.69104 ], [ 38.7342, 47.68729 ], [ 38.73771, 47.68772 ], [ 38.73967, 47.68509 ], [ 38.73577, 47.68295 ], [ 38.73609, 47.68016 ], [ 38.74329, 47.6806 ], [ 38.74671, 47.68634 ], [ 38.75137, 47.68444 ], [ 38.75328, 47.68651 ], [ 38.75504, 47.68532 ], [ 38.77261, 47.68508 ], [ 38.77287, 47.71948 ], [ 38.7701, 47.72104 ], [ 38.77249, 47.7237 ], [ 38.77127, 47.72679 ], [ 38.77622, 47.72956 ], [ 38.77631, 47.73474 ], [ 38.78214, 47.73684 ], [ 38.78927, 47.73709 ], [ 38.78964, 47.76834 ], [ 38.79449, 47.76933 ], [ 38.79232, 47.77225 ], [ 38.79647, 47.77345 ], [ 38.79589, 47.77656 ], [ 38.78892, 47.77844 ], [ 38.79315, 47.78444 ], [ 38.7865, 47.78457 ], [ 38.78383, 47.78804 ], [ 38.78372, 47.79143 ], [ 38.79046, 47.79626 ], [ 38.78932, 47.8156 ], [ 38.82885, 47.81547 ], [ 38.82923, 47.82391 ], [ 38.83187, 47.82503 ], [ 38.83238, 47.82731 ], [ 38.8283, 47.82822 ], [ 38.82846, 47.83232 ], [ 38.82536, 47.83535 ], [ 38.82664, 47.8387 ], [ 38.82494, 47.8403 ], [ 38.82614, 47.84565 ], [ 38.83028, 47.85015 ], [ 38.84274, 47.85148 ], [ 38.84305, 47.86544 ], [ 38.87771, 47.86735 ], [ 38.87972, 47.87272 ], [ 38.87783, 47.87578 ], [ 38.87967, 47.87608 ], [ 38.89181, 47.87304 ], [ 38.89808, 47.87436 ], [ 38.90346, 47.87235 ], [ 38.9086, 47.87275 ], [ 38.91226, 47.87559 ], [ 38.943, 47.87299 ], [ 38.9548, 47.8694 ], [ 39.08309, 47.8697 ], [ 39.08292, 47.85165 ], [ 39.10973, 47.85171 ], [ 39.10977, 47.84248 ], [ 39.14965, 47.84198 ], [ 39.14954, 47.85119 ], [ 39.16246, 47.85255 ], [ 39.16857, 47.8472 ], [ 39.17176, 47.84634 ], [ 39.18103, 47.85379 ], [ 39.23651, 47.85355 ], [ 39.23356, 47.85741 ], [ 39.23435, 47.86025 ], [ 39.23732, 47.86159 ], [ 39.23542, 47.86376 ], [ 39.24191, 47.86743 ], [ 39.35136, 47.86705 ], [ 39.34869, 47.8716 ], [ 39.35582, 47.87272 ], [ 39.38755, 47.87126 ], [ 39.41247, 47.82994 ], [ 39.42235, 47.83351 ], [ 39.42605, 47.83697 ], [ 39.43858, 47.83992 ], [ 39.43287, 47.84445 ], [ 39.443, 47.85579 ], [ 39.44573, 47.85584 ], [ 39.44669, 47.85383 ], [ 39.44538, 47.85268 ], [ 39.44837, 47.85195 ], [ 39.45371, 47.85517 ], [ 39.45897, 47.85559 ], [ 39.46458, 47.85958 ], [ 39.47181, 47.85896 ], [ 39.47739, 47.86026 ], [ 39.52048, 47.82549 ], [ 39.53456, 47.83256 ], [ 39.54228, 47.82494 ], [ 39.56046, 47.8328 ], [ 39.56555, 47.83646 ], [ 39.62254, 47.83598 ], [ 39.62358, 47.83814 ], [ 39.62656, 47.83918 ], [ 39.64729, 47.83531 ], [ 39.65166, 47.83265 ], [ 39.73849, 47.82791 ], [ 39.75654, 47.84687 ], [ 39.76355, 47.84645 ], [ 39.76349, 47.87074 ], [ 39.79068, 47.86887 ], [ 39.79492, 47.87032 ], [ 39.79373, 47.91944 ], [ 39.80141, 47.92702 ], [ 39.8011, 47.93352 ], [ 39.79935, 47.93462 ], [ 39.80225, 47.93601 ], [ 39.80641, 47.93486 ], [ 39.80629, 47.95049 ], [ 39.82177, 47.95076 ], [ 39.82214, 47.95359 ], [ 39.82478, 47.95536 ], [ 39.82246, 47.95624 ], [ 39.82337, 47.95812 ], [ 39.82214, 47.95969 ], [ 39.81809, 47.96059 ], [ 39.81695, 47.96336 ], [ 39.81816, 47.96478 ], [ 39.81668, 47.9665 ], [ 39.81888, 47.96836 ], [ 39.81594, 47.9713 ], [ 39.82031, 47.9755 ], [ 39.82293, 47.98282 ], [ 39.81627, 47.98354 ], [ 39.81502, 47.98579 ], [ 39.81527, 47.98911 ], [ 39.81867, 47.99005 ], [ 39.81647, 47.9908 ], [ 39.81591, 47.99314 ], [ 39.81797, 47.99474 ], [ 39.81275, 47.99765 ], [ 39.81644, 48.00081 ], [ 39.81401, 48.0026 ], [ 39.80962, 48.0028 ], [ 39.81083, 48.00472 ], [ 39.80385, 48.00574 ], [ 39.8031, 48.0077 ], [ 39.80067, 48.00688 ], [ 39.79324, 48.01085 ], [ 39.78645, 48.01902 ], [ 39.78555, 48.02521 ], [ 39.78323, 48.0259 ], [ 39.78442, 48.0282 ], [ 39.77648, 48.03986 ], [ 39.88339, 48.04098 ], [ 39.884, 48.04901 ], [ 39.8478, 48.05912 ], [ 39.83375, 48.06689 ], [ 39.85558, 48.07344 ], [ 39.86898, 48.07946 ], [ 39.8739, 48.10915 ], [ 39.8713, 48.11721 ], [ 39.87638, 48.11885 ], [ 39.88741, 48.12975 ], [ 39.89711, 48.13391 ], [ 39.9025, 48.14034 ], [ 39.90681, 48.1486 ], [ 39.90669, 48.16834 ], [ 39.90949, 48.17986 ], [ 39.9249, 48.18194 ], [ 39.93699, 48.18104 ], [ 39.94302, 48.22918 ], [ 40.00284, 48.2234 ], [ 40.00954, 48.22469 ], [ 40.00665, 48.24187 ], [ 40.0207, 48.25365 ], [ 40.01237, 48.26537 ], [ 40.01525, 48.26659 ], [ 40.01352, 48.26985 ], [ 40.01007, 48.26976 ], [ 39.99425, 48.30026 ], [ 39.99332, 48.31307 ], [ 39.99044, 48.31718 ], [ 39.9789, 48.31576 ], [ 39.97216, 48.31276 ], [ 39.9711, 48.30723 ], [ 39.96578, 48.30645 ], [ 39.96313, 48.30304 ], [ 39.95672, 48.3017 ], [ 39.95588, 48.30362 ], [ 39.95206, 48.30363 ], [ 39.95203, 48.30033 ], [ 39.94957, 48.29909 ], [ 39.95073, 48.29753 ], [ 39.94843, 48.29628 ], [ 39.94841, 48.29441 ], [ 39.94439, 48.29196 ], [ 39.93743, 48.29208 ], [ 39.93552, 48.28433 ], [ 39.93017, 48.283 ], [ 39.93483, 48.27922 ], [ 39.92819, 48.27682 ], [ 39.92542, 48.27169 ], [ 39.91539, 48.26967 ], [ 39.91488, 48.27192 ], [ 39.91028, 48.27164 ], [ 39.91538, 48.28226 ], [ 39.91232, 48.28432 ], [ 39.91039, 48.29126 ], [ 39.88712, 48.30444 ], [ 39.88719, 48.3093 ], [ 39.84081, 48.30966 ], [ 39.84211, 48.32 ], [ 39.84096, 48.32891 ], [ 39.84512, 48.32946 ], [ 39.8461, 48.33269 ], [ 39.86057, 48.33447 ], [ 39.87733, 48.33391 ], [ 39.89886, 48.33776 ], [ 39.91866, 48.34169 ], [ 39.9187, 48.34722 ], [ 39.93214, 48.34909 ], [ 39.9427, 48.34569 ], [ 39.94671, 48.35413 ], [ 39.93663, 48.35636 ], [ 39.93482, 48.35777 ], [ 39.93294, 48.36301 ], [ 39.9338, 48.36393 ], [ 39.93176, 48.36442 ], [ 39.93412, 48.36434 ], [ 39.93659, 48.36751 ], [ 39.93479, 48.37242 ], [ 39.94253, 48.38302 ], [ 39.94153, 48.38691 ], [ 39.93722, 48.38721 ], [ 39.93183, 48.37734 ], [ 39.92482, 48.37522 ], [ 39.91887, 48.37772 ], [ 39.91483, 48.38681 ], [ 39.90613, 48.39008 ], [ 39.90773, 48.39281 ], [ 39.91702, 48.395 ], [ 39.91852, 48.39786 ], [ 39.91563, 48.40079 ], [ 39.90628, 48.40395 ], [ 39.90676, 48.40795 ], [ 39.91201, 48.41517 ], [ 39.91147, 48.42061 ], [ 39.89497, 48.43023 ], [ 39.88905, 48.4417 ], [ 39.89031, 48.44364 ], [ 39.89757, 48.4447 ], [ 39.89803, 48.44771 ], [ 39.88698, 48.45083 ], [ 39.87632, 48.45679 ], [ 39.85659, 48.46417 ], [ 39.85102, 48.46768 ], [ 39.8459, 48.47503 ], [ 39.84538, 48.48498 ], [ 39.84767, 48.48929 ], [ 39.84762, 48.50207 ], [ 39.85277, 48.50352 ], [ 39.85682, 48.50153 ], [ 39.86092, 48.50168 ], [ 39.86524, 48.50377 ], [ 39.86708, 48.50715 ], [ 39.86238, 48.51975 ], [ 39.86216, 48.52433 ], [ 39.85537, 48.53611 ], [ 39.85706, 48.54404 ], [ 39.85257, 48.55297 ], [ 39.85543, 48.56024 ], [ 39.84977, 48.5687 ], [ 39.8417, 48.57305 ], [ 39.82072, 48.5788 ], [ 39.82606, 48.58273 ], [ 39.82449, 48.58636 ], [ 39.8086, 48.58407 ], [ 39.80407, 48.58569 ], [ 39.79664, 48.5916 ], [ 39.78985, 48.59329 ], [ 39.77288, 48.59215 ], [ 39.76835, 48.58689 ], [ 39.75242, 48.58199 ], [ 39.75044, 48.58286 ], [ 39.75025, 48.58953 ], [ 39.74719, 48.59063 ], [ 39.73431, 48.58566 ], [ 39.72533, 48.58665 ], [ 39.72115, 48.58485 ], [ 39.71505, 48.58522 ], [ 39.70234, 48.5881 ], [ 39.6877, 48.58681 ], [ 39.6869, 48.58939 ], [ 39.68284, 48.59258 ], [ 39.67942, 48.59194 ], [ 39.67868, 48.59004 ], [ 39.67595, 48.59145 ], [ 39.676, 48.59467 ], [ 39.68055, 48.59638 ], [ 39.67903, 48.59793 ], [ 39.67644, 48.59811 ], [ 39.67202, 48.5955 ], [ 39.66908, 48.59631 ], [ 39.66808, 48.60117 ], [ 39.67107, 48.60406 ], [ 39.66157, 48.60577 ], [ 39.6607, 48.60943 ], [ 39.67003, 48.62332 ], [ 39.69369, 48.63664 ], [ 39.69387, 48.64292 ], [ 39.69124, 48.64626 ], [ 39.69364, 48.6493 ], [ 39.70227, 48.65325 ], [ 39.70625, 48.65691 ], [ 39.70925, 48.65452 ], [ 39.71612, 48.65477 ], [ 39.70965, 48.65996 ], [ 39.71094, 48.66783 ], [ 39.70374, 48.66673 ], [ 39.70184, 48.66952 ], [ 39.71208, 48.67466 ], [ 39.71438, 48.68029 ], [ 39.72329, 48.68386 ], [ 39.71688, 48.68976 ], [ 39.71837, 48.6932 ], [ 39.7159, 48.69518 ], [ 39.72023, 48.69758 ], [ 39.71839, 48.7023 ], [ 39.71194, 48.70086 ], [ 39.7051, 48.706 ], [ 39.70467, 48.70781 ], [ 39.70758, 48.71205 ], [ 39.71205, 48.71204 ], [ 39.71226, 48.71551 ], [ 39.70739, 48.7172 ], [ 39.70431, 48.72051 ], [ 39.70616, 48.72145 ], [ 39.70921, 48.72008 ], [ 39.71006, 48.72419 ], [ 39.71597, 48.72786 ], [ 39.72024, 48.72861 ], [ 39.72181, 48.72704 ], [ 39.72062, 48.72526 ], [ 39.72348, 48.72553 ], [ 39.72666, 48.72888 ], [ 39.72277, 48.73152 ], [ 39.72554, 48.73739 ], [ 39.72511, 48.74044 ], [ 39.73136, 48.74188 ], [ 39.7336, 48.74514 ], [ 39.73674, 48.74324 ], [ 39.73942, 48.74372 ], [ 39.73678, 48.75098 ], [ 39.7323, 48.75261 ], [ 39.73015, 48.75086 ], [ 39.73136, 48.74879 ], [ 39.73026, 48.74842 ], [ 39.7267, 48.74984 ], [ 39.72576, 48.75256 ], [ 39.732, 48.7552 ], [ 39.73007, 48.75687 ], [ 39.73069, 48.75933 ], [ 39.73588, 48.76013 ], [ 39.73645, 48.76458 ], [ 39.73879, 48.76646 ], [ 39.74519, 48.76743 ], [ 39.74374, 48.77038 ], [ 39.75116, 48.77288 ], [ 39.75374, 48.77043 ], [ 39.75076, 48.76979 ], [ 39.74979, 48.76732 ], [ 39.75511, 48.76814 ], [ 39.76144, 48.76378 ], [ 39.76578, 48.76416 ], [ 39.76837, 48.76607 ], [ 39.76802, 48.77009 ], [ 39.76344, 48.77117 ], [ 39.76263, 48.77287 ], [ 39.76571, 48.77584 ], [ 39.76608, 48.77899 ], [ 39.77212, 48.78379 ], [ 39.77973, 48.78589 ], [ 39.78394, 48.79179 ], [ 39.78575, 48.7993 ], [ 39.78026, 48.80655 ], [ 39.77991, 48.81185 ], [ 39.78713, 48.81781 ], [ 39.78506, 48.8228 ], [ 39.78584, 48.82458 ], [ 39.78941, 48.82457 ], [ 39.79228, 48.82262 ], [ 39.79769, 48.82467 ], [ 39.79145, 48.82875 ], [ 39.79142, 48.83564 ], [ 39.79599, 48.83746 ], [ 39.79628, 48.83982 ], [ 39.80001, 48.84264 ], [ 39.80481, 48.8437 ], [ 39.8083, 48.83994 ], [ 39.80703, 48.83871 ], [ 39.82862, 48.83147 ], [ 39.83334, 48.83366 ], [ 39.88523, 48.82146 ], [ 39.94898, 48.79605 ], [ 39.9587, 48.79665 ], [ 39.97614, 48.79346 ], [ 40.07984, 48.86995 ], [ 40.07235, 48.87456 ], [ 40.05849, 48.90403 ], [ 40.06084, 48.90938 ], [ 40.04866, 48.91026 ], [ 40.04609, 48.91144 ], [ 40.04542, 48.91426 ], [ 40.03989, 48.91485 ], [ 40.0367, 48.91309 ], [ 40.03512, 48.91591 ], [ 40.0292, 48.91506 ], [ 40.02707, 48.91345 ], [ 40.02919, 48.91208 ], [ 40.02485, 48.91188 ], [ 40.02246, 48.90923 ], [ 40.01923, 48.90964 ], [ 40.02122, 48.90564 ], [ 40.01685, 48.90426 ], [ 40.01829, 48.90355 ], [ 40.01764, 48.9022 ], [ 40.00417, 48.90137 ], [ 39.99322, 48.86823 ], [ 39.96216, 48.87201 ], [ 39.94884, 48.87644 ], [ 39.94403, 48.88014 ], [ 39.94179, 48.88487 ], [ 39.93656, 48.88984 ], [ 39.92848, 48.89268 ], [ 39.92502, 48.89583 ], [ 39.8529, 48.89076 ], [ 39.84537, 48.90287 ], [ 39.8423, 48.90103 ], [ 39.83838, 48.90322 ], [ 39.83376, 48.90089 ], [ 39.83612, 48.89463 ], [ 39.83296, 48.88863 ], [ 39.82701, 48.88642 ], [ 39.82751, 48.88975 ], [ 39.81823, 48.89654 ], [ 39.81875, 48.89833 ], [ 39.82453, 48.90141 ], [ 39.82335, 48.90406 ], [ 39.81878, 48.90558 ], [ 39.81905, 48.90788 ], [ 39.81561, 48.90778 ], [ 39.80512, 48.91462 ], [ 39.79846, 48.91426 ], [ 39.79744, 48.91098 ], [ 39.79421, 48.91083 ], [ 39.79331, 48.91487 ], [ 39.78276, 48.91527 ], [ 39.77539, 48.92211 ], [ 39.77378, 48.9245 ], [ 39.77916, 48.92687 ], [ 39.77858, 48.93194 ], [ 39.78169, 48.93554 ], [ 39.77894, 48.93832 ], [ 39.77323, 48.94034 ], [ 39.77195, 48.94339 ], [ 39.77377, 48.94958 ], [ 39.77803, 48.9516 ], [ 39.77398, 48.95326 ], [ 39.7704, 48.95279 ], [ 39.76432, 48.95801 ], [ 39.76647, 48.96075 ], [ 39.76293, 48.96124 ], [ 39.76302, 48.96276 ], [ 39.76041, 48.96406 ], [ 39.76379, 48.9678 ], [ 39.75697, 48.96768 ], [ 39.75678, 48.97018 ], [ 39.76039, 48.9717 ], [ 39.75827, 48.97306 ], [ 39.75856, 48.97552 ], [ 39.75249, 48.97604 ], [ 39.74871, 48.97857 ], [ 39.74882, 48.98236 ], [ 39.75308, 48.98484 ], [ 39.75219, 48.98643 ], [ 39.7458, 48.98697 ], [ 39.73545, 48.98233 ], [ 39.72997, 48.97815 ], [ 39.72997, 48.97642 ], [ 39.72668, 48.97564 ], [ 39.72461, 48.97796 ], [ 39.72681, 48.97861 ], [ 39.72586, 48.97962 ], [ 39.72302, 48.97936 ], [ 39.71678, 48.98237 ], [ 39.71606, 48.98699 ], [ 39.71128, 48.99197 ], [ 39.70771, 48.99272 ], [ 39.70821, 48.99502 ], [ 39.70346, 48.99949 ], [ 39.69891, 49.00093 ], [ 39.69338, 48.99931 ], [ 39.69007, 48.99582 ], [ 39.67787, 48.98954 ], [ 39.66403, 49.00067 ], [ 39.67108, 49.00358 ], [ 39.67845, 49.01337 ], [ 39.67427, 49.01422 ], [ 39.67286, 49.01682 ], [ 39.677, 49.02208 ], [ 39.67723, 49.02728 ], [ 39.68286, 49.0301 ], [ 39.68065, 49.03332 ], [ 39.6851, 49.0341 ], [ 39.68153, 49.03789 ], [ 39.67797, 49.03635 ], [ 39.67583, 49.03938 ], [ 39.67226, 49.04051 ], [ 39.69319, 49.05061 ], [ 39.74124, 49.04173 ], [ 39.7667, 49.03987 ], [ 39.77865, 49.04448 ], [ 39.80187, 49.05845 ], [ 39.81136, 49.06075 ], [ 39.81817, 49.05804 ], [ 39.87982, 49.06417 ], [ 39.90993, 49.05731 ], [ 39.93781, 49.05637 ], [ 39.94246, 49.07059 ], [ 39.93859, 49.08294 ], [ 39.9591, 49.10575 ], [ 39.97499, 49.12713 ], [ 39.99599, 49.14729 ], [ 40.00257, 49.15137 ], [ 40.03102, 49.17945 ], [ 40.07763, 49.18705 ], [ 40.09358, 49.20287 ], [ 40.10859, 49.21132 ], [ 40.12369, 49.2311 ], [ 40.13706, 49.23945 ], [ 40.17646, 49.23715 ], [ 40.18766, 49.23817 ], [ 40.20838, 49.24202 ], [ 40.22181, 49.2512 ], [ 40.22781, 49.26051 ], [ 40.18641, 49.2812 ], [ 40.18426, 49.30225 ], [ 40.18228, 49.30359 ], [ 40.18748, 49.30883 ], [ 40.19273, 49.33222 ], [ 40.20046, 49.34577 ], [ 40.18275, 49.35126 ], [ 40.17552, 49.35646 ], [ 40.16961, 49.35655 ], [ 40.15866, 49.36694 ], [ 40.16094, 49.36646 ], [ 40.16165, 49.36863 ], [ 40.15831, 49.37122 ], [ 40.15673, 49.37029 ], [ 40.15411, 49.37147 ], [ 40.15597, 49.37283 ], [ 40.14335, 49.37853 ], [ 40.11426, 49.38582 ], [ 40.07829, 49.41003 ], [ 40.0637, 49.43085 ], [ 40.04583, 49.44628 ], [ 40.02962, 49.45409 ], [ 40.04213, 49.49924 ], [ 40.03756, 49.51676 ], [ 40.03906, 49.52063 ], [ 40.13453, 49.55704 ], [ 40.17039, 49.56894 ], [ 40.13957, 49.59606 ], [ 40.13576, 49.61694 ], [ 40.06498, 49.59898 ], [ 40.05794, 49.60697 ], [ 39.95167, 49.59767 ], [ 39.93457, 49.57412 ], [ 39.89143, 49.55879 ], [ 39.86861, 49.56004 ], [ 39.8388, 49.56427 ], [ 39.80641, 49.55813 ], [ 39.77576, 49.57803 ], [ 39.7502, 49.59747 ], [ 39.7144, 49.60652 ], [ 39.69678, 49.60496 ], [ 39.68637, 49.61221 ], [ 39.65871, 49.61607 ], [ 39.63896, 49.63464 ], [ 39.61341, 49.69127 ], [ 39.59146, 49.71898 ], [ 39.61068, 49.73364 ], [ 39.56358, 49.73686 ], [ 39.53837, 49.74019 ], [ 39.47981, 49.75631 ], [ 39.44282, 49.76037 ], [ 39.43404, 49.75981 ], [ 39.41177, 49.75368 ], [ 39.37833, 49.7388 ], [ 39.3634, 49.74044 ], [ 39.30889, 49.75287 ], [ 39.28559, 49.75518 ], [ 39.27429, 49.76829 ], [ 39.26599, 49.76774 ], [ 39.25136, 49.77639 ], [ 39.24374, 49.78712 ], [ 39.23854, 49.79852 ], [ 39.22759, 49.80731 ], [ 39.22989, 49.80918 ], [ 39.2304, 49.81298 ], [ 39.22819, 49.81649 ], [ 39.22622, 49.84004 ], [ 39.20908, 49.85947 ], [ 39.20226, 49.87022 ], [ 39.19568, 49.87295 ], [ 39.18849, 49.88514 ], [ 39.17992, 49.88872 ], [ 39.13071, 49.86136 ], [ 39.11663, 49.84311 ], [ 39.10985, 49.83742 ], [ 39.07037, 49.81903 ], [ 39.06689, 49.81557 ], [ 39.0305, 49.82255 ], [ 39.01694, 49.82009 ], [ 38.98599, 49.80836 ], [ 38.96573, 49.80499 ], [ 38.95268, 49.79769 ], [ 38.94804, 49.79688 ], [ 38.93915, 49.80081 ], [ 38.93374, 49.79957 ], [ 38.93342, 49.79744 ], [ 38.93024, 49.79691 ], [ 38.92674, 49.80089 ], [ 38.92812, 49.80391 ], [ 38.92061, 49.80496 ], [ 38.91918, 49.80963 ], [ 38.91593, 49.81256 ], [ 38.91832, 49.81471 ], [ 38.90946, 49.81901 ], [ 38.9067, 49.8268 ], [ 38.90718, 49.82863 ], [ 38.9133, 49.82935 ], [ 38.91401, 49.83194 ], [ 38.91084, 49.83456 ], [ 38.9136, 49.83692 ], [ 38.91217, 49.84393 ], [ 38.90568, 49.84568 ], [ 38.90449, 49.84894 ], [ 38.91114, 49.85265 ], [ 38.91167, 49.85619 ], [ 38.91595, 49.85593 ], [ 38.91842, 49.85869 ], [ 38.90832, 49.86005 ], [ 38.9013, 49.86939 ], [ 38.88997, 49.87021 ], [ 38.88694, 49.86738 ], [ 38.88351, 49.86741 ], [ 38.8794, 49.86977 ], [ 38.87352, 49.86642 ], [ 38.87287, 49.8674 ], [ 38.86332, 49.8659 ], [ 38.85625, 49.86885 ], [ 38.85125, 49.8659 ], [ 38.8516, 49.86471 ], [ 38.84769, 49.86429 ], [ 38.8473, 49.8676 ], [ 38.84224, 49.86546 ], [ 38.83598, 49.86767 ], [ 38.83079, 49.87546 ], [ 38.8247, 49.87869 ], [ 38.79562, 49.88336 ], [ 38.79096, 49.87827 ], [ 38.78077, 49.88234 ], [ 38.76872, 49.89578 ], [ 38.7448, 49.89725 ], [ 38.7346, 49.90448 ], [ 38.72394, 49.92711 ], [ 38.69407, 49.9348 ], [ 38.69143, 49.93852 ], [ 38.69224, 49.93975 ], [ 38.68597, 49.96213 ], [ 38.7106, 49.98088 ], [ 38.71855, 49.98319 ], [ 38.7164, 49.9869 ], [ 38.71004, 49.98998 ], [ 38.69783, 50.00166 ], [ 38.69285, 50.00289 ], [ 38.68709, 50.0071 ], [ 38.68405, 50.00774 ], [ 38.67917, 50.00597 ], [ 38.67701, 49.99228 ], [ 38.68067, 49.97445 ], [ 38.67259, 49.97182 ], [ 38.66739, 49.97192 ], [ 38.64711, 49.95599 ], [ 38.61646, 49.97478 ], [ 38.59177, 49.97726 ], [ 38.58191, 49.97753 ], [ 38.56373, 49.96977 ], [ 38.54755, 49.96637 ], [ 38.52764, 49.95874 ], [ 38.50951, 49.96333 ], [ 38.4888, 49.96374 ], [ 38.48386, 49.97045 ], [ 38.48426, 49.9771 ], [ 38.47952, 49.97756 ], [ 38.47843, 49.98328 ], [ 38.46497, 49.98332 ], [ 38.46901, 49.9953 ], [ 38.43357, 50.00126 ], [ 38.41632, 49.98169 ], [ 38.39853, 49.99118 ], [ 38.34985, 50.00698 ], [ 38.34921, 50.00898 ], [ 38.35149, 50.01151 ], [ 38.35355, 50.01868 ], [ 38.35119, 50.03579 ], [ 38.33837, 50.05321 ], [ 38.33397, 50.05822 ], [ 38.33258, 50.05801 ], [ 38.33305, 50.06652 ], [ 38.3293, 50.08544 ], [ 38.31315, 50.08845 ], [ 38.30046, 50.0868 ], [ 38.29175, 50.07966 ], [ 38.277, 50.07366 ], [ 38.25574, 50.07251 ], [ 38.17877, 50.07993 ], [ 38.18496, 50.05571 ], [ 38.18347, 50.04644 ], [ 38.18734, 50.04088 ], [ 38.18911, 50.02375 ], [ 38.18592, 50.02262 ], [ 38.20091, 50.00341 ], [ 38.20513, 50.00104 ], [ 38.20475, 49.9988 ], [ 38.20991, 49.99234 ], [ 38.21663, 49.98752 ], [ 38.21708, 49.98325 ], [ 38.21906, 49.98322 ], [ 38.22181, 49.97919 ], [ 38.19574, 49.96936 ], [ 38.19801, 49.96215 ], [ 38.16276, 49.95156 ], [ 38.17131, 49.94189 ], [ 38.12914, 49.92295 ], [ 38.12654, 49.9222 ], [ 38.12877, 49.93065 ], [ 38.12452, 49.94226 ], [ 38.05707, 49.92336 ], [ 38.04585, 49.91486 ], [ 38.03294, 49.90039 ], [ 38.02175, 49.91011 ], [ 38.02312, 49.91535 ], [ 38.02212, 49.9178 ], [ 38.02495, 49.91888 ], [ 38.02406, 49.92222 ], [ 38.0206, 49.92577 ], [ 38.04437, 49.93268 ], [ 38.02983, 49.9471 ], [ 38.00534, 49.96743 ], [ 37.99938, 49.96352 ], [ 37.98065, 49.97666 ], [ 37.96498, 49.97897 ], [ 37.92545, 50.03463 ], [ 37.89339, 50.05062 ], [ 37.8648, 50.05462 ], [ 37.82487, 50.06821 ], [ 37.79758, 50.08425 ], [ 37.75549, 50.07871 ], [ 37.74336, 50.09439 ], [ 37.72606, 50.107 ], [ 37.70669, 50.12809 ], [ 37.71016, 50.13372 ], [ 37.68684, 50.14355 ], [ 37.68016, 50.14863 ], [ 37.66833, 50.15274 ], [ 37.66521, 50.15829 ], [ 37.65421, 50.16629 ], [ 37.65283, 50.17003 ], [ 37.64987, 50.17082 ], [ 37.64659, 50.17438 ], [ 37.64031, 50.17604 ], [ 37.63901, 50.18003 ], [ 37.64351, 50.19084 ], [ 37.61509, 50.21634 ], [ 37.61429, 50.21978 ], [ 37.62685, 50.2406 ], [ 37.62559, 50.24485 ], [ 37.62733, 50.26206 ], [ 37.62626, 50.29275 ], [ 37.62891, 50.29664 ], [ 37.63804, 50.3029 ], [ 37.63574, 50.31081 ], [ 37.62994, 50.31362 ], [ 37.61727, 50.31543 ], [ 37.59505, 50.31613 ], [ 37.58565, 50.31415 ], [ 37.57696, 50.30634 ], [ 37.55531, 50.32964 ], [ 37.52143, 50.33625 ], [ 37.50855, 50.34699 ], [ 37.50586, 50.35205 ], [ 37.48496, 50.35676 ], [ 37.47693, 50.36589 ], [ 37.47218, 50.36838 ], [ 37.4706, 50.37101 ], [ 37.47078, 50.3754 ], [ 37.46659, 50.38023 ], [ 37.46615, 50.40686 ], [ 37.46258, 50.41821 ], [ 37.46414, 50.41986 ], [ 37.46301, 50.42282 ], [ 37.4654, 50.43107 ], [ 37.48489, 50.43127 ], [ 37.48459, 50.44548 ], [ 37.4904, 50.45739 ], [ 37.47694, 50.45948 ], [ 37.46955, 50.45367 ], [ 37.4325, 50.44367 ], [ 37.42157, 50.43479 ], [ 37.41276, 50.43305 ], [ 37.39652, 50.43101 ], [ 37.37766, 50.4326 ], [ 37.35209, 50.43734 ], [ 37.32997, 50.43627 ], [ 37.32, 50.43291 ], [ 37.31102, 50.42701 ], [ 37.2998, 50.40641 ], [ 37.29225, 50.4011 ], [ 37.26419, 50.39388 ], [ 37.25772, 50.39086 ], [ 37.25586, 50.39252 ], [ 37.22241, 50.37924 ], [ 37.22491, 50.37628 ], [ 37.20811, 50.37266 ], [ 37.17921, 50.36234 ], [ 37.15108, 50.35631 ], [ 37.13919, 50.36098 ], [ 37.10173, 50.35814 ], [ 37.10541, 50.35157 ], [ 37.07052, 50.34659 ], [ 37.05912, 50.34701 ], [ 37.04503, 50.34499 ], [ 37.03767, 50.34872 ], [ 36.93759, 50.35028 ], [ 36.91555, 50.34654 ], [ 36.88666, 50.33794 ], [ 36.87001, 50.33615 ], [ 36.85226, 50.32768 ], [ 36.83313, 50.31319 ], [ 36.81933, 50.31333 ], [ 36.80993, 50.31174 ], [ 36.80394, 50.30939 ], [ 36.80083, 50.30623 ], [ 36.76809, 50.30174 ], [ 36.76419, 50.29196 ], [ 36.77205, 50.28956 ], [ 36.75538, 50.29015 ], [ 36.74953, 50.28811 ], [ 36.7482, 50.28742 ], [ 36.75029, 50.28647 ], [ 36.75089, 50.28328 ], [ 36.74873, 50.28031 ], [ 36.74025, 50.28294 ], [ 36.7293, 50.27744 ], [ 36.71988, 50.27732 ], [ 36.70571, 50.26876 ], [ 36.70381, 50.26471 ], [ 36.70026, 50.26405 ], [ 36.69511, 50.26943 ], [ 36.68881, 50.26732 ], [ 36.68317, 50.25707 ], [ 36.68424, 50.25035 ], [ 36.67923, 50.23729 ], [ 36.66412, 50.22227 ], [ 36.64795, 50.21766 ], [ 36.63968, 50.22245 ], [ 36.6188, 50.22706 ], [ 36.61532, 50.22706 ], [ 36.61302, 50.22378 ], [ 36.59476, 50.23012 ], [ 36.59411, 50.23248 ], [ 36.58329, 50.23659 ], [ 36.57697, 50.24021 ], [ 36.57718, 50.24209 ], [ 36.56948, 50.24421 ], [ 36.56054, 50.25072 ], [ 36.56944, 50.25726 ], [ 36.57393, 50.25524 ], [ 36.57771, 50.25858 ], [ 36.57509, 50.2606 ], [ 36.58019, 50.26267 ], [ 36.59077, 50.27076 ], [ 36.59366, 50.27548 ], [ 36.59343, 50.27802 ], [ 36.5899, 50.27909 ], [ 36.58476, 50.28612 ], [ 36.56695, 50.2856 ], [ 36.55585, 50.28161 ], [ 36.53652, 50.28343 ], [ 36.53647, 50.28452 ], [ 36.52418, 50.28627 ], [ 36.52266, 50.2892 ], [ 36.52662, 50.29358 ], [ 36.51631, 50.29408 ], [ 36.5009, 50.29913 ], [ 36.49874, 50.30239 ], [ 36.49662, 50.30367 ], [ 36.49572, 50.30274 ], [ 36.49073, 50.30643 ], [ 36.48778, 50.31156 ], [ 36.4733, 50.31311 ], [ 36.43998, 50.31106 ], [ 36.43345, 50.33064 ], [ 36.42419, 50.32825 ], [ 36.41404, 50.31656 ], [ 36.40673, 50.31081 ], [ 36.37572, 50.29998 ], [ 36.37954, 50.2926 ], [ 36.36421, 50.28749 ], [ 36.2957, 50.29179 ], [ 36.29913, 50.2996 ], [ 36.28607, 50.29865 ], [ 36.28593, 50.30543 ], [ 36.27639, 50.31632 ], [ 36.28046, 50.32311 ], [ 36.27397, 50.32412 ], [ 36.27812, 50.33069 ], [ 36.28385, 50.33555 ], [ 36.25549, 50.35528 ], [ 36.24226, 50.35821 ], [ 36.23367, 50.36359 ], [ 36.23115, 50.37137 ], [ 36.21036, 50.38666 ], [ 36.20554, 50.3943 ], [ 36.19322, 50.40363 ], [ 36.18452, 50.40641 ], [ 36.17696, 50.40159 ], [ 36.1703, 50.40945 ], [ 36.16064, 50.43154 ], [ 36.13563, 50.43758 ], [ 36.11768, 50.43813 ], [ 36.09333, 50.44458 ], [ 36.08608, 50.44849 ], [ 36.06955, 50.44624 ], [ 36.06826, 50.45111 ], [ 36.04518, 50.44897 ], [ 36.03898, 50.45015 ], [ 36.03364, 50.44745 ], [ 36.0233, 50.44555 ], [ 36.00348, 50.44577 ], [ 35.99877, 50.44335 ], [ 35.97684, 50.4409 ], [ 35.97405, 50.43778 ], [ 35.96857, 50.43547 ], [ 35.96308, 50.43581 ], [ 35.95585, 50.43374 ], [ 35.95151, 50.43507 ], [ 35.93858, 50.43378 ], [ 35.93602, 50.43079 ], [ 35.93248, 50.43102 ], [ 35.92134, 50.43713 ], [ 35.91235, 50.43443 ], [ 35.90635, 50.43797 ], [ 35.89098, 50.4378 ], [ 35.8893, 50.43911 ], [ 35.87253, 50.42265 ], [ 35.85491, 50.42945 ], [ 35.83514, 50.42471 ], [ 35.83196, 50.43385 ], [ 35.79284, 50.41581 ], [ 35.79629, 50.41163 ], [ 35.8068, 50.41103 ], [ 35.80681, 50.40482 ], [ 35.80271, 50.39792 ], [ 35.79148, 50.38933 ], [ 35.75645, 50.36828 ], [ 35.73858, 50.35454 ], [ 35.6728, 50.35504 ], [ 35.65858, 50.3511 ], [ 35.6283, 50.35444 ], [ 35.62649, 50.35198 ], [ 35.60156, 50.36739 ], [ 35.61192, 50.37463 ], [ 35.5975, 50.3831 ], [ 35.594, 50.39298 ], [ 35.58487, 50.3927 ], [ 35.58361, 50.39511 ], [ 35.58358, 50.4301 ], [ 35.58741, 50.43133 ], [ 35.58648, 50.44809 ], [ 35.57924, 50.45276 ], [ 35.57853, 50.4557 ], [ 35.57472, 50.45794 ], [ 35.56928, 50.46491 ], [ 35.56178, 50.4595 ], [ 35.56131, 50.45724 ], [ 35.56543, 50.4567 ], [ 35.56779, 50.45803 ], [ 35.57153, 50.45769 ], [ 35.57165, 50.45648 ], [ 35.56355, 50.45112 ], [ 35.55873, 50.4543 ], [ 35.55414, 50.45431 ], [ 35.55503, 50.45577 ], [ 35.55274, 50.45833 ], [ 35.5491, 50.4569 ], [ 35.53728, 50.45963 ], [ 35.53845, 50.46125 ], [ 35.53267, 50.46564 ], [ 35.50764, 50.47703 ], [ 35.50327, 50.48104 ], [ 35.47696, 50.48851 ], [ 35.463, 50.50468 ], [ 35.4599, 50.50442 ], [ 35.45709, 50.50688 ], [ 35.4594, 50.50869 ], [ 35.45758, 50.51085 ], [ 35.45791, 50.51302 ], [ 35.44544, 50.52308 ], [ 35.4446, 50.52929 ], [ 35.43654, 50.52995 ], [ 35.43519, 50.53191 ], [ 35.4351, 50.53626 ], [ 35.43949, 50.54157 ], [ 35.43888, 50.54434 ], [ 35.42787, 50.56214 ], [ 35.39046, 50.58001 ], [ 35.40036, 50.59026 ], [ 35.42092, 50.59938 ], [ 35.42568, 50.60319 ], [ 35.41906, 50.60889 ], [ 35.42104, 50.61555 ], [ 35.416, 50.61561 ], [ 35.41287, 50.61346 ], [ 35.4023, 50.6319 ], [ 35.39208, 50.64185 ], [ 35.3929, 50.65 ], [ 35.40039, 50.65636 ], [ 35.42702, 50.65497 ], [ 35.46276, 50.66631 ], [ 35.48584, 50.65593 ], [ 35.48888, 50.65856 ], [ 35.48715, 50.67065 ], [ 35.49619, 50.67887 ], [ 35.48047, 50.68147 ], [ 35.47208, 50.68041 ], [ 35.46429, 50.68399 ], [ 35.45946, 50.68925 ], [ 35.46343, 50.6936 ], [ 35.46084, 50.69824 ], [ 35.46157, 50.70294 ], [ 35.45976, 50.70474 ], [ 35.46293, 50.70832 ], [ 35.46605, 50.70846 ], [ 35.46743, 50.71661 ], [ 35.47315, 50.72554 ], [ 35.46388, 50.73496 ], [ 35.47171, 50.73722 ], [ 35.47428, 50.74008 ], [ 35.4698, 50.7466 ], [ 35.47596, 50.75194 ], [ 35.47655, 50.75323 ], [ 35.47388, 50.75493 ], [ 35.48871, 50.7768 ], [ 35.47433, 50.78464 ], [ 35.45694, 50.78218 ], [ 35.44967, 50.78296 ], [ 35.43277, 50.7944 ], [ 35.41496, 50.79903 ], [ 35.41141, 50.80256 ], [ 35.4102, 50.80571 ], [ 35.42031, 50.82906 ], [ 35.41912, 50.84383 ], [ 35.41265, 50.85522 ], [ 35.40803, 50.85821 ], [ 35.40578, 50.86304 ], [ 35.40249, 50.86488 ], [ 35.39511, 50.8647 ], [ 35.38559, 50.86745 ], [ 35.38238, 50.87008 ], [ 35.3876, 50.87493 ], [ 35.40188, 50.87948 ], [ 35.38824, 50.88573 ], [ 35.37989, 50.89571 ], [ 35.40373, 50.9028 ], [ 35.39686, 50.90674 ], [ 35.3967, 50.90891 ], [ 35.40223, 50.9104 ], [ 35.40007, 50.91415 ], [ 35.39644, 50.91794 ], [ 35.39236, 50.91946 ], [ 35.39264, 50.92421 ], [ 35.37372, 50.92332 ], [ 35.36625, 50.92573 ], [ 35.37158, 50.93 ], [ 35.37036, 50.93043 ], [ 35.37243, 50.93239 ], [ 35.35515, 50.93111 ], [ 35.3544, 50.93226 ], [ 35.34777, 50.93189 ], [ 35.34855, 50.93303 ], [ 35.34515, 50.93295 ], [ 35.34376, 50.93546 ], [ 35.33315, 50.93467 ], [ 35.32576, 50.94683 ], [ 35.32931, 50.94787 ], [ 35.33037, 50.95188 ], [ 35.33567, 50.95638 ], [ 35.33594, 50.95827 ], [ 35.33454, 50.95876 ], [ 35.33646, 50.96336 ], [ 35.34279, 50.96351 ], [ 35.3429, 50.9676 ], [ 35.35239, 50.97425 ], [ 35.34888, 50.97727 ], [ 35.34332, 50.98791 ], [ 35.34037, 50.98802 ], [ 35.33218, 50.99268 ], [ 35.32997, 50.99628 ], [ 35.33776, 50.99807 ], [ 35.33145, 51.00247 ], [ 35.32913, 51.00858 ], [ 35.32282, 51.01367 ], [ 35.32547, 51.01458 ], [ 35.33358, 51.00926 ], [ 35.35033, 51.0061 ], [ 35.35895, 51.00548 ], [ 35.37467, 51.00864 ], [ 35.3755, 51.01163 ], [ 35.38251, 51.01287 ], [ 35.38381, 51.01991 ], [ 35.3938, 51.02009 ], [ 35.39458, 51.02307 ], [ 35.40318, 51.02272 ], [ 35.40391, 51.02456 ], [ 35.40931, 51.02672 ], [ 35.40787, 51.02914 ], [ 35.40382, 51.02893 ], [ 35.40293, 51.0315 ], [ 35.39995, 51.0316 ], [ 35.40023, 51.03367 ], [ 35.40361, 51.03442 ], [ 35.40468, 51.03799 ], [ 35.41119, 51.03914 ], [ 35.40888, 51.04339 ], [ 35.40563, 51.04366 ], [ 35.40616, 51.04823 ], [ 35.39508, 51.05496 ], [ 35.38684, 51.05348 ], [ 35.37511, 51.06707 ], [ 35.37274, 51.06584 ], [ 35.36158, 51.06686 ], [ 35.3509, 51.06209 ], [ 35.3279, 51.07085 ], [ 35.32602, 51.07404 ], [ 35.32791, 51.07728 ], [ 35.30438, 51.07874 ], [ 35.30274, 51.07712 ], [ 35.30361, 51.0742 ], [ 35.30091, 51.07319 ], [ 35.30147, 51.07188 ], [ 35.29755, 51.07238 ], [ 35.29596, 51.0719 ], [ 35.29919, 51.07131 ], [ 35.2955, 51.06902 ], [ 35.28881, 51.06889 ], [ 35.28715, 51.06675 ], [ 35.28108, 51.06707 ], [ 35.27672, 51.06383 ], [ 35.27427, 51.0642 ], [ 35.27484, 51.06299 ], [ 35.27661, 51.06303 ], [ 35.27593, 51.05859 ], [ 35.26712, 51.05798 ], [ 35.26475, 51.05993 ], [ 35.26576, 51.06319 ], [ 35.25769, 51.05848 ], [ 35.258, 51.06164 ], [ 35.25392, 51.06165 ], [ 35.24827, 51.06515 ], [ 35.24383, 51.06405 ], [ 35.24274, 51.0612 ], [ 35.22658, 51.05455 ], [ 35.22617, 51.05245 ], [ 35.22256, 51.05239 ], [ 35.22187, 51.05038 ], [ 35.21357, 51.04649 ], [ 35.20986, 51.04673 ], [ 35.19995, 51.0529 ], [ 35.19692, 51.05002 ], [ 35.1966, 51.05153 ], [ 35.19016, 51.05396 ], [ 35.18979, 51.05669 ], [ 35.18272, 51.06183 ], [ 35.17706, 51.07041 ], [ 35.16632, 51.07699 ], [ 35.16616, 51.08042 ], [ 35.16358, 51.08326 ], [ 35.15381, 51.08126 ], [ 35.14762, 51.08264 ], [ 35.15571, 51.09082 ], [ 35.1735, 51.08724 ], [ 35.17692, 51.09872 ], [ 35.16973, 51.10346 ], [ 35.16854, 51.10098 ], [ 35.16471, 51.1013 ], [ 35.16471, 51.10531 ], [ 35.16703, 51.10573 ], [ 35.16306, 51.10867 ], [ 35.16844, 51.11936 ], [ 35.17465, 51.12159 ], [ 35.16794, 51.12642 ], [ 35.14156, 51.13389 ], [ 35.144, 51.13706 ], [ 35.14349, 51.13981 ], [ 35.13626, 51.14456 ], [ 35.135, 51.14795 ], [ 35.14045, 51.15066 ], [ 35.13953, 51.15383 ], [ 35.12777, 51.15931 ], [ 35.12297, 51.16509 ], [ 35.13497, 51.17049 ], [ 35.13087, 51.17398 ], [ 35.13027, 51.19439 ], [ 35.14332, 51.20313 ], [ 35.1427, 51.20656 ], [ 35.1369, 51.20969 ], [ 35.13753, 51.21545 ], [ 35.14031, 51.21811 ], [ 35.15018, 51.22108 ], [ 35.15027, 51.22342 ], [ 35.11961, 51.2315 ], [ 35.11734, 51.22973 ], [ 35.10511, 51.23274 ], [ 35.08464, 51.23036 ], [ 35.07594, 51.23188 ], [ 35.07178, 51.23451 ], [ 35.07255, 51.23258 ], [ 35.06618, 51.22895 ], [ 35.06159, 51.22335 ], [ 35.06374, 51.21844 ], [ 35.06252, 51.21602 ], [ 35.05526, 51.21107 ], [ 35.03876, 51.20442 ], [ 35.03804, 51.21781 ], [ 35.02366, 51.22062 ], [ 35.01007, 51.23167 ], [ 35.00586, 51.232 ], [ 35.00035, 51.22948 ], [ 34.99344, 51.22879 ], [ 34.98245, 51.23183 ], [ 34.98285, 51.23351 ], [ 34.97996, 51.23554 ], [ 34.95231, 51.22793 ], [ 34.95018, 51.2252 ], [ 34.95237, 51.22249 ], [ 34.95242, 51.21937 ], [ 34.94066, 51.21722 ], [ 34.93943, 51.21147 ], [ 34.93308, 51.20671 ], [ 34.92497, 51.20511 ], [ 34.90679, 51.2049 ], [ 34.90398, 51.20285 ], [ 34.90548, 51.20122 ], [ 34.90477, 51.19863 ], [ 34.89829, 51.19302 ], [ 34.88365, 51.19593 ], [ 34.88008, 51.19472 ], [ 34.8767, 51.1911 ], [ 34.87041, 51.19314 ], [ 34.86231, 51.19916 ], [ 34.84564, 51.19104 ], [ 34.84669, 51.18885 ], [ 34.84003, 51.18478 ], [ 34.83331, 51.18325 ], [ 34.83558, 51.17782 ], [ 34.8348, 51.16934 ], [ 34.81484, 51.17014 ], [ 34.80909, 51.17237 ], [ 34.80858, 51.17655 ], [ 34.79859, 51.17571 ], [ 34.7846, 51.18495 ], [ 34.78072, 51.18112 ], [ 34.77989, 51.17795 ], [ 34.77162, 51.17493 ], [ 34.76149, 51.1766 ], [ 34.75344, 51.18059 ], [ 34.73673, 51.17937 ], [ 34.7313, 51.18251 ], [ 34.71654, 51.17142 ], [ 34.68862, 51.18086 ], [ 34.66876, 51.19777 ], [ 34.66264, 51.24744 ], [ 34.65385, 51.24681 ], [ 34.63486, 51.2511 ], [ 34.62037, 51.25009 ], [ 34.60298, 51.25367 ], [ 34.60132, 51.25112 ], [ 34.60134, 51.24567 ], [ 34.59863, 51.24558 ], [ 34.5797, 51.2342 ], [ 34.54131, 51.25284 ], [ 34.52353, 51.25261 ], [ 34.51324, 51.24223 ], [ 34.48431, 51.24491 ], [ 34.47074, 51.25056 ], [ 34.46268, 51.25206 ], [ 34.44629, 51.26179 ], [ 34.43874, 51.25647 ], [ 34.41292, 51.26265 ], [ 34.41465, 51.26561 ], [ 34.40854, 51.26839 ], [ 34.38424, 51.27382 ], [ 34.33134, 51.23998 ], [ 34.3057, 51.2383 ], [ 34.28382, 51.24958 ], [ 34.25811, 51.25722 ], [ 34.24403, 51.26352 ], [ 34.23048, 51.2651 ], [ 34.23374, 51.26927 ], [ 34.23113, 51.27119 ], [ 34.2316, 51.27324 ], [ 34.24607, 51.27647 ], [ 34.25177, 51.27513 ], [ 34.25492, 51.28219 ], [ 34.24345, 51.28445 ], [ 34.23764, 51.29253 ], [ 34.24474, 51.29407 ], [ 34.2448, 51.29605 ], [ 34.24957, 51.29643 ], [ 34.24984, 51.29899 ], [ 34.25467, 51.29899 ], [ 34.25597, 51.30137 ], [ 34.25861, 51.30219 ], [ 34.26663, 51.29873 ], [ 34.27296, 51.3149 ], [ 34.27751, 51.31294 ], [ 34.27736, 51.31118 ], [ 34.28228, 51.31081 ], [ 34.28127, 51.31847 ], [ 34.2897, 51.32264 ], [ 34.28164, 51.33472 ], [ 34.28482, 51.33741 ], [ 34.28719, 51.33915 ], [ 34.29826, 51.33461 ], [ 34.30576, 51.33629 ], [ 34.31017, 51.33536 ], [ 34.31188, 51.33367 ], [ 34.31053, 51.33097 ], [ 34.31513, 51.32933 ], [ 34.31676, 51.3315 ], [ 34.31283, 51.33522 ], [ 34.31935, 51.3381 ], [ 34.31555, 51.34139 ], [ 34.31606, 51.34291 ], [ 34.33269, 51.35102 ], [ 34.33866, 51.35608 ], [ 34.33815, 51.35885 ], [ 34.33085, 51.3615 ], [ 34.33704, 51.36393 ], [ 34.33644, 51.36576 ], [ 34.30703, 51.37353 ], [ 34.30552, 51.37904 ], [ 34.3029, 51.37964 ], [ 34.30056, 51.37722 ], [ 34.30192, 51.3757 ], [ 34.3005, 51.37432 ], [ 34.29336, 51.37311 ], [ 34.2852, 51.37468 ], [ 34.29247, 51.38811 ], [ 34.28079, 51.38986 ], [ 34.2779, 51.38615 ], [ 34.27286, 51.38735 ], [ 34.27187, 51.38311 ], [ 34.26217, 51.38992 ], [ 34.25783, 51.39634 ], [ 34.24618, 51.40232 ], [ 34.23734, 51.39955 ], [ 34.2277, 51.39952 ], [ 34.22671, 51.40967 ], [ 34.22094, 51.41702 ], [ 34.22797, 51.42043 ], [ 34.22271, 51.42843 ], [ 34.24713, 51.43122 ], [ 34.24565, 51.43682 ], [ 34.25476, 51.43982 ], [ 34.25422, 51.44391 ], [ 34.25136, 51.4477 ], [ 34.24572, 51.45128 ], [ 34.24522, 51.45666 ], [ 34.25732, 51.46088 ], [ 34.25895, 51.46676 ], [ 34.26476, 51.47003 ], [ 34.26389, 51.47065 ], [ 34.26661, 51.47508 ], [ 34.27567, 51.47548 ], [ 34.28136, 51.47361 ], [ 34.29099, 51.48032 ], [ 34.29093, 51.48678 ], [ 34.2978, 51.49306 ], [ 34.28998, 51.51 ], [ 34.30616, 51.51314 ], [ 34.308, 51.51544 ], [ 34.30759, 51.51942 ], [ 34.30525, 51.52162 ], [ 34.29565, 51.5241 ], [ 34.29568, 51.5327 ], [ 34.28523, 51.53291 ], [ 34.28459, 51.53505 ], [ 34.2597, 51.53334 ], [ 34.25905, 51.5483 ], [ 34.25592, 51.54808 ], [ 34.24975, 51.55479 ], [ 34.25676, 51.56015 ], [ 34.24481, 51.56993 ], [ 34.24901, 51.57698 ], [ 34.23871, 51.58407 ], [ 34.23745, 51.5847 ], [ 34.2242, 51.57639 ], [ 34.2166, 51.57466 ], [ 34.2152, 51.58982 ], [ 34.21273, 51.58976 ], [ 34.21119, 51.6005 ], [ 34.18211, 51.597 ], [ 34.17952, 51.62519 ], [ 34.16904, 51.64079 ], [ 34.17081, 51.64218 ], [ 34.16712, 51.64563 ], [ 34.15236, 51.64298 ], [ 34.1414, 51.64415 ], [ 34.12969, 51.64277 ], [ 34.13036, 51.64855 ], [ 34.11223, 51.64909 ], [ 34.10596, 51.65717 ], [ 34.10463, 51.66643 ], [ 34.09037, 51.6615 ], [ 34.08036, 51.66628 ], [ 34.08341, 51.66952 ], [ 34.08874, 51.67031 ], [ 34.0887, 51.67161 ], [ 34.09632, 51.672 ], [ 34.09845, 51.67661 ], [ 34.10394, 51.67903 ], [ 34.10812, 51.67825 ], [ 34.11194, 51.67962 ], [ 34.11477, 51.68183 ], [ 34.11538, 51.68469 ], [ 34.12591, 51.68456 ], [ 34.12817, 51.68957 ], [ 34.13775, 51.6889 ], [ 34.14306, 51.69056 ], [ 34.14678, 51.68744 ], [ 34.15455, 51.68997 ], [ 34.15693, 51.68909 ], [ 34.15802, 51.68626 ], [ 34.1601, 51.68607 ], [ 34.16334, 51.68874 ], [ 34.17762, 51.6925 ], [ 34.18304, 51.69227 ], [ 34.18715, 51.69558 ], [ 34.18997, 51.69577 ], [ 34.19013, 51.69755 ], [ 34.19185, 51.69639 ], [ 34.1961, 51.69703 ], [ 34.20033, 51.6939 ], [ 34.20483, 51.69416 ], [ 34.20796, 51.69922 ], [ 34.21312, 51.70306 ], [ 34.22009, 51.70342 ], [ 34.23409, 51.69702 ], [ 34.25076, 51.70263 ], [ 34.2615, 51.70105 ], [ 34.26431, 51.70152 ], [ 34.26474, 51.70357 ], [ 34.27407, 51.70345 ], [ 34.2797, 51.70571 ], [ 34.29102, 51.70507 ], [ 34.29773, 51.70818 ], [ 34.29891, 51.71206 ], [ 34.30173, 51.71289 ], [ 34.3028, 51.71564 ], [ 34.30899, 51.72031 ], [ 34.31931, 51.71582 ], [ 34.33206, 51.71537 ], [ 34.33872, 51.71351 ], [ 34.34803, 51.71541 ], [ 34.35473, 51.71277 ], [ 34.35999, 51.71377 ], [ 34.36309, 51.71217 ], [ 34.38812, 51.71648 ], [ 34.39097, 51.71817 ], [ 34.40025, 51.71494 ], [ 34.40151, 51.71562 ], [ 34.40109, 51.71774 ], [ 34.40712, 51.7181 ], [ 34.41375, 51.72245 ], [ 34.42285, 51.72233 ], [ 34.42312, 51.72607 ], [ 34.4261, 51.7294 ], [ 34.43455, 51.73054 ], [ 34.43627, 51.73281 ], [ 34.43528, 51.73526 ], [ 34.44001, 51.7394 ], [ 34.43883, 51.74172 ], [ 34.44048, 51.74334 ], [ 34.43523, 51.74983 ], [ 34.43673, 51.75157 ], [ 34.43495, 51.75386 ], [ 34.43654, 51.75744 ], [ 34.4386, 51.75838 ], [ 34.43528, 51.76205 ], [ 34.43591, 51.76477 ], [ 34.42974, 51.76527 ], [ 34.43079, 51.76798 ], [ 34.428, 51.77003 ], [ 34.42768, 51.77367 ], [ 34.42435, 51.77385 ], [ 34.4208, 51.77882 ], [ 34.41566, 51.77912 ], [ 34.40928, 51.78224 ], [ 34.40978, 51.78521 ], [ 34.40716, 51.79046 ], [ 34.40944, 51.79248 ], [ 34.40817, 51.79397 ], [ 34.41074, 51.79521 ], [ 34.41696, 51.8087 ], [ 34.41651, 51.81384 ], [ 34.41133, 51.81768 ], [ 34.41487, 51.81979 ], [ 34.41379, 51.82158 ], [ 34.41559, 51.8257 ], [ 34.41163, 51.82676 ], [ 34.40738, 51.83131 ], [ 34.4031, 51.83183 ], [ 34.40067, 51.83557 ], [ 34.38998, 51.83585 ], [ 34.38757, 51.8379 ], [ 34.38796, 51.83992 ], [ 34.38644, 51.84123 ], [ 34.3877, 51.84374 ], [ 34.38643, 51.84435 ], [ 34.37865, 51.84347 ], [ 34.3692, 51.84487 ], [ 34.36986, 51.8459 ], [ 34.36709, 51.84921 ], [ 34.36919, 51.85202 ], [ 34.36351, 51.85504 ], [ 34.36468, 51.85769 ], [ 34.36272, 51.85906 ], [ 34.32778, 51.87137 ], [ 34.32641, 51.87413 ], [ 34.32405, 51.87538 ], [ 34.3215, 51.87452 ], [ 34.30376, 51.88486 ], [ 34.30366, 51.88721 ], [ 34.27491, 51.88823 ], [ 34.26308, 51.87841 ], [ 34.24536, 51.88167 ], [ 34.25894, 51.8893 ], [ 34.25451, 51.89409 ], [ 34.25488, 51.89617 ], [ 34.25839, 51.89839 ], [ 34.25566, 51.90282 ], [ 34.25637, 51.90578 ], [ 34.26011, 51.90778 ], [ 34.25739, 51.90819 ], [ 34.26149, 51.90928 ], [ 34.25009, 51.91618 ], [ 34.23256, 51.91292 ], [ 34.21912, 51.92039 ], [ 34.22567, 51.9285 ], [ 34.21702, 51.93084 ], [ 34.21845, 51.93278 ], [ 34.21692, 51.93175 ], [ 34.21197, 51.93309 ], [ 34.21202, 51.93504 ], [ 34.2139, 51.93546 ], [ 34.21088, 51.93571 ], [ 34.21183, 51.93661 ], [ 34.21328, 51.93614 ], [ 34.21342, 51.93677 ], [ 34.21109, 51.93717 ], [ 34.21014, 51.93629 ], [ 34.20714, 51.93934 ], [ 34.20365, 51.93982 ], [ 34.20358, 51.94541 ], [ 34.19125, 51.95944 ], [ 34.18961, 51.96904 ], [ 34.16785, 51.9706 ], [ 34.14324, 51.96806 ], [ 34.14213, 51.9728 ], [ 34.13726, 51.97284 ], [ 34.1292, 51.98452 ], [ 34.13497, 51.98892 ], [ 34.14028, 51.9996 ], [ 34.13468, 52.0018 ], [ 34.1329, 52.00449 ], [ 34.12445, 52.00666 ], [ 34.11635, 52.00552 ], [ 34.11199, 52.00677 ], [ 34.10369, 52.00416 ], [ 34.09674, 52.00485 ], [ 34.09728, 52.00812 ], [ 34.09419, 52.01104 ], [ 34.092, 52.03089 ], [ 34.09398, 52.02938 ], [ 34.09536, 52.03135 ], [ 34.09197, 52.03583 ], [ 34.10139, 52.0415 ], [ 34.09362, 52.04681 ], [ 34.09298, 52.05277 ], [ 34.08701, 52.05435 ], [ 34.08277, 52.05804 ], [ 34.08052, 52.07042 ], [ 34.06254, 52.06964 ], [ 34.06228, 52.07295 ], [ 34.0847, 52.08475 ], [ 34.09412, 52.08505 ], [ 34.09641, 52.09113 ], [ 34.09987, 52.09335 ], [ 34.08711, 52.10201 ], [ 34.08858, 52.10588 ], [ 34.08595, 52.10877 ], [ 34.09387, 52.11177 ], [ 34.09871, 52.1119 ], [ 34.10255, 52.11688 ], [ 34.11078, 52.12301 ], [ 34.11322, 52.13842 ], [ 34.11651, 52.14104 ], [ 34.09042, 52.15483 ], [ 34.07602, 52.15472 ], [ 34.05931, 52.1666 ], [ 34.05453, 52.17158 ], [ 34.06509, 52.18314 ], [ 34.06141, 52.18487 ], [ 34.05319, 52.19729 ], [ 34.05283, 52.20139 ], [ 34.01634, 52.2019 ], [ 33.99884, 52.21099 ], [ 34.00225, 52.22275 ], [ 34.00063, 52.22726 ], [ 33.98228, 52.23435 ], [ 33.97456, 52.23049 ], [ 33.97199, 52.23271 ], [ 33.96413, 52.23485 ], [ 33.96154, 52.23947 ], [ 33.9589, 52.24056 ], [ 33.95732, 52.24404 ], [ 33.96186, 52.24666 ], [ 33.96108, 52.2476 ], [ 33.95423, 52.24731 ], [ 33.95169, 52.24933 ], [ 33.94767, 52.24786 ], [ 33.9466, 52.24914 ], [ 33.94331, 52.24835 ], [ 33.93792, 52.24983 ], [ 33.94268, 52.258 ], [ 33.94336, 52.26795 ], [ 33.94585, 52.27473 ], [ 33.94404, 52.28121 ], [ 33.94478, 52.28347 ], [ 33.93778, 52.28946 ], [ 33.93263, 52.29031 ], [ 33.92537, 52.29518 ], [ 33.92496, 52.29958 ], [ 33.92118, 52.305 ], [ 33.91088, 52.3086 ], [ 33.9084, 52.30802 ], [ 33.90699, 52.30603 ], [ 33.90753, 52.30352 ], [ 33.90505, 52.30211 ], [ 33.89611, 52.30766 ], [ 33.87509, 52.30653 ], [ 33.83902, 52.32036 ], [ 33.8553, 52.33287 ], [ 33.8431, 52.34301 ], [ 33.84294, 52.34509 ], [ 33.83906, 52.34692 ], [ 33.83756, 52.35038 ], [ 33.83872, 52.35818 ], [ 33.83647, 52.36139 ], [ 33.82424, 52.3641 ], [ 33.81879, 52.36307 ], [ 33.80504, 52.36629 ], [ 33.78549, 52.3666 ], [ 33.77294, 52.36347 ], [ 33.75109, 52.36137 ], [ 33.74843, 52.35726 ], [ 33.72451, 52.35343 ], [ 33.71724, 52.36281 ], [ 33.70816, 52.36279 ], [ 33.69977, 52.35875 ], [ 33.68538, 52.35792 ], [ 33.67802, 52.35433 ], [ 33.68149, 52.34957 ], [ 33.67074, 52.34691 ], [ 33.66635, 52.34424 ], [ 33.64447, 52.33947 ], [ 33.62525, 52.33892 ], [ 33.61546, 52.33555 ], [ 33.60396, 52.33404 ], [ 33.58915, 52.32367 ], [ 33.57724, 52.31835 ], [ 33.58182, 52.31083 ], [ 33.57811, 52.31056 ], [ 33.56412, 52.31823 ], [ 33.55161, 52.32305 ], [ 33.54409, 52.32413 ], [ 33.5449, 52.32082 ], [ 33.55255, 52.31922 ], [ 33.56467, 52.31332 ], [ 33.56611, 52.31023 ], [ 33.55987, 52.30226 ], [ 33.53157, 52.30456 ], [ 33.52531, 52.30748 ], [ 33.50455, 52.30605 ], [ 33.49817, 52.31202 ], [ 33.48839, 52.31059 ], [ 33.47907, 52.31643 ], [ 33.48357, 52.31699 ], [ 33.48292, 52.31974 ], [ 33.48552, 52.31975 ], [ 33.48877, 52.32286 ], [ 33.48893, 52.32924 ], [ 33.4915, 52.33128 ], [ 33.51338, 52.33398 ], [ 33.51247, 52.33508 ], [ 33.51458, 52.33897 ], [ 33.51952, 52.34268 ], [ 33.51974, 52.34401 ], [ 33.51536, 52.3469 ], [ 33.51756, 52.34911 ], [ 33.51681, 52.35079 ], [ 33.51902, 52.35197 ], [ 33.5184, 52.35485 ], [ 33.50932, 52.35801 ], [ 33.49547, 52.35621 ], [ 33.47203, 52.35906 ], [ 33.46376, 52.36328 ], [ 33.46175, 52.3619 ], [ 33.45511, 52.36531 ], [ 33.45109, 52.36025 ], [ 33.45269, 52.35966 ], [ 33.45213, 52.35731 ], [ 33.44519, 52.35732 ], [ 33.43938, 52.35294 ], [ 33.44557, 52.34952 ], [ 33.44681, 52.34266 ], [ 33.42874, 52.34568 ], [ 33.41287, 52.35124 ], [ 33.41665, 52.35226 ], [ 33.41627, 52.35658 ], [ 33.41768, 52.35828 ], [ 33.41652, 52.35827 ], [ 33.41622, 52.36079 ], [ 33.41127, 52.36108 ], [ 33.40945, 52.35958 ], [ 33.4068, 52.36152 ], [ 33.4027, 52.35999 ], [ 33.40126, 52.36346 ], [ 33.407, 52.36687 ], [ 33.39554, 52.37009 ], [ 33.38056, 52.37164 ], [ 33.37329, 52.3702 ], [ 33.36996, 52.36153 ], [ 33.36383, 52.36054 ], [ 33.36075, 52.36362 ], [ 33.35121, 52.35309 ], [ 33.33675, 52.35187 ], [ 33.32147, 52.35502 ], [ 33.31364, 52.35492 ], [ 33.31, 52.35379 ], [ 33.30638, 52.35014 ], [ 33.28933, 52.35763 ], [ 33.20819, 52.37611 ], [ 33.20648, 52.37333 ], [ 33.19633, 52.37401 ], [ 33.19601, 52.37943 ], [ 33.18866, 52.37953 ], [ 33.18886, 52.37353 ], [ 33.16991, 52.37309 ], [ 33.17092, 52.36957 ], [ 33.17466, 52.36608 ], [ 33.1714, 52.36149 ], [ 33.16956, 52.34085 ], [ 33.1562, 52.33841 ], [ 33.14418, 52.34429 ], [ 33.13696, 52.3459 ], [ 33.13396, 52.34501 ], [ 33.12913, 52.3418 ], [ 33.12875, 52.33862 ], [ 33.1181, 52.32899 ], [ 33.10962, 52.32457 ], [ 33.10651, 52.32647 ], [ 33.0814, 52.3091 ], [ 33.07261, 52.30753 ], [ 33.07327, 52.30487 ], [ 33.06742, 52.30296 ], [ 33.06133, 52.30656 ], [ 33.0617, 52.3089 ], [ 33.05968, 52.31099 ], [ 33.06231, 52.31608 ], [ 33.06637, 52.31399 ], [ 33.0735, 52.31612 ], [ 33.07059, 52.31784 ], [ 33.07299, 52.32522 ], [ 33.07172, 52.32751 ], [ 33.05957, 52.33077 ], [ 33.05436, 52.32566 ], [ 33.05847, 52.31924 ], [ 33.04319, 52.31434 ], [ 33.04476, 52.30788 ], [ 33.02406, 52.29986 ], [ 33.0185, 52.29357 ], [ 33.00666, 52.28927 ], [ 32.9965, 52.28801 ], [ 32.99985, 52.28096 ], [ 32.99874, 52.27689 ], [ 32.99613, 52.27709 ], [ 32.99598, 52.27246 ], [ 32.96153, 52.27363 ], [ 32.94364, 52.26372 ], [ 32.91021, 52.2503 ], [ 32.90695, 52.24562 ], [ 32.90197, 52.24529 ], [ 32.88734, 52.24536 ], [ 32.87982, 52.25916 ], [ 32.8856, 52.26929 ], [ 32.88453, 52.27403 ], [ 32.85693, 52.27457 ], [ 32.83351, 52.27926 ], [ 32.81705, 52.25894 ], [ 32.79691, 52.2654 ], [ 32.77898, 52.26184 ], [ 32.77817, 52.25963 ], [ 32.77167, 52.26005 ], [ 32.76294, 52.25658 ], [ 32.76059, 52.26322 ], [ 32.75481, 52.26724 ], [ 32.72651, 52.25711 ], [ 32.717, 52.25915 ], [ 32.70068, 52.24795 ], [ 32.7002, 52.25487 ], [ 32.6901, 52.25587 ], [ 32.68512, 52.26631 ], [ 32.67262, 52.27208 ], [ 32.67027, 52.27495 ], [ 32.66212, 52.27904 ], [ 32.63873, 52.28679 ], [ 32.62435, 52.29719 ], [ 32.61208, 52.30086 ], [ 32.60786, 52.30475 ], [ 32.59393, 52.30398 ], [ 32.59023, 52.30209 ], [ 32.57723, 52.30025 ], [ 32.57153, 52.31017 ], [ 32.5502, 52.32686 ], [ 32.50171, 52.32729 ], [ 32.49954, 52.32125 ], [ 32.48939, 52.31454 ], [ 32.471, 52.32414 ], [ 32.46705, 52.32385 ], [ 32.46032, 52.32688 ], [ 32.43403, 52.32173 ], [ 32.40567, 52.33708 ], [ 32.40072, 52.3381 ], [ 32.39431, 52.33369 ], [ 32.38752, 52.33759 ], [ 32.3766, 52.33757 ], [ 32.3562, 52.32827 ], [ 32.35167, 52.31652 ], [ 32.36294, 52.30228 ], [ 32.36721, 52.29019 ], [ 32.36692, 52.28413 ], [ 32.36949, 52.27696 ], [ 32.37336, 52.27386 ], [ 32.38219, 52.27927 ], [ 32.39336, 52.27837 ], [ 32.38308, 52.26997 ], [ 32.38714, 52.25932 ], [ 32.39061, 52.25776 ], [ 32.38859, 52.25601 ], [ 32.38968, 52.25413 ], [ 32.3945, 52.25215 ], [ 32.39505, 52.25049 ], [ 32.40042, 52.25014 ], [ 32.39872, 52.24953 ], [ 32.40167, 52.24779 ], [ 32.39442, 52.24671 ], [ 32.38907, 52.24266 ], [ 32.38209, 52.2405 ], [ 32.36987, 52.24111 ], [ 32.36179, 52.24006 ], [ 32.3616, 52.2388 ], [ 32.34675, 52.24466 ], [ 32.34468, 52.24246 ], [ 32.34762, 52.24152 ], [ 32.34469, 52.23955 ], [ 32.34214, 52.24035 ], [ 32.3244, 52.22373 ], [ 32.32459, 52.21525 ], [ 32.32949, 52.20821 ], [ 32.33057, 52.20313 ], [ 32.34471, 52.19542 ], [ 32.34718, 52.18336 ], [ 32.34275, 52.18229 ], [ 32.34187, 52.18045 ], [ 32.33989, 52.18088 ], [ 32.33832, 52.17548 ], [ 32.33472, 52.17629 ], [ 32.33909, 52.17393 ], [ 32.33294, 52.1708 ], [ 32.33359, 52.1698 ], [ 32.33206, 52.16911 ], [ 32.33361, 52.16793 ], [ 32.33166, 52.16685 ], [ 32.3304, 52.16805 ], [ 32.33005, 52.1648 ], [ 32.3281, 52.16472 ], [ 32.32917, 52.16325 ], [ 32.32622, 52.16308 ], [ 32.32725, 52.16051 ], [ 32.32526, 52.16026 ], [ 32.32685, 52.15881 ], [ 32.32948, 52.15918 ], [ 32.32672, 52.15683 ], [ 32.32641, 52.1531 ], [ 32.32383, 52.15158 ], [ 32.32602, 52.14981 ], [ 32.33065, 52.15652 ], [ 32.36536, 52.15601 ], [ 32.36874, 52.14836 ], [ 32.3679, 52.1465 ], [ 32.35997, 52.14044 ], [ 32.33469, 52.14062 ], [ 32.32954, 52.13298 ], [ 32.32036, 52.13662 ], [ 32.31767, 52.12217 ], [ 32.30408, 52.12066 ], [ 32.3011, 52.12211 ], [ 32.29684, 52.11959 ], [ 32.29525, 52.12003 ], [ 32.29572, 52.12109 ], [ 32.2942, 52.12059 ], [ 32.29339, 52.11791 ], [ 32.29551, 52.11789 ], [ 32.29413, 52.11666 ], [ 32.29533, 52.11339 ], [ 32.29716, 52.11371 ], [ 32.29646, 52.1122 ], [ 32.29829, 52.1113 ], [ 32.29163, 52.10853 ], [ 32.29052, 52.10312 ], [ 32.28659, 52.10338 ], [ 32.28637, 52.10144 ], [ 32.27929, 52.10004 ], [ 32.27903, 52.09794 ], [ 32.27702, 52.09721 ], [ 32.27057, 52.09758 ], [ 32.26358, 52.09258 ], [ 32.26075, 52.09293 ], [ 32.26227, 52.09207 ], [ 32.26022, 52.09089 ], [ 32.25208, 52.09075 ], [ 32.25253, 52.0889 ], [ 32.24288, 52.08955 ], [ 32.23798, 52.08861 ], [ 32.23818, 52.08678 ], [ 32.22442, 52.08717 ], [ 32.22448, 52.08572 ], [ 32.22193, 52.08508 ], [ 32.22353, 52.08361 ], [ 32.2225, 52.0806 ], [ 32.21821, 52.08211 ], [ 32.21168, 52.08013 ], [ 32.20783, 52.07775 ], [ 32.20931, 52.07701 ], [ 32.20767, 52.07432 ], [ 32.20333, 52.07492 ], [ 32.19805, 52.07257 ], [ 32.20151, 52.07152 ], [ 32.20276, 52.06906 ], [ 32.19942, 52.06609 ], [ 32.19936, 52.06858 ], [ 32.19295, 52.06702 ], [ 32.19154, 52.07083 ], [ 32.18294, 52.07258 ], [ 32.1761, 52.07091 ], [ 32.17733, 52.07001 ], [ 32.17582, 52.06896 ], [ 32.17055, 52.07158 ], [ 32.16808, 52.07035 ], [ 32.16459, 52.07199 ], [ 32.16277, 52.07013 ], [ 32.15601, 52.07175 ], [ 32.15359, 52.06926 ], [ 32.14721, 52.06914 ], [ 32.14859, 52.06759 ], [ 32.14641, 52.06544 ], [ 32.14852, 52.0627 ], [ 32.14371, 52.06068 ], [ 32.14558, 52.05932 ], [ 32.1442, 52.05825 ], [ 32.14715, 52.05781 ], [ 32.13761, 52.05237 ], [ 32.13404, 52.05258 ], [ 32.13606, 52.05376 ], [ 32.1335, 52.05436 ], [ 32.13021, 52.04934 ], [ 32.13383, 52.04391 ], [ 32.12576, 52.04592 ], [ 32.10156, 52.0456 ], [ 32.09601, 52.04407 ], [ 32.09616, 52.03361 ], [ 32.06594, 52.03489 ], [ 32.04476, 52.03929 ], [ 32.0352, 52.04455 ], [ 32.01979, 52.04928 ], [ 31.96223, 52.0532 ], [ 31.95325, 52.04668 ], [ 31.9492, 52.04575 ], [ 31.94919, 52.04697 ], [ 31.94159, 52.04771 ], [ 31.94109, 52.04924 ], [ 31.93559, 52.04785 ], [ 31.93686, 52.04676 ], [ 31.93208, 52.0449 ], [ 31.92492, 52.04321 ], [ 31.92003, 52.04484 ], [ 31.91912, 52.04251 ], [ 31.91646, 52.04226 ], [ 31.91533, 52.04331 ], [ 31.9173, 52.04764 ], [ 31.92832, 52.04659 ], [ 31.9285, 52.05062 ], [ 31.9174, 52.05255 ], [ 31.91845, 52.05498 ], [ 31.92121, 52.05694 ], [ 31.9275, 52.05636 ], [ 31.92883, 52.059 ], [ 31.9427, 52.05697 ], [ 31.94427, 52.06111 ], [ 31.95817, 52.06831 ], [ 31.96063, 52.07464 ], [ 31.95378, 52.0819 ], [ 31.9501, 52.08259 ], [ 31.94873, 52.08115 ], [ 31.94747, 52.08225 ], [ 31.94056, 52.08004 ], [ 31.94154, 52.08356 ], [ 31.93704, 52.08404 ], [ 31.93121, 52.09064 ], [ 31.91621, 52.09713 ], [ 31.90801, 52.09839 ], [ 31.90197, 52.1028 ], [ 31.8927, 52.10577 ], [ 31.87335, 52.10789 ], [ 31.86762, 52.1105 ], [ 31.84651, 52.10997 ], [ 31.81953, 52.09847 ], [ 31.81059, 52.0987 ], [ 31.79765, 52.10211 ], [ 31.7936, 52.10623 ], [ 31.79323, 52.10879 ], [ 31.78755, 52.1121 ], [ 31.77254, 52.11181 ], [ 31.75695, 52.1049 ], [ 31.74839, 52.10403 ], [ 31.72194, 52.09596 ], [ 31.71414, 52.10713 ], [ 31.69827, 52.10705 ], [ 31.69418, 52.11056 ], [ 31.66073, 52.11686 ], [ 31.6539, 52.11418 ], [ 31.62333, 52.11485 ], [ 31.6075, 52.11198 ], [ 31.59701, 52.11571 ], [ 31.5957, 52.11399 ], [ 31.58218, 52.11785 ], [ 31.56323, 52.12048 ], [ 31.54664, 52.12041 ], [ 31.53551, 52.12445 ], [ 31.5185, 52.12521 ], [ 31.49841, 52.11782 ], [ 31.49089, 52.1174 ], [ 31.489, 52.11591 ], [ 31.48344, 52.11656 ], [ 31.47637, 52.1197 ], [ 31.4641, 52.1215 ], [ 31.45989, 52.12861 ], [ 31.45569, 52.13088 ], [ 31.45409, 52.13864 ], [ 31.45215, 52.14041 ], [ 31.44244, 52.14019 ], [ 31.43867, 52.14212 ], [ 31.43432, 52.14111 ], [ 31.43198, 52.1434 ], [ 31.42713, 52.14061 ], [ 31.42072, 52.13959 ], [ 31.41436, 52.14203 ], [ 31.40341, 52.14267 ], [ 31.40297, 52.14039 ], [ 31.39695, 52.13966 ], [ 31.39007, 52.13395 ], [ 31.37761, 52.13424 ], [ 31.3881, 52.12153 ], [ 31.37709, 52.1191 ], [ 31.37266, 52.11502 ], [ 31.32514, 52.10641 ], [ 31.3225, 52.1 ], [ 31.32296, 52.09564 ], [ 31.32083, 52.09208 ], [ 31.31124, 52.08682 ], [ 31.32148, 52.0827 ], [ 31.29752, 52.05162 ], [ 31.253, 52.04223 ], [ 31.23264, 52.04918 ], [ 31.21934, 52.05093 ], [ 31.21421, 52.05634 ], [ 31.21755, 52.05718 ], [ 31.21369, 52.0594 ], [ 31.21182, 52.06339 ], [ 31.21575, 52.07106 ], [ 31.19288, 52.07548 ], [ 31.17884, 52.07483 ], [ 31.17777, 52.07615 ], [ 31.16119, 52.07795 ], [ 31.15717, 52.08057 ], [ 31.15644, 52.08345 ], [ 31.15439, 52.08377 ], [ 31.15646, 52.08576 ], [ 31.15272, 52.0851 ], [ 31.14929, 52.0871 ], [ 31.15065, 52.08889 ], [ 31.14623, 52.09174 ], [ 31.14558, 52.09463 ], [ 31.14419, 52.09448 ], [ 31.14473, 52.09857 ], [ 31.14279, 52.09884 ], [ 31.14378, 52.10034 ], [ 31.13992, 52.10311 ], [ 31.13649, 52.10331 ], [ 31.12584, 52.09958 ], [ 31.12589, 52.09733 ], [ 31.11691, 52.09651 ], [ 31.09834, 52.08954 ], [ 31.07009, 52.09071 ], [ 31.05026, 52.08579 ], [ 31.0374, 52.08585 ], [ 30.99298, 52.07818 ], [ 30.9771, 52.07889 ], [ 30.96378, 52.08134 ], [ 30.9654, 52.09018 ], [ 30.9586, 52.09085 ], [ 30.95697, 52.0902 ], [ 30.95758, 52.08856 ], [ 30.94971, 52.08968 ], [ 30.95269, 52.08105 ], [ 30.95221, 52.07519 ], [ 30.94602, 52.07343 ], [ 30.9364, 52.07577 ], [ 30.93216, 52.07225 ], [ 30.9358, 52.06456 ], [ 30.94485, 52.06053 ], [ 30.94872, 52.05515 ], [ 30.94334, 52.04565 ], [ 30.93627, 52.04336 ], [ 30.93353, 52.0401 ], [ 30.93771, 52.03149 ], [ 30.94542, 52.02627 ], [ 30.9391, 52.0203 ], [ 30.93985, 52.0135 ], [ 30.93617, 52.01258 ], [ 30.92497, 52.01565 ], [ 30.91757, 52.01006 ], [ 30.91074, 52.0091 ], [ 30.9043, 52.00476 ], [ 30.89555, 52.00286 ], [ 30.8924, 51.9982 ], [ 30.89346, 51.99526 ], [ 30.90839, 51.99262 ], [ 30.91117, 51.9886 ], [ 30.90867, 51.9856 ], [ 30.90404, 51.98444 ], [ 30.89041, 51.98637 ], [ 30.88559, 51.98501 ], [ 30.88428, 51.98099 ], [ 30.89096, 51.97396 ], [ 30.89001, 51.96938 ], [ 30.87347, 51.96686 ], [ 30.86354, 51.9722 ], [ 30.85895, 51.97211 ], [ 30.85402, 51.96856 ], [ 30.84883, 51.96164 ], [ 30.83628, 51.96138 ], [ 30.83667, 51.9547 ], [ 30.83485, 51.95271 ], [ 30.83052, 51.9521 ], [ 30.82398, 51.95536 ], [ 30.8188, 51.95588 ], [ 30.81459, 51.95115 ], [ 30.80514, 51.94685 ], [ 30.81171, 51.93681 ], [ 30.8237, 51.92551 ], [ 30.82498, 51.92075 ], [ 30.8228, 51.91794 ], [ 30.8045, 51.90612 ], [ 30.80258, 51.89906 ], [ 30.79351, 51.89716 ], [ 30.75627, 51.90409 ], [ 30.74967, 51.90358 ], [ 30.74232, 51.89591 ], [ 30.74326, 51.89182 ], [ 30.73961, 51.88385 ], [ 30.73471, 51.8803 ], [ 30.72435, 51.87741 ], [ 30.7199, 51.87267 ], [ 30.70689, 51.86846 ], [ 30.70066, 51.85768 ], [ 30.69831, 51.84402 ], [ 30.69463, 51.83746 ], [ 30.68258, 51.83299 ], [ 30.67635, 51.83423 ], [ 30.66995, 51.83302 ], [ 30.65397, 51.82624 ], [ 30.65232, 51.8243 ], [ 30.65283, 51.82217 ], [ 30.67122, 51.8026 ], [ 30.6723, 51.79932 ], [ 30.66976, 51.79111 ], [ 30.66154, 51.78518 ], [ 30.65518, 51.78451 ], [ 30.65437, 51.7794 ], [ 30.65924, 51.77655 ], [ 30.65623, 51.77335 ], [ 30.64752, 51.77227 ], [ 30.6322, 51.77621 ], [ 30.62645, 51.77295 ], [ 30.61855, 51.7712 ], [ 30.61373, 51.76685 ], [ 30.61302, 51.76226 ], [ 30.61643, 51.75941 ], [ 30.62239, 51.7595 ], [ 30.63525, 51.76453 ], [ 30.64102, 51.76525 ], [ 30.64685, 51.76411 ], [ 30.65121, 51.76003 ], [ 30.64825, 51.75048 ], [ 30.62475, 51.73194 ], [ 30.62608, 51.71956 ], [ 30.62552, 51.71433 ], [ 30.62314, 51.71172 ], [ 30.6151, 51.70851 ], [ 30.60554, 51.70787 ], [ 30.588, 51.7111 ], [ 30.57582, 51.71149 ], [ 30.56572, 51.70843 ], [ 30.56033, 51.70414 ], [ 30.55973, 51.70099 ], [ 30.56458, 51.69336 ], [ 30.57487, 51.68439 ], [ 30.57023, 51.67144 ], [ 30.57128, 51.66754 ], [ 30.56779, 51.66629 ], [ 30.56442, 51.66265 ], [ 30.55242, 51.66324 ], [ 30.53823, 51.67224 ], [ 30.53484, 51.67659 ], [ 30.53057, 51.67749 ], [ 30.52283, 51.6762 ], [ 30.5186, 51.67115 ], [ 30.51705, 51.66747 ], [ 30.51862, 51.66308 ], [ 30.53529, 51.65836 ], [ 30.52651, 51.64511 ], [ 30.51345, 51.64066 ], [ 30.50963, 51.63371 ], [ 30.50932, 51.62678 ], [ 30.52012, 51.62343 ], [ 30.53546, 51.62216 ], [ 30.53039, 51.61781 ], [ 30.53391, 51.61247 ], [ 30.53809, 51.61138 ], [ 30.53985, 51.61417 ], [ 30.5441, 51.6145 ], [ 30.55453, 51.61082 ], [ 30.55727, 51.60658 ], [ 30.55387, 51.60269 ], [ 30.54749, 51.6005 ], [ 30.5367, 51.60527 ], [ 30.52896, 51.60219 ], [ 30.51157, 51.60413 ], [ 30.5073, 51.60189 ], [ 30.50625, 51.59811 ], [ 30.51143, 51.59357 ], [ 30.52141, 51.58951 ], [ 30.5285, 51.58294 ], [ 30.54474, 51.58375 ], [ 30.55373, 51.57887 ], [ 30.55458, 51.57626 ], [ 30.5517, 51.57311 ], [ 30.53428, 51.57502 ], [ 30.52917, 51.57301 ], [ 30.52676, 51.56958 ], [ 30.52843, 51.56308 ], [ 30.54193, 51.55189 ], [ 30.54572, 51.54163 ], [ 30.55019, 51.54015 ], [ 30.55437, 51.54083 ], [ 30.5642, 51.54977 ], [ 30.57105, 51.55277 ], [ 30.57832, 51.55219 ], [ 30.58235, 51.54827 ], [ 30.58619, 51.53954 ], [ 30.56959, 51.52238 ], [ 30.56744, 51.51477 ], [ 30.56835, 51.51144 ], [ 30.58044, 51.50393 ], [ 30.58554, 51.49887 ], [ 30.58782, 51.4948 ], [ 30.58829, 51.48212 ], [ 30.59299, 51.47637 ], [ 30.60503, 51.47062 ], [ 30.61922, 51.47104 ], [ 30.62216, 51.46894 ], [ 30.62269, 51.46619 ], [ 30.62052, 51.46057 ], [ 30.61202, 51.45738 ], [ 30.61102, 51.4588 ], [ 30.60324, 51.45911 ], [ 30.59161, 51.45599 ], [ 30.58117, 51.4506 ], [ 30.57908, 51.44645 ], [ 30.58675, 51.42955 ], [ 30.59211, 51.42386 ], [ 30.6005, 51.42398 ], [ 30.6116, 51.43097 ], [ 30.6174, 51.43104 ], [ 30.62172, 51.42906 ], [ 30.62317, 51.42606 ], [ 30.6219, 51.42296 ], [ 30.62748, 51.41994 ], [ 30.63211, 51.4076 ], [ 30.6557, 51.37618 ], [ 30.65256, 51.37097 ], [ 30.64087, 51.36767 ], [ 30.63637, 51.36442 ], [ 30.63476, 51.36082 ], [ 30.63664, 51.35734 ], [ 30.64911, 51.35177 ], [ 30.65595, 51.3463 ], [ 30.65654, 51.34263 ], [ 30.65155, 51.33542 ], [ 30.64803, 51.33296 ], [ 30.62854, 51.3337 ], [ 30.62213, 51.33259 ], [ 30.61237, 51.32283 ], [ 30.60196, 51.31805 ], [ 30.5936, 51.31184 ], [ 30.59572, 51.30917 ], [ 30.61387, 51.30787 ], [ 30.61416, 51.306 ], [ 30.60965, 51.30345 ], [ 30.60386, 51.30533 ], [ 30.59995, 51.30434 ], [ 30.59985, 51.30266 ], [ 30.60297, 51.30078 ], [ 30.61241, 51.30088 ], [ 30.61839, 51.30583 ], [ 30.62249, 51.30468 ], [ 30.61652, 51.29812 ], [ 30.6188, 51.28942 ], [ 30.61513, 51.28489 ], [ 30.60709, 51.28021 ], [ 30.5943, 51.28096 ], [ 30.58838, 51.27918 ], [ 30.57695, 51.27414 ], [ 30.57, 51.26755 ], [ 30.53862, 51.26269 ], [ 30.50451, 51.27983 ], [ 30.46355, 51.27277 ], [ 30.45351, 51.27344 ], [ 30.4516, 51.27632 ], [ 30.45428, 51.27861 ], [ 30.45094, 51.28096 ], [ 30.45091, 51.28274 ], [ 30.4525, 51.28575 ], [ 30.45756, 51.28572 ], [ 30.46412, 51.29096 ], [ 30.45812, 51.2986 ], [ 30.46382, 51.30659 ], [ 30.44358, 51.30848 ], [ 30.42397, 51.30558 ], [ 30.39756, 51.31271 ], [ 30.39153, 51.32146 ], [ 30.34304, 51.35158 ], [ 30.32418, 51.36051 ], [ 30.34314, 51.36988 ], [ 30.34643, 51.37586 ], [ 30.35754, 51.37874 ], [ 30.35486, 51.38888 ], [ 30.35179, 51.3901 ], [ 30.34814, 51.39913 ], [ 30.34643, 51.41374 ], [ 30.34242, 51.42044 ], [ 30.35172, 51.42299 ], [ 30.33459, 51.42617 ], [ 30.32236, 51.43364 ], [ 30.31958, 51.43936 ], [ 30.31139, 51.44304 ], [ 30.30919, 51.44695 ], [ 30.28846, 51.46355 ], [ 30.28386, 51.46396 ], [ 30.26977, 51.47015 ], [ 30.24667, 51.48553 ], [ 30.2124, 51.49314 ], [ 30.18017, 51.51252 ], [ 30.16855, 51.50925 ], [ 30.16395, 51.489 ], [ 30.14792, 51.49321 ], [ 30.1339, 51.50091 ], [ 30.1331, 51.50476 ], [ 30.12798, 51.50606 ], [ 30.12097, 51.50461 ], [ 30.12651, 51.49053 ], [ 30.11739, 51.48738 ], [ 30.07048, 51.49903 ], [ 30.05168, 51.49857 ], [ 30.03583, 51.50392 ], [ 30.02662, 51.50332 ], [ 30.01423, 51.50509 ], [ 30.01257, 51.50368 ], [ 30.01697, 51.50282 ], [ 30.02066, 51.49938 ], [ 30.02109, 51.49655 ], [ 30.01739, 51.49561 ], [ 30.01491, 51.4902 ], [ 30.00813, 51.48934 ], [ 30.00401, 51.48616 ], [ 29.99088, 51.48247 ], [ 29.98515, 51.48637 ], [ 29.97707, 51.48626 ], [ 29.97292, 51.48312 ], [ 29.97083, 51.47404 ], [ 29.96239, 51.47093 ], [ 29.95524, 51.47166 ], [ 29.94933, 51.47479 ], [ 29.9472, 51.47847 ], [ 29.94901, 51.48397 ], [ 29.94478, 51.48651 ], [ 29.93663, 51.48883 ], [ 29.93234, 51.49209 ], [ 29.92659, 51.49209 ], [ 29.92298, 51.48814 ], [ 29.91526, 51.48668 ], [ 29.91114, 51.48762 ], [ 29.90685, 51.48531 ], [ 29.89363, 51.48531 ], [ 29.89268, 51.48368 ], [ 29.89388, 51.48024 ], [ 29.88564, 51.47844 ], [ 29.88633, 51.47561 ], [ 29.89157, 51.47389 ], [ 29.88908, 51.46273 ], [ 29.87878, 51.45784 ], [ 29.87972, 51.45355 ], [ 29.8829, 51.44986 ], [ 29.88135, 51.44625 ], [ 29.85835, 51.4502 ], [ 29.85217, 51.44986 ], [ 29.84994, 51.45544 ], [ 29.84651, 51.45835 ], [ 29.81715, 51.44977 ], [ 29.81346, 51.45999 ], [ 29.79441, 51.4581 ], [ 29.79775, 51.44651 ], [ 29.79733, 51.44171 ], [ 29.78617, 51.44668 ], [ 29.77046, 51.44926 ], [ 29.74926, 51.45707 ], [ 29.74428, 51.45741 ], [ 29.74634, 51.46488 ], [ 29.73819, 51.47467 ], [ 29.73475, 51.48127 ], [ 29.73518, 51.48668 ], [ 29.73175, 51.49243 ], [ 29.74217, 51.49319 ], [ 29.74634, 51.50204 ], [ 29.74454, 51.50625 ], [ 29.73948, 51.50934 ], [ 29.73948, 51.512 ], [ 29.74523, 51.51312 ], [ 29.74634, 51.51535 ], [ 29.74291, 51.52144 ], [ 29.74042, 51.53105 ], [ 29.72969, 51.52925 ], [ 29.71673, 51.52994 ], [ 29.71107, 51.52754 ], [ 29.70969, 51.52307 ], [ 29.70197, 51.51904 ], [ 29.69175, 51.51766 ], [ 29.67673, 51.51217 ], [ 29.67416, 51.50985 ], [ 29.67467, 51.50565 ], [ 29.67278, 51.50299 ], [ 29.66781, 51.5023 ], [ 29.65459, 51.50634 ], [ 29.64643, 51.49921 ], [ 29.64326, 51.49895 ], [ 29.63888, 51.50419 ], [ 29.63365, 51.50634 ], [ 29.62455, 51.4944 ], [ 29.61596, 51.49277 ], [ 29.60884, 51.49372 ], [ 29.60868, 51.48719 ], [ 29.60678, 51.48316 ], [ 29.60979, 51.47938 ], [ 29.6091, 51.47467 ], [ 29.60592, 51.47158 ], [ 29.58541, 51.46393 ], [ 29.57932, 51.46239 ], [ 29.54215, 51.48273 ], [ 29.5388, 51.48247 ], [ 29.53478, 51.47435 ], [ 29.53623, 51.47029 ], [ 29.53554, 51.46273 ], [ 29.52172, 51.45243 ], [ 29.51915, 51.44368 ], [ 29.52353, 51.43887 ], [ 29.52215, 51.42995 ], [ 29.52327, 51.42377 ], [ 29.52078, 51.42239 ], [ 29.51735, 51.42454 ], [ 29.51511, 51.42411 ], [ 29.50236, 51.40214 ], [ 29.49569, 51.39677 ], [ 29.4643, 51.40394 ], [ 29.4516, 51.40892 ], [ 29.42156, 51.4151 ], [ 29.39581, 51.40823 ], [ 29.39032, 51.40445 ], [ 29.38285, 51.40222 ], [ 29.3692, 51.38943 ], [ 29.36328, 51.38926 ], [ 29.35624, 51.38454 ], [ 29.3444, 51.38411 ], [ 29.34028, 51.38574 ], [ 29.3262, 51.37767 ], [ 29.32182, 51.38617 ], [ 29.32047, 51.39495 ], [ 29.3229, 51.3991 ], [ 29.32474, 51.40995 ], [ 29.32208, 51.41741 ], [ 29.31659, 51.42145 ], [ 29.31573, 51.43372 ], [ 29.30792, 51.44488 ], [ 29.30723, 51.44763 ], [ 29.30912, 51.45423 ], [ 29.29496, 51.45947 ], [ 29.27539, 51.45878 ], [ 29.27178, 51.46582 ], [ 29.27135, 51.47698 ], [ 29.25857, 51.48428 ], [ 29.25101, 51.49561 ], [ 29.25101, 51.50342 ], [ 29.25556, 51.51878 ], [ 29.25513, 51.52384 ], [ 29.26123, 51.5277 ], [ 29.25652, 51.53376 ], [ 29.25856, 51.54278 ], [ 29.25632, 51.54655 ], [ 29.25837, 51.54942 ], [ 29.25413, 51.55674 ], [ 29.25213, 51.56718 ], [ 29.24195, 51.56919 ], [ 29.21385, 51.56674 ], [ 29.21619, 51.56902 ], [ 29.20875, 51.57385 ], [ 29.20869, 51.57714 ], [ 29.20207, 51.58193 ], [ 29.20522, 51.5844 ], [ 29.20434, 51.60741 ], [ 29.17753, 51.6076 ], [ 29.17746, 51.6116 ], [ 29.18594, 51.61984 ], [ 29.18871, 51.62785 ], [ 29.16802, 51.62687 ], [ 29.17328, 51.62327 ], [ 29.15604, 51.62671 ], [ 29.15946, 51.63355 ], [ 29.15862, 51.63912 ], [ 29.1656, 51.63977 ], [ 29.17381, 51.64771 ], [ 29.17885, 51.64671 ], [ 29.17445, 51.6488 ], [ 29.17554, 51.65116 ], [ 29.17313, 51.6495 ], [ 29.16541, 51.65344 ], [ 29.16182, 51.65253 ], [ 29.16218, 51.65068 ], [ 29.16133, 51.65169 ], [ 29.15938, 51.64974 ], [ 29.14753, 51.65222 ], [ 29.14068, 51.64921 ], [ 29.13169, 51.65179 ], [ 29.12953, 51.65016 ], [ 29.12245, 51.65043 ], [ 29.11934, 51.65296 ], [ 29.1158, 51.65271 ], [ 29.1216, 51.6609 ], [ 29.11754, 51.66164 ], [ 29.11611, 51.6573 ], [ 29.10618, 51.65118 ], [ 29.10731, 51.65025 ], [ 29.10093, 51.64547 ], [ 29.09381, 51.64313 ], [ 29.09526, 51.63497 ], [ 29.09041, 51.62766 ], [ 29.07453, 51.62653 ], [ 29.06297, 51.62078 ], [ 29.04837, 51.60985 ], [ 29.04876, 51.6075 ], [ 29.039, 51.60196 ], [ 29.03037, 51.59031 ], [ 28.99938, 51.57352 ], [ 28.98253, 51.5732 ], [ 28.97498, 51.57835 ], [ 28.96952, 51.59162 ], [ 28.9277, 51.58805 ], [ 28.91255, 51.5902 ], [ 28.88418, 51.58391 ], [ 28.88162, 51.58281 ], [ 28.88131, 51.57887 ], [ 28.87822, 51.57607 ], [ 28.86994, 51.5748 ], [ 28.86602, 51.56957 ], [ 28.8424, 51.56278 ], [ 28.83648, 51.55824 ], [ 28.82858, 51.55984 ], [ 28.81963, 51.55882 ], [ 28.8071, 51.54826 ], [ 28.80512, 51.53834 ], [ 28.79729, 51.53374 ], [ 28.79002, 51.52567 ], [ 28.78141, 51.51086 ], [ 28.76161, 51.48735 ], [ 28.76088, 51.48262 ], [ 28.77549, 51.47342 ], [ 28.7738, 51.47138 ], [ 28.77763, 51.46261 ], [ 28.78608, 51.45529 ], [ 28.78067, 51.45623 ], [ 28.77878, 51.4489 ], [ 28.77162, 51.44599 ], [ 28.76629, 51.43105 ], [ 28.76635, 51.42752 ], [ 28.75293, 51.41456 ], [ 28.7499, 51.41533 ], [ 28.74753, 51.42504 ], [ 28.73912, 51.42584 ], [ 28.74186, 51.42891 ], [ 28.73367, 51.43456 ], [ 28.73565, 51.44446 ], [ 28.73429, 51.4529 ], [ 28.73658, 51.46641 ], [ 28.72496, 51.4611 ], [ 28.72186, 51.45731 ], [ 28.71981, 51.45055 ], [ 28.71586, 51.44857 ], [ 28.69749, 51.44143 ], [ 28.68382, 51.44426 ], [ 28.65123, 51.52336 ], [ 28.65513, 51.52652 ], [ 28.64682, 51.55045 ], [ 28.66002, 51.558 ], [ 28.66012, 51.56232 ], [ 28.65857, 51.56675 ], [ 28.65054, 51.56993 ], [ 28.6479, 51.57269 ], [ 28.55433, 51.57222 ], [ 28.55439, 51.582 ], [ 28.52272, 51.58197 ], [ 28.51791, 51.58859 ], [ 28.51248, 51.59068 ], [ 28.46744, 51.59312 ], [ 28.45086, 51.58488 ], [ 28.43391, 51.57295 ], [ 28.39128, 51.55038 ], [ 28.36317, 51.54172 ], [ 28.35949, 51.53938 ], [ 28.35245, 51.53997 ], [ 28.3495, 51.54271 ], [ 28.35372, 51.55069 ], [ 28.35452, 51.55724 ], [ 28.34265, 51.57679 ], [ 28.33138, 51.58391 ], [ 28.32469, 51.59042 ], [ 28.32189, 51.59042 ], [ 28.31158, 51.59839 ], [ 28.31111, 51.60097 ], [ 28.28134, 51.62358 ], [ 28.25613, 51.61967 ], [ 28.25311, 51.62708 ], [ 28.25855, 51.63785 ], [ 28.26469, 51.66091 ], [ 28.26403, 51.66309 ], [ 28.26965, 51.67118 ], [ 28.2679, 51.67639 ], [ 28.25938, 51.68114 ], [ 28.25701, 51.67894 ], [ 28.24583, 51.67677 ], [ 28.23689, 51.67223 ], [ 28.234, 51.66805 ], [ 28.22849, 51.66553 ], [ 28.22494, 51.66573 ], [ 28.17078, 51.64458 ], [ 28.16727, 51.62818 ], [ 28.16849, 51.62497 ], [ 28.15212, 51.60873 ], [ 28.1528, 51.6066 ], [ 28.15103, 51.60775 ], [ 28.14902, 51.60487 ], [ 28.12928, 51.60849 ], [ 28.12907, 51.60497 ], [ 28.12048, 51.5981 ], [ 28.11761, 51.58355 ], [ 28.1093, 51.58266 ], [ 28.10436, 51.57906 ], [ 28.08155, 51.57397 ], [ 28.0728, 51.58009 ], [ 28.06353, 51.57222 ], [ 28.04942, 51.56675 ], [ 27.94579, 51.55818 ], [ 27.94407, 51.55929 ], [ 27.94458, 51.56221 ], [ 27.96072, 51.57208 ], [ 27.96227, 51.57714 ], [ 27.9681, 51.57981 ], [ 27.96715, 51.58223 ], [ 27.97492, 51.59405 ], [ 27.96712, 51.59561 ], [ 27.96064, 51.5919 ], [ 27.95763, 51.59268 ], [ 27.95093, 51.58619 ], [ 27.94897, 51.58294 ], [ 27.95036, 51.58204 ], [ 27.94439, 51.5792 ], [ 27.92026, 51.57789 ], [ 27.92442, 51.59411 ], [ 27.92214, 51.60649 ], [ 27.91987, 51.60642 ], [ 27.91057, 51.61371 ], [ 27.90403, 51.61319 ], [ 27.89821, 51.61523 ], [ 27.8987, 51.61382 ], [ 27.88652, 51.61386 ], [ 27.88796, 51.61491 ], [ 27.88629, 51.61612 ], [ 27.88859, 51.61648 ], [ 27.88476, 51.6179 ], [ 27.88353, 51.6208 ], [ 27.87869, 51.62164 ], [ 27.87778, 51.62265 ], [ 27.87969, 51.62342 ], [ 27.86579, 51.62885 ], [ 27.82902, 51.61216 ], [ 27.83999, 51.60797 ], [ 27.83548, 51.60184 ], [ 27.82911, 51.5968 ], [ 27.82877, 51.58234 ], [ 27.8248, 51.57683 ], [ 27.82767, 51.57535 ], [ 27.82904, 51.57358 ], [ 27.82752, 51.57224 ], [ 27.83148, 51.56983 ], [ 27.83423, 51.5629 ], [ 27.83681, 51.56218 ], [ 27.83766, 51.55907 ], [ 27.83946, 51.55835 ], [ 27.83585, 51.55556 ], [ 27.84006, 51.55487 ], [ 27.84098, 51.55279 ], [ 27.83922, 51.55137 ], [ 27.84059, 51.54973 ], [ 27.84422, 51.5506 ], [ 27.84976, 51.54648 ], [ 27.8484, 51.5438 ], [ 27.84399, 51.53988 ], [ 27.83263, 51.53487 ], [ 27.80684, 51.53312 ], [ 27.7961, 51.5223 ], [ 27.77996, 51.50076 ], [ 27.76975, 51.49269 ], [ 27.76837, 51.47776 ], [ 27.76365, 51.47449 ], [ 27.7591, 51.47406 ], [ 27.74202, 51.47741 ], [ 27.72254, 51.49234 ], [ 27.71018, 51.49775 ], [ 27.69765, 51.4981 ], [ 27.684, 51.50942 ], [ 27.66881, 51.51784 ], [ 27.67823, 51.51961 ], [ 27.67641, 51.53951 ], [ 27.72324, 51.56285 ], [ 27.72683, 51.56668 ], [ 27.73464, 51.59371 ], [ 27.73104, 51.59483 ], [ 27.7276, 51.60461 ], [ 27.70546, 51.6071 ], [ 27.69447, 51.60667 ], [ 27.68838, 51.61294 ], [ 27.66975, 51.61225 ], [ 27.6531, 51.61757 ], [ 27.64546, 51.61191 ], [ 27.62898, 51.60659 ], [ 27.61885, 51.60541 ], [ 27.55017, 51.63727 ], [ 27.54268, 51.62266 ], [ 27.53781, 51.62225 ], [ 27.51721, 51.63765 ], [ 27.50735, 51.62984 ], [ 27.51254, 51.60678 ], [ 27.52655, 51.60724 ], [ 27.51337, 51.59107 ], [ 27.50315, 51.58666 ], [ 27.48157, 51.59392 ], [ 27.47973, 51.60105 ], [ 27.48757, 51.61016 ], [ 27.48272, 51.61487 ], [ 27.47283, 51.60794 ], [ 27.46848, 51.60666 ], [ 27.45531, 51.61133 ], [ 27.45472, 51.61995 ], [ 27.42695, 51.6139 ], [ 27.42731, 51.60587 ], [ 27.39276, 51.60493 ], [ 27.35925, 51.61597 ], [ 27.34411, 51.60626 ], [ 27.26737, 51.60622 ], [ 27.26838, 51.60233 ], [ 27.24036, 51.60181 ], [ 27.24865, 51.60937 ], [ 27.24923, 51.61171 ], [ 27.24474, 51.62116 ], [ 27.27339, 51.64658 ], [ 27.27301, 51.65442 ], [ 27.25026, 51.66729 ], [ 27.21576, 51.66436 ], [ 27.20819, 51.66793 ], [ 27.20235, 51.77327 ], [ 26.99444, 51.76882 ], [ 26.94825, 51.73608 ], [ 26.91077, 51.7483 ], [ 26.90971, 51.75004 ], [ 26.89533, 51.74654 ], [ 26.88553, 51.74999 ], [ 26.87681, 51.74755 ], [ 26.87465, 51.75011 ], [ 26.84619, 51.76618 ], [ 26.817, 51.76274 ], [ 26.80685, 51.75534 ], [ 26.79096, 51.75709 ], [ 26.78668, 51.7616 ], [ 26.79128, 51.76488 ], [ 26.78722, 51.7666 ], [ 26.78008, 51.76499 ], [ 26.76135, 51.77534 ], [ 26.75321, 51.77269 ], [ 26.75176, 51.77392 ], [ 26.75588, 51.77423 ], [ 26.75364, 51.7769 ], [ 26.7573, 51.77794 ], [ 26.75425, 51.7796 ], [ 26.75873, 51.78058 ], [ 26.75784, 51.78305 ], [ 26.75676, 51.78087 ], [ 26.75452, 51.78109 ], [ 26.75657, 51.78454 ], [ 26.75512, 51.78482 ], [ 26.75564, 51.78615 ], [ 26.76034, 51.78508 ], [ 26.75841, 51.7867 ], [ 26.75905, 51.78979 ], [ 26.75644, 51.78996 ], [ 26.75913, 51.7926 ], [ 26.75637, 51.79475 ], [ 26.75121, 51.79562 ], [ 26.75083, 51.7974 ], [ 26.75366, 51.79864 ], [ 26.75158, 51.79976 ], [ 26.75742, 51.80164 ], [ 26.74934, 51.80799 ], [ 26.74403, 51.80894 ], [ 26.72916, 51.81573 ], [ 26.71673, 51.81166 ], [ 26.70846, 51.81134 ], [ 26.70409, 51.81275 ], [ 26.6936, 51.8233 ], [ 26.66173, 51.82483 ], [ 26.61159, 51.82427 ], [ 26.60235, 51.82866 ], [ 26.59474, 51.82863 ], [ 26.59262, 51.83033 ], [ 26.59017, 51.82052 ], [ 26.5522, 51.81214 ], [ 26.55597, 51.80406 ], [ 26.5467, 51.79602 ], [ 26.47089, 51.80049 ], [ 26.47016, 51.81288 ], [ 26.43885, 51.81858 ], [ 26.42736, 51.83307 ], [ 26.39571, 51.83115 ], [ 26.39478, 51.87683 ], [ 26.372, 51.86221 ], [ 26.32998, 51.86416 ], [ 26.30385, 51.85976 ], [ 26.28988, 51.86827 ], [ 26.27795, 51.86544 ], [ 26.27549, 51.87028 ], [ 26.27304, 51.87093 ], [ 26.22742, 51.86961 ], [ 26.22095, 51.87083 ], [ 26.2212, 51.8664 ], [ 26.21735, 51.86726 ], [ 26.19008, 51.86245 ], [ 26.17652, 51.8685 ], [ 26.17151, 51.86602 ], [ 26.17097, 51.8685 ], [ 26.1682, 51.8664 ], [ 26.1621, 51.86751 ], [ 26.15511, 51.86422 ], [ 26.1551, 51.88023 ], [ 26.15254, 51.8782 ], [ 26.14586, 51.87806 ], [ 26.14163, 51.87432 ], [ 26.13316, 51.879 ], [ 26.128, 51.88875 ], [ 26.12316, 51.893 ], [ 26.11244, 51.89764 ], [ 26.10916, 51.89711 ], [ 26.10661, 51.89925 ], [ 26.10353, 51.89931 ], [ 26.09377, 51.91077 ], [ 26.09439, 51.91203 ], [ 26.04781, 51.91362 ], [ 26.04322, 51.92547 ], [ 25.99993, 51.9301 ], [ 25.99906, 51.93304 ], [ 25.99537, 51.93342 ], [ 25.99476, 51.93199 ], [ 25.98598, 51.9311 ], [ 25.98449, 51.92872 ], [ 25.98121, 51.92983 ], [ 25.97838, 51.92892 ], [ 25.97679, 51.92624 ], [ 25.97506, 51.92693 ], [ 25.97236, 51.92538 ], [ 25.97288, 51.92753 ], [ 25.96709, 51.92715 ], [ 25.96763, 51.92346 ], [ 25.9664, 51.92216 ], [ 25.9655, 51.92475 ], [ 25.95983, 51.9239 ], [ 25.95861, 51.92242 ], [ 25.95688, 51.92349 ], [ 25.95329, 51.92166 ], [ 25.95576, 51.9204 ], [ 25.95522, 51.91923 ], [ 25.95026, 51.9205 ], [ 25.94995, 51.92231 ], [ 25.9433, 51.92079 ], [ 25.94354, 51.91878 ], [ 25.93884, 51.9178 ], [ 25.93704, 51.9157 ], [ 25.9332, 51.91763 ], [ 25.92404, 51.91549 ], [ 25.90414, 51.92137 ], [ 25.89266, 51.91923 ], [ 25.87976, 51.92241 ], [ 25.8732, 51.92102 ], [ 25.86415, 51.92544 ], [ 25.8336, 51.92629 ], [ 25.82548, 51.92464 ], [ 25.8186, 51.92868 ], [ 25.81964, 51.93716 ], [ 25.82446, 51.93706 ], [ 25.82387, 51.94305 ], [ 25.81008, 51.94618 ], [ 25.7815, 51.94552 ], [ 25.78129, 51.94958 ], [ 25.77707, 51.94986 ], [ 25.76546, 51.95007 ], [ 25.77506, 51.9324 ], [ 25.77047, 51.93268 ], [ 25.76748, 51.93015 ], [ 25.77221, 51.92161 ], [ 25.75848, 51.92388 ], [ 25.70933, 51.91617 ], [ 25.59596, 51.92385 ], [ 25.52726, 51.94046 ], [ 25.51791, 51.92618 ], [ 25.50881, 51.92194 ], [ 25.50043, 51.92734 ], [ 25.49449, 51.92701 ], [ 25.49505, 51.92798 ], [ 25.49176, 51.92969 ], [ 25.48789, 51.9302 ], [ 25.48648, 51.9294 ], [ 25.48601, 51.92256 ], [ 25.45828, 51.9192 ], [ 25.45865, 51.92106 ], [ 25.44783, 51.92184 ], [ 25.40997, 51.92173 ], [ 25.40574, 51.92525 ], [ 25.37114, 51.92802 ], [ 25.36599, 51.93401 ], [ 25.35939, 51.93458 ], [ 25.35028, 51.93204 ], [ 25.34346, 51.93272 ], [ 25.33668, 51.93923 ], [ 25.32077, 51.94084 ], [ 25.32008, 51.94446 ], [ 25.30928, 51.94909 ], [ 25.30235, 51.95404 ], [ 25.29098, 51.95559 ], [ 25.2893, 51.95932 ], [ 25.27078, 51.96347 ], [ 25.26358, 51.96853 ], [ 25.24512, 51.9669 ], [ 25.23413, 51.96119 ], [ 25.22668, 51.96076 ], [ 25.21362, 51.96662 ], [ 25.19138, 51.96926 ], [ 25.18022, 51.96541 ], [ 25.1652, 51.96311 ], [ 25.15609, 51.95667 ], [ 25.14165, 51.95342 ], [ 25.11701, 51.9513 ], [ 25.10018, 51.9535 ], [ 25.08007, 51.94725 ], [ 25.06773, 51.94095 ], [ 25.05746, 51.93874 ], [ 25.02036, 51.91887 ], [ 24.99465, 51.91508 ], [ 24.99374, 51.91275 ], [ 24.98047, 51.9044 ], [ 24.96471, 51.89789 ], [ 24.93401, 51.89157 ], [ 24.91453, 51.91687 ], [ 24.90427, 51.91112 ], [ 24.88031, 51.90692 ], [ 24.8431, 51.89601 ], [ 24.83479, 51.91318 ], [ 24.8102, 51.91185 ], [ 24.80391, 51.90914 ], [ 24.80218, 51.90529 ], [ 24.79633, 51.90125 ], [ 24.79283, 51.89657 ], [ 24.78667, 51.89524 ], [ 24.76705, 51.88433 ], [ 24.74969, 51.88106 ], [ 24.73511, 51.88493 ], [ 24.71406, 51.89645 ], [ 24.67184, 51.89265 ], [ 24.6629, 51.89956 ], [ 24.62523, 51.90273 ], [ 24.6046, 51.90131 ], [ 24.57829, 51.89578 ], [ 24.57332, 51.89426 ], [ 24.56756, 51.88961 ], [ 24.53703, 51.88729 ], [ 24.51679, 51.88865 ], [ 24.47785, 51.8823 ], [ 24.38746, 51.88188 ], [ 24.37846, 51.87876 ], [ 24.37256, 51.87853 ], [ 24.34696, 51.86367 ], [ 24.33981, 51.86417 ], [ 24.33426, 51.85612 ], [ 24.34029, 51.84956 ], [ 24.33791, 51.84568 ], [ 24.33461, 51.84473 ], [ 24.32503, 51.83468 ], [ 24.31169, 51.82593 ], [ 24.29908, 51.8141 ], [ 24.30034, 51.81221 ], [ 24.29692, 51.80903 ], [ 24.29467, 51.79922 ], [ 24.30571, 51.77975 ], [ 24.30739, 51.76901 ], [ 24.31969, 51.75112 ], [ 24.26844, 51.71621 ], [ 24.12039, 51.66652 ], [ 24.10031, 51.63983 ], [ 24.07613, 51.61954 ], [ 24.02997, 51.60292 ], [ 24.0173, 51.59615 ], [ 24.01756, 51.59134 ], [ 24.01341, 51.58828 ], [ 23.99651, 51.58009 ], [ 23.97377, 51.58681 ], [ 23.9569, 51.58833 ], [ 23.9433, 51.59569 ], [ 23.92804, 51.59775 ], [ 23.9037, 51.59782 ], [ 23.88244, 51.59224 ], [ 23.87718, 51.59809 ], [ 23.88029, 51.6084 ], [ 23.88923, 51.61324 ], [ 23.91277, 51.63145 ], [ 23.86705, 51.64279 ], [ 23.84622, 51.6404 ], [ 23.82757, 51.64545 ], [ 23.80363, 51.64034 ], [ 23.78849, 51.64048 ], [ 23.78759, 51.6473 ], [ 23.78861, 51.65377 ], [ 23.79066, 51.6563 ], [ 23.78987, 51.6615 ], [ 23.78687, 51.66582 ], [ 23.78271, 51.66752 ], [ 23.755, 51.65914 ], [ 23.74888, 51.66007 ], [ 23.73593, 51.65778 ], [ 23.71792, 51.65133 ], [ 23.70308, 51.6485 ], [ 23.67841, 51.65306 ], [ 23.6756, 51.64885 ], [ 23.66655, 51.64144 ], [ 23.66026, 51.63896 ], [ 23.64477, 51.6393 ], [ 23.63048, 51.62877 ], [ 23.62379, 51.62766 ], [ 23.60589, 51.62084 ], [ 23.60537, 51.61681 ], [ 23.61473, 51.61332 ], [ 23.6211, 51.60807 ], [ 23.62535, 51.60789 ], [ 23.62677, 51.60435 ], [ 23.62613, 51.59901 ], [ 23.6311, 51.59392 ], [ 23.63085, 51.5922 ], [ 23.63749, 51.59376 ], [ 23.6576, 51.58727 ], [ 23.66314, 51.58032 ], [ 23.66471, 51.57719 ], [ 23.66185, 51.57116 ], [ 23.65948, 51.57047 ], [ 23.66043, 51.56878 ], [ 23.657, 51.56729 ], [ 23.65238, 51.56851 ], [ 23.64774, 51.56634 ], [ 23.64725, 51.56194 ], [ 23.64375, 51.55809 ], [ 23.63891, 51.55663 ], [ 23.63618, 51.55277 ], [ 23.6363, 51.54887 ], [ 23.65451, 51.53598 ], [ 23.65644, 51.53217 ], [ 23.67151, 51.51906 ], [ 23.67689, 51.50663 ], [ 23.67196, 51.50066 ], [ 23.67245, 51.49953 ], [ 23.65813, 51.50096 ], [ 23.65425, 51.50447 ], [ 23.64811, 51.50645 ], [ 23.62394, 51.50384 ], [ 23.61783, 51.50818 ], [ 23.6172, 51.51038 ], [ 23.61906, 51.51234 ], [ 23.62445, 51.51271 ], [ 23.6245, 51.51444 ], [ 23.61401, 51.5225 ], [ 23.61302, 51.5288 ], [ 23.60266, 51.52874 ], [ 23.59362, 51.53562 ], [ 23.58888, 51.53363 ], [ 23.58834, 51.53028 ], [ 23.58628, 51.5288 ], [ 23.57717, 51.53248 ], [ 23.57235, 51.532 ], [ 23.56542, 51.53407 ], [ 23.56495, 51.54075 ], [ 23.56247, 51.54355 ], [ 23.56552, 51.55037 ], [ 23.5781, 51.55765 ], [ 23.57526, 51.55983 ], [ 23.56866, 51.56109 ], [ 23.56768, 51.56364 ], [ 23.56889, 51.56757 ], [ 23.56421, 51.56905 ], [ 23.56405, 51.57094 ], [ 23.56821, 51.5762 ], [ 23.56756, 51.5785 ], [ 23.56417, 51.5814 ], [ 23.55446, 51.58259 ], [ 23.5533, 51.58483 ], [ 23.55494, 51.58887 ], [ 23.55054, 51.59122 ], [ 23.54889, 51.59809 ], [ 23.54024, 51.60161 ], [ 23.54453, 51.60545 ], [ 23.54222, 51.6075 ], [ 23.54336, 51.61187 ], [ 23.54004, 51.61213 ], [ 23.54477, 51.61632 ], [ 23.54687, 51.62227 ], [ 23.54275, 51.62598 ], [ 23.54354, 51.63166 ], [ 23.53922, 51.63401 ], [ 23.54786, 51.63689 ], [ 23.54864, 51.64134 ], [ 23.54382, 51.64317 ], [ 23.54196, 51.64571 ], [ 23.53859, 51.6436 ], [ 23.53702, 51.6448 ], [ 23.53983, 51.64914 ], [ 23.544, 51.65158 ], [ 23.53925, 51.6569 ], [ 23.5435, 51.65847 ], [ 23.54437, 51.6615 ], [ 23.5473, 51.66349 ], [ 23.55522, 51.66323 ], [ 23.55849, 51.66577 ], [ 23.55549, 51.66792 ], [ 23.55229, 51.67493 ], [ 23.55596, 51.68148 ], [ 23.55138, 51.68236 ], [ 23.5488, 51.68549 ], [ 23.5557, 51.69202 ], [ 23.55605, 51.6967 ], [ 23.56188, 51.69974 ], [ 23.5485, 51.70417 ], [ 23.55664, 51.70762 ], [ 23.55333, 51.71032 ], [ 23.54857, 51.70935 ], [ 23.54718, 51.71043 ], [ 23.55331, 51.71605 ], [ 23.5482, 51.71878 ], [ 23.54711, 51.72728 ], [ 23.54331, 51.72692 ], [ 23.54325, 51.72293 ], [ 23.53946, 51.72349 ], [ 23.53685, 51.72202 ], [ 23.53435, 51.72338 ], [ 23.53475, 51.72829 ], [ 23.52719, 51.72968 ], [ 23.53265, 51.73711 ], [ 23.53077, 51.74342 ], [ 23.54067, 51.7454 ], [ 23.54568, 51.74821 ], [ 23.55042, 51.75495 ], [ 23.55855, 51.75885 ], [ 23.55895, 51.76158 ], [ 23.56234, 51.7611 ], [ 23.56615, 51.75729 ], [ 23.57594, 51.75696 ], [ 23.58141, 51.76034 ], [ 23.58733, 51.75912 ], [ 23.58832, 51.7633 ], [ 23.59494, 51.76717 ], [ 23.59499, 51.77066 ], [ 23.59773, 51.77254 ], [ 23.60621, 51.77331 ], [ 23.61296, 51.77207 ], [ 23.61675, 51.7739 ], [ 23.61497, 51.77641 ], [ 23.61565, 51.77774 ], [ 23.62352, 51.77799 ], [ 23.62561, 51.78053 ], [ 23.63095, 51.77964 ], [ 23.63133, 51.78679 ], [ 23.62806, 51.79058 ], [ 23.63091, 51.79254 ], [ 23.63759, 51.79155 ], [ 23.6375, 51.79364 ], [ 23.63421, 51.79603 ], [ 23.64175, 51.80088 ], [ 23.63996, 51.80564 ], [ 23.63294, 51.81159 ], [ 23.62847, 51.81898 ], [ 23.62152, 51.82089 ], [ 23.62446, 51.82613 ], [ 23.62213, 51.8301 ], [ 23.61824, 51.83166 ], [ 23.60288, 51.83035 ], [ 23.60209, 51.83422 ], [ 23.60871, 51.83658 ], [ 23.60932, 51.8387 ], [ 23.60015, 51.84048 ], [ 23.60137, 51.84211 ], [ 23.6075, 51.84285 ], [ 23.61203, 51.84535 ], [ 23.61226, 51.85166 ], [ 23.61749, 51.85611 ], [ 23.61033, 51.86069 ], [ 23.60708, 51.87632 ], [ 23.61223, 51.87827 ], [ 23.61797, 51.87824 ], [ 23.62495, 51.87419 ], [ 23.63034, 51.87344 ], [ 23.63166, 51.87527 ], [ 23.63067, 51.87796 ], [ 23.62228, 51.88486 ], [ 23.62438, 51.88739 ], [ 23.63797, 51.89299 ], [ 23.63802, 51.8945 ], [ 23.63176, 51.89972 ], [ 23.61836, 51.90348 ], [ 23.61753, 51.90537 ], [ 23.61986, 51.90733 ], [ 23.62037, 51.91097 ], [ 23.61204, 51.91738 ], [ 23.61278, 51.92001 ], [ 23.61885, 51.92497 ], [ 23.63104, 51.92225 ], [ 23.63045, 51.92833 ], [ 23.63225, 51.93132 ], [ 23.64369, 51.93181 ], [ 23.64569, 51.93379 ], [ 23.64543, 51.93883 ], [ 23.6402, 51.94295 ], [ 23.64157, 51.94769 ], [ 23.64035, 51.94966 ], [ 23.62815, 51.94756 ], [ 23.62665, 51.94859 ], [ 23.62717, 51.95094 ], [ 23.63122, 51.95324 ], [ 23.64148, 51.95409 ], [ 23.65339, 51.96451 ], [ 23.66959, 51.96482 ], [ 23.67037, 51.96745 ], [ 23.66711, 51.97117 ], [ 23.66523, 51.97854 ], [ 23.68588, 51.98646 ], [ 23.689, 51.99285 ], [ 23.68346, 51.99824 ], [ 23.68349, 52.00136 ], [ 23.6762, 52.0031 ], [ 23.66564, 52.0149 ], [ 23.65703, 52.0188 ], [ 23.66318, 52.02433 ], [ 23.66048, 52.02982 ], [ 23.6628, 52.03994 ], [ 23.65809, 52.04245 ], [ 23.6539, 52.05464 ], [ 23.64116, 52.05896 ], [ 23.64427, 52.06117 ], [ 23.65619, 52.05874 ], [ 23.65358, 52.06321 ], [ 23.64684, 52.06295 ], [ 23.64389, 52.06535 ], [ 23.65017, 52.06815 ], [ 23.6537, 52.07136 ], [ 23.65365, 52.07312 ], [ 23.65116, 52.07552 ], [ 23.64803, 52.07486 ], [ 23.64325, 52.07715 ], [ 23.64037, 52.08053 ], [ 23.64024, 52.08557 ], [ 23.62248, 52.08958 ], [ 23.61748, 52.09197 ], [ 23.61254, 52.09683 ], [ 23.61049, 52.10023 ], [ 23.61149, 52.10318 ], [ 23.62059, 52.10557 ], [ 23.61794, 52.10934 ], [ 23.60899, 52.10816 ], [ 23.60415, 52.11395 ], [ 23.59701, 52.1178 ], [ 23.58701, 52.11716 ], [ 23.57905, 52.12015 ], [ 23.56805, 52.1157 ], [ 23.56138, 52.1196 ], [ 23.55849, 52.11973 ], [ 23.55565, 52.11765 ], [ 23.55641, 52.11054 ], [ 23.5494, 52.10962 ], [ 23.54708, 52.11192 ], [ 23.54818, 52.11589 ], [ 23.54271, 52.12007 ], [ 23.54336, 52.12491 ], [ 23.54197, 52.12791 ], [ 23.53651, 52.12978 ], [ 23.53311, 52.13291 ], [ 23.52717, 52.13124 ], [ 23.52101, 52.13325 ], [ 23.51981, 52.13787 ], [ 23.51795, 52.13916 ], [ 23.51353, 52.13774 ], [ 23.51499, 52.14362 ], [ 23.51032, 52.14982 ], [ 23.50595, 52.15091 ], [ 23.5008, 52.14696 ], [ 23.48934, 52.15074 ], [ 23.48633, 52.15472 ], [ 23.48906, 52.16108 ], [ 23.4854, 52.16503 ], [ 23.4956, 52.17035 ], [ 23.49276, 52.17376 ], [ 23.4931, 52.17541 ], [ 23.49865, 52.17383 ], [ 23.49761, 52.17156 ], [ 23.49888, 52.17072 ], [ 23.50717, 52.17328 ], [ 23.50584, 52.17632 ], [ 23.50072, 52.17905 ], [ 23.48557, 52.18135 ], [ 23.47136, 52.17432 ], [ 23.46702, 52.17416 ], [ 23.46192, 52.17682 ], [ 23.46186, 52.18407 ], [ 23.45811, 52.18479 ], [ 23.45011, 52.18219 ], [ 23.44502, 52.18306 ], [ 23.43996, 52.17789 ], [ 23.43112, 52.17277 ], [ 23.42428, 52.17229 ], [ 23.41454, 52.18235 ], [ 23.41029, 52.18194 ], [ 23.40481, 52.17772 ], [ 23.39854, 52.17843 ], [ 23.39705, 52.18744 ], [ 23.40158, 52.19262 ], [ 23.40011, 52.19435 ], [ 23.39284, 52.19617 ], [ 23.39695, 52.19882 ], [ 23.3964, 52.20064 ], [ 23.3902, 52.20035 ], [ 23.38766, 52.19701 ], [ 23.38324, 52.19557 ], [ 23.37509, 52.19521 ], [ 23.37017, 52.19791 ], [ 23.37198, 52.20393 ], [ 23.36543, 52.20847 ], [ 23.35307, 52.20436 ], [ 23.35169, 52.2057 ], [ 23.35479, 52.20915 ], [ 23.35255, 52.21067 ], [ 23.34473, 52.20994 ], [ 23.33739, 52.20596 ], [ 23.32638, 52.2107 ], [ 23.31473, 52.208 ], [ 23.29799, 52.21256 ], [ 23.30657, 52.21612 ], [ 23.30774, 52.21909 ], [ 23.30544, 52.22146 ], [ 23.29482, 52.22105 ], [ 23.27338, 52.21493 ], [ 23.26751, 52.21486 ], [ 23.24981, 52.21915 ], [ 23.23624, 52.22019 ], [ 23.21901, 52.22516 ], [ 23.20367, 52.22655 ], [ 23.20046, 52.22903 ], [ 23.19411, 52.23954 ], [ 23.1979, 52.2472 ], [ 23.20159, 52.24978 ], [ 23.20563, 52.25723 ], [ 23.19973, 52.26783 ], [ 23.20443, 52.27567 ], [ 23.19779, 52.27915 ], [ 23.17869, 52.28356 ], [ 23.21558, 52.32965 ], [ 23.24129, 52.35742 ], [ 23.27797, 52.39283 ], [ 23.29988, 52.40381 ], [ 23.31025, 52.41398 ], [ 23.31224, 52.42502 ], [ 23.35669, 52.46895 ], [ 23.40815, 52.51152 ], [ 23.43579, 52.53002 ], [ 23.45788, 52.54037 ], [ 23.46663, 52.54945 ], [ 23.54017, 52.58024 ], [ 23.58769, 52.59411 ], [ 23.64141, 52.60746 ], [ 23.71885, 52.61466 ], [ 23.73038, 52.60871 ], [ 23.73326, 52.60885 ], [ 23.73404, 52.60671 ], [ 23.73928, 52.61194 ], [ 23.74505, 52.61178 ], [ 23.75033, 52.61432 ], [ 23.75343, 52.61361 ], [ 23.76127, 52.61606 ], [ 23.76967, 52.61984 ], [ 23.77191, 52.62253 ], [ 23.77622, 52.62253 ], [ 23.78096, 52.62723 ], [ 23.87941, 52.6797 ], [ 23.89255, 52.6797 ], [ 23.90008, 52.69117 ], [ 23.93864, 52.71292 ], [ 23.9396, 52.81319 ], [ 23.92461, 52.83068 ], [ 23.92366, 52.85492 ], [ 23.92582, 52.89957 ], [ 23.91979, 52.90451 ], [ 23.91624, 52.90481 ], [ 23.91646, 52.93884 ], [ 23.94628, 52.95873 ], [ 23.9311, 52.97623 ], [ 23.92937, 52.98254 ], [ 23.93334, 52.98843 ], [ 23.92538, 53.02463 ], [ 23.91257, 53.02909 ], [ 23.91, 53.03282 ], [ 23.91177, 53.0361 ], [ 23.91608, 53.03749 ], [ 23.91643, 53.03999 ], [ 23.91013, 53.0422 ], [ 23.91129, 53.0446 ], [ 23.90493, 53.0448 ], [ 23.90585, 53.04643 ], [ 23.90279, 53.04836 ], [ 23.89969, 53.04807 ], [ 23.90074, 53.04947 ], [ 23.89838, 53.05002 ], [ 23.9026, 53.05816 ], [ 23.89595, 53.06236 ], [ 23.88804, 53.06324 ], [ 23.88617, 53.06218 ], [ 23.88606, 53.06432 ], [ 23.8823, 53.06606 ], [ 23.88129, 53.07284 ], [ 23.87881, 53.0735 ], [ 23.88162, 53.07396 ], [ 23.87718, 53.0754 ], [ 23.87937, 53.0762 ], [ 23.8779, 53.07758 ], [ 23.87847, 53.07944 ], [ 23.87412, 53.07899 ], [ 23.87207, 53.08203 ], [ 23.87317, 53.08313 ], [ 23.872, 53.08456 ], [ 23.87464, 53.08489 ], [ 23.87379, 53.08702 ], [ 23.87582, 53.08771 ], [ 23.87755, 53.09175 ], [ 23.88063, 53.0913 ], [ 23.88008, 53.09275 ], [ 23.8828, 53.09353 ], [ 23.88081, 53.09449 ], [ 23.88274, 53.09581 ], [ 23.88131, 53.09549 ], [ 23.88255, 53.09753 ], [ 23.88093, 53.09748 ], [ 23.88327, 53.09822 ], [ 23.8822, 53.10124 ], [ 23.88877, 53.10502 ], [ 23.88807, 53.10801 ], [ 23.88603, 53.10799 ], [ 23.88847, 53.10892 ], [ 23.88702, 53.11049 ], [ 23.88905, 53.11185 ], [ 23.88587, 53.11194 ], [ 23.8854, 53.11436 ], [ 23.88762, 53.11402 ], [ 23.88687, 53.11616 ], [ 23.88967, 53.11686 ], [ 23.88901, 53.11829 ], [ 23.8936, 53.12475 ], [ 23.89793, 53.12498 ], [ 23.89387, 53.12638 ], [ 23.89742, 53.12735 ], [ 23.89681, 53.13067 ], [ 23.89806, 53.1322 ], [ 23.90039, 53.13152 ], [ 23.90098, 53.13439 ], [ 23.90222, 53.13353 ], [ 23.90515, 53.1352 ], [ 23.90427, 53.13728 ], [ 23.90594, 53.13818 ], [ 23.90727, 53.1368 ], [ 23.91221, 53.13784 ], [ 23.91104, 53.13884 ], [ 23.91193, 53.14019 ], [ 23.9139, 53.14024 ], [ 23.91352, 53.14147 ], [ 23.91579, 53.14297 ], [ 23.91136, 53.14641 ], [ 23.91227, 53.147 ], [ 23.90972, 53.14992 ], [ 23.91596, 53.15304 ], [ 23.91453, 53.15516 ], [ 23.91707, 53.15548 ], [ 23.91826, 53.15762 ], [ 23.91387, 53.15734 ], [ 23.91481, 53.16294 ], [ 23.91026, 53.16389 ], [ 23.91301, 53.16487 ], [ 23.91225, 53.16663 ], [ 23.91411, 53.16647 ], [ 23.90939, 53.16726 ], [ 23.90768, 53.17219 ], [ 23.90438, 53.17489 ], [ 23.90057, 53.1767 ], [ 23.89476, 53.17668 ], [ 23.89156, 53.17871 ], [ 23.89118, 53.18126 ], [ 23.88952, 53.18095 ], [ 23.8904, 53.18184 ], [ 23.8879, 53.18146 ], [ 23.88878, 53.18327 ], [ 23.88275, 53.18462 ], [ 23.87916, 53.18756 ], [ 23.8802, 53.18882 ], [ 23.87716, 53.1892 ], [ 23.87886, 53.18966 ], [ 23.87355, 53.19129 ], [ 23.87138, 53.19407 ], [ 23.87005, 53.19322 ], [ 23.86388, 53.19554 ], [ 23.8653, 53.19643 ], [ 23.86274, 53.19714 ], [ 23.86327, 53.19999 ], [ 23.86185, 53.20219 ], [ 23.86398, 53.20353 ], [ 23.85886, 53.20724 ], [ 23.85722, 53.21036 ], [ 23.86196, 53.21366 ], [ 23.86107, 53.21464 ], [ 23.8623, 53.21515 ], [ 23.85901, 53.2163 ], [ 23.86131, 53.21748 ], [ 23.86145, 53.22094 ], [ 23.85533, 53.23184 ], [ 23.81875, 53.24402 ], [ 23.79898, 53.27419 ], [ 23.76728, 53.33119 ], [ 23.73711, 53.39154 ], [ 23.70741, 53.43655 ], [ 23.6672, 53.5126 ], [ 23.65967, 53.52136 ], [ 23.65162, 53.54413 ], [ 23.62691, 53.59573 ], [ 23.60443, 53.65812 ], [ 23.58603, 53.70309 ], [ 23.58562, 53.72833 ], [ 23.58211, 53.74382 ], [ 23.54904, 53.76777 ], [ 23.54471, 53.79623 ], [ 23.54625, 53.82581 ], [ 23.54928, 53.83029 ], [ 23.55363, 53.83009 ], [ 23.55412, 53.83122 ], [ 23.54789, 53.83469 ], [ 23.5496, 53.83747 ], [ 23.55124, 53.83731 ], [ 23.55235, 53.84079 ], [ 23.54514, 53.84504 ], [ 23.54574, 53.84783 ], [ 23.55089, 53.84919 ], [ 23.55201, 53.85102 ], [ 23.54755, 53.8565 ], [ 23.54232, 53.85674 ], [ 23.54038, 53.85837 ], [ 23.53511, 53.85725 ], [ 23.52823, 53.86067 ], [ 23.52823, 53.86229 ], [ 23.52406, 53.86259 ], [ 23.52451, 53.86454 ], [ 23.52713, 53.86436 ], [ 23.52588, 53.86665 ], [ 23.52668, 53.86862 ], [ 23.52425, 53.87213 ], [ 23.51205, 53.91034 ], [ 23.51165, 53.92882 ], [ 23.51303, 53.93128 ], [ 23.51496, 53.95627 ], [ 23.51807, 53.95409 ], [ 23.52682, 53.95603 ], [ 23.52728, 53.95395 ], [ 23.53027, 53.95355 ], [ 23.52753, 53.9531 ], [ 23.52807, 53.9514 ], [ 23.53226, 53.94998 ], [ 23.53288, 53.94861 ], [ 23.53127, 53.94733 ], [ 23.53816, 53.94487 ], [ 23.53689, 53.94454 ], [ 23.53721, 53.94178 ], [ 23.54597, 53.94276 ], [ 23.54568, 53.9439 ], [ 23.54815, 53.9445 ], [ 23.55046, 53.94209 ], [ 23.55223, 53.94323 ], [ 23.55768, 53.94198 ], [ 23.55688, 53.94075 ], [ 23.55891, 53.94112 ], [ 23.56078, 53.93901 ], [ 23.56357, 53.9403 ], [ 23.56229, 53.94243 ], [ 23.56489, 53.94147 ], [ 23.56477, 53.94289 ], [ 23.56911, 53.94315 ], [ 23.56879, 53.94456 ], [ 23.57331, 53.94205 ], [ 23.58145, 53.94272 ], [ 23.58298, 53.94154 ], [ 23.58176, 53.93878 ], [ 23.58498, 53.9385 ], [ 23.5846, 53.93732 ], [ 23.59122, 53.93754 ], [ 23.59324, 53.93536 ], [ 23.59506, 53.93665 ], [ 23.59419, 53.93507 ], [ 23.59532, 53.93431 ], [ 23.59779, 53.93684 ], [ 23.60016, 53.93616 ], [ 23.60033, 53.9343 ], [ 23.5981, 53.93371 ], [ 23.60104, 53.93075 ], [ 23.5981, 53.92958 ], [ 23.61036, 53.92471 ], [ 23.61476, 53.92761 ], [ 23.63054, 53.92782 ], [ 23.63544, 53.93081 ], [ 23.65206, 53.93497 ], [ 23.65762, 53.93458 ], [ 23.66679, 53.93103 ], [ 23.6702, 53.93149 ], [ 23.67506, 53.93495 ], [ 23.68194, 53.93196 ], [ 23.69644, 53.93522 ], [ 23.70314, 53.93388 ], [ 23.70879, 53.93664 ], [ 23.70761, 53.9389 ], [ 23.70977, 53.93945 ], [ 23.71309, 53.93719 ], [ 23.72104, 53.93688 ], [ 23.72482, 53.93418 ], [ 23.72913, 53.93409 ], [ 23.7284, 53.93251 ], [ 23.73129, 53.93178 ], [ 23.73035, 53.93053 ], [ 23.73208, 53.92987 ], [ 23.73788, 53.93043 ], [ 23.744, 53.92713 ], [ 23.75174, 53.92792 ], [ 23.75274, 53.92629 ], [ 23.75531, 53.92709 ], [ 23.75615, 53.92508 ], [ 23.76432, 53.92456 ], [ 23.76764, 53.92047 ], [ 23.76596, 53.91949 ], [ 23.76664, 53.91737 ], [ 23.77219, 53.91448 ], [ 23.77425, 53.91233 ], [ 23.77342, 53.91101 ], [ 23.78103, 53.91119 ], [ 23.77397, 53.90338 ], [ 23.77449, 53.89998 ], [ 23.77812, 53.89892 ], [ 23.78272, 53.90051 ], [ 23.79778, 53.89986 ], [ 23.80665, 53.9068 ], [ 23.81564, 53.90881 ], [ 23.81807, 53.91108 ], [ 23.81823, 53.91466 ], [ 23.8156, 53.91925 ], [ 23.79813, 53.92821 ], [ 23.79677, 53.9327 ], [ 23.7986, 53.93544 ], [ 23.81769, 53.94221 ], [ 23.82355, 53.94768 ], [ 23.84203, 53.95597 ], [ 23.86086, 53.9534 ], [ 23.87518, 53.94393 ], [ 23.88689, 53.94392 ], [ 23.90808, 53.95372 ], [ 23.90911, 53.96229 ], [ 23.9072, 53.96594 ], [ 23.91302, 53.96968 ], [ 23.92421, 53.96696 ], [ 23.92204, 53.9643 ], [ 23.9353, 53.95841 ], [ 23.94094, 53.95691 ], [ 23.94911, 53.9592 ], [ 23.9613, 53.95458 ], [ 23.97054, 53.94154 ], [ 23.97166, 53.93324 ], [ 23.96549, 53.93489 ], [ 23.96831, 53.92668 ], [ 23.97353, 53.92705 ], [ 23.98289, 53.92395 ], [ 24.1031, 53.94051 ], [ 24.10479, 53.94467 ], [ 24.1035, 53.95066 ], [ 24.1103, 53.95398 ], [ 24.11447, 53.95802 ], [ 24.11842, 53.95548 ], [ 24.14219, 53.95383 ], [ 24.15421, 53.96111 ], [ 24.17341, 53.96193 ], [ 24.18289, 53.96613 ], [ 24.19242, 53.96613 ], [ 24.20161, 53.97002 ], [ 24.21603, 53.95729 ], [ 24.21115, 53.95495 ], [ 24.21027, 53.94976 ], [ 24.21877, 53.94702 ], [ 24.22475, 53.94772 ], [ 24.23316, 53.94484 ], [ 24.2406, 53.95063 ], [ 24.24862, 53.94883 ], [ 24.25055, 53.95015 ], [ 24.2504, 53.95287 ], [ 24.25971, 53.94905 ], [ 24.25732, 53.94259 ], [ 24.26313, 53.93986 ], [ 24.26344, 53.93612 ], [ 24.27341, 53.93531 ], [ 24.28671, 53.92197 ], [ 24.30817, 53.92718 ], [ 24.3093, 53.92629 ], [ 24.3082, 53.92219 ], [ 24.30295, 53.9192 ], [ 24.3034, 53.91584 ], [ 24.30556, 53.91367 ], [ 24.31145, 53.91154 ], [ 24.31614, 53.90767 ], [ 24.32277, 53.90767 ], [ 24.35207, 53.89679 ], [ 24.38969, 53.90347 ], [ 24.43398, 53.90443 ], [ 24.43426, 53.90144 ], [ 24.43716, 53.90109 ], [ 24.43695, 53.90246 ], [ 24.43995, 53.90163 ], [ 24.44423, 53.90455 ], [ 24.44798, 53.90417 ], [ 24.45729, 53.90961 ], [ 24.45518, 53.91076 ], [ 24.45823, 53.91186 ], [ 24.45704, 53.91296 ], [ 24.45956, 53.91593 ], [ 24.45812, 53.91809 ], [ 24.46577, 53.92106 ], [ 24.4653, 53.92258 ], [ 24.47032, 53.92505 ], [ 24.46927, 53.92672 ], [ 24.47478, 53.93196 ], [ 24.48252, 53.9318 ], [ 24.48146, 53.93321 ], [ 24.48691, 53.93487 ], [ 24.48694, 53.93644 ], [ 24.49361, 53.93815 ], [ 24.49314, 53.94025 ], [ 24.49659, 53.94157 ], [ 24.49653, 53.94321 ], [ 24.50372, 53.94534 ], [ 24.50441, 53.94807 ], [ 24.50831, 53.94978 ], [ 24.5072, 53.95121 ], [ 24.50897, 53.95218 ], [ 24.50768, 53.95282 ], [ 24.50979, 53.95422 ], [ 24.5076, 53.96037 ], [ 24.51089, 53.96258 ], [ 24.5146, 53.96279 ], [ 24.51705, 53.96642 ], [ 24.52778, 53.96625 ], [ 24.53946, 53.97178 ], [ 24.54352, 53.97158 ], [ 24.54343, 53.97309 ], [ 24.54635, 53.97294 ], [ 24.54594, 53.97438 ], [ 24.5479, 53.97524 ], [ 24.55856, 53.97737 ], [ 24.55725, 53.97825 ], [ 24.56172, 53.98072 ], [ 24.56266, 53.98299 ], [ 24.56883, 53.98593 ], [ 24.57152, 53.98549 ], [ 24.57406, 53.98808 ], [ 24.57752, 53.98626 ], [ 24.58603, 53.98913 ], [ 24.58631, 53.9909 ], [ 24.59326, 53.99033 ], [ 24.59635, 53.99264 ], [ 24.60303, 53.99346 ], [ 24.60089, 53.99884 ], [ 24.60554, 54.00037 ], [ 24.60822, 53.99953 ], [ 24.61143, 54.00433 ], [ 24.62591, 54.0105 ], [ 24.63126, 54.00569 ], [ 24.64363, 54.00863 ], [ 24.64329, 54.00627 ], [ 24.66001, 54.00556 ], [ 24.66383, 54.00813 ], [ 24.6617, 54.00866 ], [ 24.67252, 54.01697 ], [ 24.69786, 54.01714 ], [ 24.70565, 54.00983 ], [ 24.70167, 54.00352 ], [ 24.69965, 53.99509 ], [ 24.69385, 53.99121 ], [ 24.69213, 53.98294 ], [ 24.69368, 53.9742 ], [ 24.68945, 53.96799 ], [ 24.68595, 53.96715 ], [ 24.68461, 53.96212 ], [ 24.70113, 53.96577 ], [ 24.70723, 53.96427 ], [ 24.72628, 53.96686 ], [ 24.73884, 53.96599 ], [ 24.74079, 53.96889 ], [ 24.73181, 53.97325 ], [ 24.75881, 53.99006 ], [ 24.75025, 53.9944 ], [ 24.75713, 54.00024 ], [ 24.7612, 53.9986 ], [ 24.7602, 53.99601 ], [ 24.76915, 53.99003 ], [ 24.77219, 53.99339 ], [ 24.78406, 53.99467 ], [ 24.78568, 53.99714 ], [ 24.7939, 54.00021 ], [ 24.79986, 53.99683 ], [ 24.80848, 53.99492 ], [ 24.81958, 53.99773 ], [ 24.80905, 54.00183 ], [ 24.80809, 54.00482 ], [ 24.81371, 54.00467 ], [ 24.82044, 54.01231 ], [ 24.8235, 54.01332 ], [ 24.83238, 54.01244 ], [ 24.83196, 54.016 ], [ 24.83922, 54.02104 ], [ 24.83635, 54.0231 ], [ 24.83539, 54.0263 ], [ 24.83187, 54.02719 ], [ 24.85281, 54.02989 ], [ 24.85381, 54.02884 ], [ 24.85779, 54.0306 ], [ 24.86184, 54.02697 ], [ 24.86736, 54.02914 ], [ 24.87129, 54.0349 ], [ 24.8639, 54.03937 ], [ 24.8565, 54.03716 ], [ 24.85724, 54.03559 ], [ 24.84116, 54.03374 ], [ 24.83476, 54.03945 ], [ 24.82257, 54.04344 ], [ 24.8228, 54.04504 ], [ 24.8209, 54.04612 ], [ 24.82263, 54.04737 ], [ 24.82375, 54.05366 ], [ 24.8256, 54.05502 ], [ 24.82228, 54.05674 ], [ 24.82366, 54.05773 ], [ 24.82286, 54.06226 ], [ 24.81976, 54.06883 ], [ 24.79769, 54.09178 ], [ 24.77915, 54.09981 ], [ 24.77656, 54.10386 ], [ 24.77606, 54.10773 ], [ 24.77378, 54.10992 ], [ 24.7753, 54.11165 ], [ 24.77239, 54.11534 ], [ 24.77372, 54.1177 ], [ 24.78025, 54.11905 ], [ 24.78642, 54.11489 ], [ 24.79379, 54.11549 ], [ 24.83123, 54.1325 ], [ 24.81338, 54.14486 ], [ 24.82761, 54.14662 ], [ 24.82865, 54.14911 ], [ 24.83581, 54.14904 ], [ 24.83845, 54.14681 ], [ 24.85822, 54.14982 ], [ 24.8658, 54.14697 ], [ 24.88129, 54.15034 ], [ 24.89608, 54.15572 ], [ 24.90386, 54.15612 ], [ 24.9104, 54.1596 ], [ 24.9209, 54.16022 ], [ 24.92685, 54.16525 ], [ 24.9302, 54.16616 ], [ 24.93344, 54.1648 ], [ 24.95737, 54.17206 ], [ 24.96181, 54.16862 ], [ 24.96697, 54.17036 ], [ 24.97621, 54.16547 ], [ 24.98138, 54.16012 ], [ 24.97683, 54.15886 ], [ 24.98294, 54.15521 ], [ 24.98433, 54.14909 ], [ 24.99293, 54.14423 ], [ 25.00608, 54.14241 ], [ 25.01581, 54.13752 ], [ 25.02912, 54.13639 ], [ 25.05523, 54.1375 ], [ 25.07063, 54.13365 ], [ 25.07442, 54.13607 ], [ 25.07704, 54.14268 ], [ 25.09143, 54.146 ], [ 25.0945, 54.15038 ], [ 25.11615, 54.16658 ], [ 25.12613, 54.17222 ], [ 25.13933, 54.18342 ], [ 25.14393, 54.1839 ], [ 25.14602, 54.18664 ], [ 25.16282, 54.1916 ], [ 25.1609, 54.195 ], [ 25.1613, 54.19956 ], [ 25.17614, 54.20406 ], [ 25.18184, 54.20794 ], [ 25.18867, 54.20881 ], [ 25.19723, 54.21433 ], [ 25.19677, 54.21752 ], [ 25.20209, 54.22066 ], [ 25.20426, 54.22424 ], [ 25.20411, 54.22977 ], [ 25.20597, 54.23366 ], [ 25.20513, 54.23692 ], [ 25.214, 54.24188 ], [ 25.21541, 54.2488 ], [ 25.21439, 54.24989 ], [ 25.21588, 54.2506 ], [ 25.21485, 54.25171 ], [ 25.21712, 54.25338 ], [ 25.21554, 54.25357 ], [ 25.21701, 54.25431 ], [ 25.21489, 54.25593 ], [ 25.21778, 54.25746 ], [ 25.23439, 54.26335 ], [ 25.24216, 54.25633 ], [ 25.25161, 54.25106 ], [ 25.27003, 54.27531 ], [ 25.27495, 54.27416 ], [ 25.27751, 54.26975 ], [ 25.27898, 54.27028 ], [ 25.28414, 54.26792 ], [ 25.28377, 54.26672 ], [ 25.28753, 54.26606 ], [ 25.29108, 54.26171 ], [ 25.29533, 54.26276 ], [ 25.30203, 54.26114 ], [ 25.3214, 54.26197 ], [ 25.33381, 54.26444 ], [ 25.33685, 54.26653 ], [ 25.34052, 54.26623 ], [ 25.34027, 54.26498 ], [ 25.34617, 54.26289 ], [ 25.34693, 54.26428 ], [ 25.35366, 54.26398 ], [ 25.36019, 54.26704 ], [ 25.36518, 54.27164 ], [ 25.37671, 54.27276 ], [ 25.38103, 54.27812 ], [ 25.39536, 54.27422 ], [ 25.39578, 54.27576 ], [ 25.40546, 54.27934 ], [ 25.40957, 54.28729 ], [ 25.41989, 54.28887 ], [ 25.43405, 54.2956 ], [ 25.44356, 54.29571 ], [ 25.44374, 54.29776 ], [ 25.4552, 54.29796 ], [ 25.45339, 54.29141 ], [ 25.46383, 54.29188 ], [ 25.46612, 54.2898 ], [ 25.46828, 54.29059 ], [ 25.46821, 54.29313 ], [ 25.4797, 54.29507 ], [ 25.48096, 54.30241 ], [ 25.49399, 54.30204 ], [ 25.49979, 54.3002 ], [ 25.49653, 54.30397 ], [ 25.49702, 54.30979 ], [ 25.51357, 54.30796 ], [ 25.51112, 54.3013 ], [ 25.51429, 54.29818 ], [ 25.51469, 54.29368 ], [ 25.51697, 54.29193 ], [ 25.5202, 54.28091 ], [ 25.53815, 54.27872 ], [ 25.54282, 54.27597 ], [ 25.55739, 54.27323 ], [ 25.5631, 54.27485 ], [ 25.56549, 54.2704 ], [ 25.55951, 54.26644 ], [ 25.5522, 54.26573 ], [ 25.55552, 54.26307 ], [ 25.5627, 54.26249 ], [ 25.56445, 54.25689 ], [ 25.56842, 54.25746 ], [ 25.57198, 54.25172 ], [ 25.5674, 54.25114 ], [ 25.57056, 54.24568 ], [ 25.58458, 54.23424 ], [ 25.59005, 54.23218 ], [ 25.58936, 54.22503 ], [ 25.57616, 54.22468 ], [ 25.57236, 54.22903 ], [ 25.56571, 54.23023 ], [ 25.56418, 54.23253 ], [ 25.55828, 54.22822 ], [ 25.54737, 54.22773 ], [ 25.54907, 54.22134 ], [ 25.54628, 54.2212 ], [ 25.55642, 54.21689 ], [ 25.56183, 54.21701 ], [ 25.56398, 54.2137 ], [ 25.56539, 54.20732 ], [ 25.56234, 54.19921 ], [ 25.54268, 54.19086 ], [ 25.5388, 54.19122 ], [ 25.52235, 54.18635 ], [ 25.51634, 54.18634 ], [ 25.51192, 54.18023 ], [ 25.51364, 54.17912 ], [ 25.51099, 54.17507 ], [ 25.51533, 54.17525 ], [ 25.5189, 54.16797 ], [ 25.52152, 54.16663 ], [ 25.52396, 54.16564 ], [ 25.52708, 54.16822 ], [ 25.53032, 54.16588 ], [ 25.53029, 54.15851 ], [ 25.53446, 54.15839 ], [ 25.53387, 54.15603 ], [ 25.5485, 54.15297 ], [ 25.55508, 54.14619 ], [ 25.56609, 54.15104 ], [ 25.58612, 54.14679 ], [ 25.60194, 54.14587 ], [ 25.60111, 54.14252 ], [ 25.61232, 54.1413 ], [ 25.62283, 54.14338 ], [ 25.62695, 54.14222 ], [ 25.62294, 54.13914 ], [ 25.62973, 54.13556 ], [ 25.6305, 54.13313 ], [ 25.62858, 54.1308 ], [ 25.63896, 54.12765 ], [ 25.6403, 54.13086 ], [ 25.64997, 54.12841 ], [ 25.65381, 54.13492 ], [ 25.66411, 54.14071 ], [ 25.68487, 54.1407 ], [ 25.68941, 54.14818 ], [ 25.68743, 54.15495 ], [ 25.70002, 54.15808 ], [ 25.70734, 54.16364 ], [ 25.7015, 54.16849 ], [ 25.70363, 54.16893 ], [ 25.71046, 54.16924 ], [ 25.71909, 54.16733 ], [ 25.72303, 54.1657 ], [ 25.72448, 54.16276 ], [ 25.73576, 54.16162 ], [ 25.7346, 54.15698 ], [ 25.73935, 54.15619 ], [ 25.74084, 54.16112 ], [ 25.76544, 54.15891 ], [ 25.76656, 54.16027 ], [ 25.77227, 54.16 ], [ 25.77405, 54.16193 ], [ 25.77721, 54.1614 ], [ 25.77779, 54.15984 ], [ 25.78232, 54.16029 ], [ 25.78096, 54.15962 ], [ 25.78144, 54.15787 ], [ 25.77947, 54.15834 ], [ 25.77967, 54.15458 ], [ 25.78275, 54.15573 ], [ 25.78342, 54.15403 ], [ 25.78537, 54.15461 ], [ 25.78858, 54.16519 ], [ 25.78426, 54.16461 ], [ 25.78307, 54.16813 ], [ 25.7791, 54.16783 ], [ 25.7788, 54.17775 ], [ 25.77048, 54.1832 ], [ 25.77714, 54.18772 ], [ 25.78049, 54.1936 ], [ 25.77731, 54.19771 ], [ 25.77779, 54.19956 ], [ 25.77194, 54.20453 ], [ 25.75826, 54.20933 ], [ 25.7582, 54.21252 ], [ 25.75157, 54.21502 ], [ 25.75426, 54.21639 ], [ 25.75013, 54.22192 ], [ 25.76926, 54.22696 ], [ 25.76736, 54.22814 ], [ 25.78573, 54.23362 ], [ 25.78468, 54.23801 ], [ 25.77455, 54.23752 ], [ 25.7569, 54.2517 ], [ 25.75655, 54.25449 ], [ 25.75034, 54.2616 ], [ 25.75164, 54.26208 ], [ 25.74655, 54.26601 ], [ 25.75089, 54.26811 ], [ 25.74384, 54.27317 ], [ 25.74046, 54.27131 ], [ 25.73664, 54.27369 ], [ 25.73455, 54.27299 ], [ 25.72862, 54.27517 ], [ 25.72554, 54.27363 ], [ 25.72138, 54.27633 ], [ 25.71279, 54.27154 ], [ 25.69871, 54.28053 ], [ 25.70779, 54.28546 ], [ 25.69981, 54.29061 ], [ 25.71063, 54.29691 ], [ 25.70443, 54.30231 ], [ 25.70529, 54.30313 ], [ 25.68432, 54.31919 ], [ 25.67716, 54.32381 ], [ 25.66195, 54.32223 ], [ 25.64254, 54.31082 ], [ 25.63609, 54.31647 ], [ 25.63035, 54.31821 ], [ 25.62745, 54.31745 ], [ 25.62018, 54.31036 ], [ 25.58932, 54.31592 ], [ 25.58723, 54.3223 ], [ 25.55233, 54.31499 ], [ 25.54652, 54.32384 ], [ 25.55159, 54.32605 ], [ 25.54839, 54.3317 ], [ 25.53603, 54.3317 ], [ 25.53203, 54.33834 ], [ 25.53194, 54.34182 ], [ 25.5559, 54.34238 ], [ 25.56221, 54.36582 ], [ 25.59366, 54.37537 ], [ 25.58567, 54.39143 ], [ 25.59051, 54.40144 ], [ 25.59617, 54.39698 ], [ 25.60512, 54.39641 ], [ 25.62893, 54.41708 ], [ 25.63292, 54.42354 ], [ 25.62584, 54.43377 ], [ 25.62448, 54.44031 ], [ 25.62151, 54.44047 ], [ 25.62113, 54.44714 ], [ 25.62253, 54.44797 ], [ 25.61967, 54.45057 ], [ 25.62704, 54.45359 ], [ 25.6277, 54.45514 ], [ 25.61724, 54.45902 ], [ 25.61269, 54.4559 ], [ 25.60606, 54.45643 ], [ 25.60229, 54.46085 ], [ 25.61082, 54.46344 ], [ 25.62052, 54.46941 ], [ 25.62815, 54.47158 ], [ 25.63655, 54.47086 ], [ 25.63893, 54.47256 ], [ 25.64088, 54.47603 ], [ 25.63771, 54.47704 ], [ 25.6494, 54.48879 ], [ 25.65692, 54.50857 ], [ 25.68238, 54.53642 ], [ 25.69845, 54.54327 ], [ 25.70171, 54.54604 ], [ 25.70368, 54.54496 ], [ 25.73491, 54.55903 ], [ 25.7467, 54.5625 ], [ 25.75041, 54.56471 ], [ 25.74979, 54.56806 ], [ 25.75924, 54.57426 ], [ 25.75635, 54.57526 ], [ 25.76262, 54.5769 ], [ 25.75876, 54.58091 ], [ 25.76161, 54.58259 ], [ 25.75934, 54.58586 ], [ 25.75993, 54.59073 ], [ 25.75513, 54.59272 ], [ 25.75753, 54.59464 ], [ 25.7554, 54.59599 ], [ 25.75534, 54.59896 ], [ 25.7581, 54.60096 ], [ 25.75555, 54.6051 ], [ 25.75564, 54.60821 ], [ 25.75268, 54.61018 ], [ 25.75678, 54.61941 ], [ 25.75129, 54.62449 ], [ 25.74601, 54.62668 ], [ 25.74858, 54.62904 ], [ 25.74373, 54.63221 ], [ 25.74863, 54.63845 ], [ 25.746, 54.63996 ], [ 25.73481, 54.67768 ], [ 25.7303, 54.6828 ], [ 25.73178, 54.68515 ], [ 25.73836, 54.6846 ], [ 25.73984, 54.68611 ], [ 25.73711, 54.69097 ], [ 25.73534, 54.70157 ], [ 25.74205, 54.70856 ], [ 25.74457, 54.71513 ], [ 25.74677, 54.73366 ], [ 25.74537, 54.75318 ], [ 25.74949, 54.76449 ], [ 25.73997, 54.77853 ], [ 25.73466, 54.79574 ], [ 25.73529, 54.79919 ], [ 25.7337, 54.80035 ], [ 25.73387, 54.80238 ], [ 25.74156, 54.80948 ], [ 25.74298, 54.81506 ], [ 25.74826, 54.81821 ], [ 25.75175, 54.82368 ], [ 25.7557, 54.82201 ], [ 25.77114, 54.82247 ], [ 25.77781, 54.82753 ], [ 25.77883, 54.8346 ], [ 25.78432, 54.83973 ], [ 25.77915, 54.84324 ], [ 25.77815, 54.85162 ], [ 25.77922, 54.85429 ], [ 25.78453, 54.85865 ], [ 25.79544, 54.85993 ], [ 25.79677, 54.86236 ], [ 25.80206, 54.86419 ], [ 25.80209, 54.86594 ], [ 25.80975, 54.86777 ], [ 25.80963, 54.87213 ], [ 25.81106, 54.87179 ], [ 25.81183, 54.87346 ], [ 25.81318, 54.87223 ], [ 25.81649, 54.87303 ], [ 25.81655, 54.87483 ], [ 25.81344, 54.87493 ], [ 25.81358, 54.87743 ], [ 25.81671, 54.87934 ], [ 25.82293, 54.87933 ], [ 25.82201, 54.88002 ], [ 25.82358, 54.88089 ], [ 25.82386, 54.88388 ], [ 25.82998, 54.88409 ], [ 25.83778, 54.88938 ], [ 25.84171, 54.8901 ], [ 25.84424, 54.89374 ], [ 25.85312, 54.89657 ], [ 25.85423, 54.90101 ], [ 25.85922, 54.9058 ], [ 25.85661, 54.90685 ], [ 25.85748, 54.90802 ], [ 25.85385, 54.91143 ], [ 25.85645, 54.91271 ], [ 25.85776, 54.91666 ], [ 25.86042, 54.91848 ], [ 25.85322, 54.91916 ], [ 25.85782, 54.9276 ], [ 25.87793, 54.92982 ], [ 25.87947, 54.93326 ], [ 25.88361, 54.93667 ], [ 25.90838, 54.93139 ], [ 25.9162, 54.93413 ], [ 25.91881, 54.93671 ], [ 25.92776, 54.93768 ], [ 25.94524, 54.94634 ], [ 25.94382, 54.94749 ], [ 25.95564, 54.95082 ], [ 25.96069, 54.95031 ], [ 25.96376, 54.95246 ], [ 25.97612, 54.95528 ], [ 25.97897, 54.95383 ], [ 25.98395, 54.95783 ], [ 25.98905, 54.95801 ], [ 25.99042, 54.95789 ], [ 25.99033, 54.95172 ], [ 26.02325, 54.94306 ], [ 26.0294, 54.94393 ], [ 26.06191, 54.94161 ], [ 26.06417, 54.94308 ], [ 26.05265, 54.94746 ], [ 26.05535, 54.94972 ], [ 26.07268, 54.95162 ], [ 26.07243, 54.95272 ], [ 26.08077, 54.9547 ], [ 26.0727, 54.96304 ], [ 26.07593, 54.96509 ], [ 26.07719, 54.96833 ], [ 26.07619, 54.97011 ], [ 26.10984, 54.97194 ], [ 26.11868, 54.98 ], [ 26.11796, 54.98696 ], [ 26.11592, 54.98858 ], [ 26.12733, 54.98857 ], [ 26.13914, 54.98536 ], [ 26.15619, 54.99237 ], [ 26.17218, 54.99327 ], [ 26.17678, 54.99185 ], [ 26.18248, 54.99253 ], [ 26.18199, 54.99022 ], [ 26.18471, 54.99044 ], [ 26.20013, 54.99601 ], [ 26.20851, 54.99741 ], [ 26.20884, 55.0124 ], [ 26.21678, 55.01404 ], [ 26.21652, 55.01573 ], [ 26.2234, 55.02092 ], [ 26.22581, 55.02637 ], [ 26.22992, 55.02886 ], [ 26.23335, 55.03455 ], [ 26.24184, 55.04039 ], [ 26.24004, 55.04126 ], [ 26.24139, 55.04168 ], [ 26.2409, 55.04644 ], [ 26.2375, 55.04676 ], [ 26.2378, 55.05104 ], [ 26.24504, 55.05186 ], [ 26.24524, 55.05653 ], [ 26.2359, 55.05874 ], [ 26.23701, 55.06455 ], [ 26.23966, 55.06456 ], [ 26.2462, 55.07008 ], [ 26.2633, 55.06635 ], [ 26.2658, 55.07032 ], [ 26.26147, 55.07408 ], [ 26.26529, 55.07435 ], [ 26.2714, 55.07759 ], [ 26.25983, 55.08458 ], [ 26.25236, 55.09202 ], [ 26.24928, 55.09109 ], [ 26.24377, 55.09672 ], [ 26.23332, 55.10169 ], [ 26.2293, 55.10561 ], [ 26.22963, 55.10732 ], [ 26.2608, 55.12135 ], [ 26.30189, 55.1252 ], [ 26.30662, 55.12679 ], [ 26.30754, 55.1287 ], [ 26.31194, 55.12905 ], [ 26.31038, 55.13115 ], [ 26.30217, 55.13351 ], [ 26.32918, 55.13681 ], [ 26.32497, 55.13829 ], [ 26.32555, 55.14081 ], [ 26.32353, 55.14493 ], [ 26.32925, 55.14632 ], [ 26.33207, 55.14447 ], [ 26.33987, 55.14673 ], [ 26.34084, 55.14517 ], [ 26.35, 55.14646 ], [ 26.3557, 55.14947 ], [ 26.35468, 55.15057 ], [ 26.37076, 55.14969 ], [ 26.38329, 55.14573 ], [ 26.38843, 55.14162 ], [ 26.39272, 55.14282 ], [ 26.39168, 55.13634 ], [ 26.39618, 55.13387 ], [ 26.41385, 55.14097 ], [ 26.41669, 55.14056 ], [ 26.41467, 55.13871 ], [ 26.4176, 55.13626 ], [ 26.42366, 55.14055 ], [ 26.44053, 55.13476 ], [ 26.45077, 55.13298 ], [ 26.45743, 55.13652 ], [ 26.46112, 55.12856 ], [ 26.47752, 55.13772 ], [ 26.48038, 55.14869 ], [ 26.4893, 55.15335 ], [ 26.49361, 55.15108 ], [ 26.51689, 55.16094 ], [ 26.53998, 55.14324 ], [ 26.54344, 55.14495 ], [ 26.54663, 55.14428 ], [ 26.54796, 55.1466 ], [ 26.55355, 55.14382 ], [ 26.55956, 55.1491 ], [ 26.5652, 55.14878 ], [ 26.565, 55.15049 ], [ 26.57436, 55.14865 ], [ 26.59038, 55.1539 ], [ 26.61789, 55.14667 ], [ 26.63174, 55.15267 ], [ 26.63296, 55.15182 ], [ 26.64147, 55.15493 ], [ 26.64507, 55.15876 ], [ 26.65357, 55.16099 ], [ 26.66367, 55.15634 ], [ 26.66869, 55.15597 ], [ 26.67666, 55.15899 ], [ 26.67866, 55.16599 ], [ 26.67792, 55.17038 ], [ 26.69421, 55.16684 ], [ 26.70584, 55.17194 ], [ 26.7049, 55.17508 ], [ 26.7004, 55.1785 ], [ 26.69597, 55.17658 ], [ 26.69128, 55.17973 ], [ 26.68709, 55.17766 ], [ 26.68013, 55.18755 ], [ 26.67655, 55.1888 ], [ 26.67721, 55.19538 ], [ 26.67492, 55.19738 ], [ 26.69362, 55.20559 ], [ 26.70069, 55.20054 ], [ 26.70538, 55.20284 ], [ 26.70948, 55.20727 ], [ 26.72971, 55.21562 ], [ 26.72593, 55.23807 ], [ 26.73162, 55.24302 ], [ 26.73141, 55.24516 ], [ 26.74041, 55.24948 ], [ 26.74539, 55.25475 ], [ 26.74868, 55.25149 ], [ 26.75951, 55.25584 ], [ 26.76107, 55.2582 ], [ 26.78036, 55.2599 ], [ 26.78227, 55.26312 ], [ 26.78468, 55.26322 ], [ 26.78582, 55.26741 ], [ 26.79193, 55.26803 ], [ 26.79488, 55.26537 ], [ 26.79873, 55.26601 ], [ 26.7982, 55.27364 ], [ 26.82681, 55.27728 ], [ 26.82866, 55.27603 ], [ 26.83547, 55.28551 ], [ 26.834, 55.29752 ], [ 26.83002, 55.30286 ], [ 26.8321, 55.30689 ], [ 26.81487, 55.30909 ], [ 26.81264, 55.31322 ], [ 26.81426, 55.31529 ], [ 26.80125, 55.31853 ], [ 26.79403, 55.31792 ], [ 26.79197, 55.3212 ], [ 26.7777, 55.31848 ], [ 26.77526, 55.32055 ], [ 26.76438, 55.32312 ], [ 26.75455, 55.3238 ], [ 26.73958, 55.32416 ], [ 26.72825, 55.3215 ], [ 26.72015, 55.32178 ], [ 26.70859, 55.32906 ], [ 26.68343, 55.33142 ], [ 26.6686, 55.33838 ], [ 26.66432, 55.33893 ], [ 26.66074, 55.33527 ], [ 26.6439, 55.33435 ], [ 26.64057, 55.33023 ], [ 26.64066, 55.32475 ], [ 26.6381, 55.32527 ], [ 26.63244, 55.32192 ], [ 26.62474, 55.32667 ], [ 26.62666, 55.33118 ], [ 26.63099, 55.33314 ], [ 26.62678, 55.3349 ], [ 26.622, 55.33162 ], [ 26.61428, 55.33189 ], [ 26.61677, 55.33101 ], [ 26.61544, 55.32927 ], [ 26.61796, 55.32682 ], [ 26.61348, 55.32696 ], [ 26.61203, 55.32429 ], [ 26.60796, 55.32319 ], [ 26.60724, 55.31959 ], [ 26.59395, 55.32236 ], [ 26.59437, 55.32101 ], [ 26.58847, 55.31908 ], [ 26.58504, 55.32049 ], [ 26.58646, 55.32172 ], [ 26.58265, 55.32466 ], [ 26.5853, 55.32559 ], [ 26.58365, 55.32636 ], [ 26.57409, 55.32411 ], [ 26.57087, 55.32133 ], [ 26.56588, 55.3212 ], [ 26.56371, 55.31926 ], [ 26.56188, 55.32195 ], [ 26.55439, 55.32186 ], [ 26.55375, 55.32416 ], [ 26.54833, 55.32645 ], [ 26.54863, 55.32897 ], [ 26.53475, 55.32904 ], [ 26.53424, 55.33084 ], [ 26.52889, 55.33049 ], [ 26.52699, 55.3326 ], [ 26.52249, 55.3305 ], [ 26.5155, 55.32997 ], [ 26.51407, 55.33342 ], [ 26.51173, 55.33238 ], [ 26.49466, 55.33428 ], [ 26.49156, 55.33607 ], [ 26.49171, 55.33764 ], [ 26.48686, 55.33709 ], [ 26.48343, 55.3393 ], [ 26.48002, 55.33857 ], [ 26.47541, 55.34149 ], [ 26.46554, 55.33939 ], [ 26.45467, 55.34131 ], [ 26.45313, 55.33974 ], [ 26.45186, 55.34199 ], [ 26.44741, 55.34201 ], [ 26.43993, 55.34794 ], [ 26.4406, 55.3493 ], [ 26.44565, 55.34877 ], [ 26.44981, 55.35102 ], [ 26.45529, 55.35068 ], [ 26.47199, 55.35672 ], [ 26.47481, 55.37007 ], [ 26.48058, 55.36948 ], [ 26.48786, 55.37303 ], [ 26.49498, 55.36891 ], [ 26.5034, 55.36982 ], [ 26.511, 55.37945 ], [ 26.55415, 55.38883 ], [ 26.55193, 55.39646 ], [ 26.55012, 55.39614 ], [ 26.548, 55.40786 ], [ 26.55936, 55.41109 ], [ 26.54217, 55.43707 ], [ 26.53873, 55.43952 ], [ 26.54436, 55.44254 ], [ 26.56024, 55.43809 ], [ 26.54191, 55.45065 ], [ 26.54946, 55.4603 ], [ 26.55695, 55.46343 ], [ 26.55033, 55.47728 ], [ 26.53879, 55.48441 ], [ 26.53963, 55.49384 ], [ 26.52422, 55.50992 ], [ 26.53411, 55.52488 ], [ 26.54592, 55.5271 ], [ 26.55074, 55.52529 ], [ 26.55338, 55.52717 ], [ 26.55822, 55.52715 ], [ 26.56233, 55.53177 ], [ 26.56576, 55.53138 ], [ 26.56605, 55.5341 ], [ 26.58024, 55.53507 ], [ 26.58533, 55.53751 ], [ 26.58788, 55.54115 ], [ 26.58583, 55.54336 ], [ 26.58659, 55.54644 ], [ 26.59887, 55.55169 ], [ 26.5987, 55.5551 ], [ 26.60394, 55.55621 ], [ 26.6083, 55.56068 ], [ 26.60793, 55.56234 ], [ 26.61324, 55.56564 ], [ 26.62127, 55.56355 ], [ 26.62373, 55.566 ], [ 26.6207, 55.56919 ], [ 26.62785, 55.57231 ], [ 26.63618, 55.59749 ], [ 26.63237, 55.6082 ], [ 26.63765, 55.65415 ], [ 26.63091, 55.65886 ], [ 26.63216, 55.67322 ], [ 26.63036, 55.68067 ], [ 26.63667, 55.68226 ], [ 26.63588, 55.68504 ], [ 26.64256, 55.69628 ], [ 26.65145, 55.7001 ], [ 26.64445, 55.70428 ], [ 26.65286, 55.7075 ], [ 26.7216, 55.7008 ], [ 26.74311, 55.68235 ], [ 26.78396, 55.67779 ], [ 26.79983, 55.69804 ], [ 26.81641, 55.69968 ], [ 26.82743, 55.7053 ], [ 26.84494, 55.70694 ], [ 26.84746, 55.70895 ], [ 26.87044, 55.71375 ], [ 26.87845, 55.72785 ], [ 26.8753, 55.73447 ], [ 26.90116, 55.75156 ], [ 26.89711, 55.75417 ], [ 26.89984, 55.75473 ], [ 26.90044, 55.75609 ], [ 26.89857, 55.75685 ], [ 26.92055, 55.78807 ], [ 26.93182, 55.79012 ], [ 26.94679, 55.78751 ], [ 26.9524, 55.7979 ], [ 26.96719, 55.80576 ], [ 26.97359, 55.81461 ], [ 26.98149, 55.81465 ], [ 26.99674, 55.8185 ], [ 27.01524, 55.82876 ], [ 27.02003, 55.82679 ], [ 27.02516, 55.8269 ], [ 27.03222, 55.82269 ], [ 27.03538, 55.8237 ], [ 27.03313, 55.8241 ], [ 27.03527, 55.82543 ], [ 27.03483, 55.82726 ], [ 27.03905, 55.82774 ], [ 27.04006, 55.82947 ], [ 27.05138, 55.83069 ], [ 27.07003, 55.82951 ], [ 27.08247, 55.82625 ], [ 27.0935, 55.82725 ], [ 27.09811, 55.8289 ], [ 27.09973, 55.8315 ], [ 27.1019, 55.83608 ], [ 27.10192, 55.84369 ], [ 27.11656, 55.84943 ], [ 27.1324, 55.8516 ], [ 27.14375, 55.84859 ], [ 27.14742, 55.85121 ], [ 27.15371, 55.85194 ], [ 27.15638, 55.84904 ], [ 27.1609, 55.84989 ], [ 27.16813, 55.84512 ], [ 27.1707, 55.84251 ], [ 27.17001, 55.83921 ], [ 27.1714, 55.8374 ], [ 27.17417, 55.83818 ], [ 27.19966, 55.83422 ], [ 27.21359, 55.82106 ], [ 27.21963, 55.81928 ], [ 27.2301, 55.81185 ], [ 27.24249, 55.80576 ], [ 27.24672, 55.80109 ], [ 27.24887, 55.79457 ], [ 27.25873, 55.79352 ], [ 27.26333, 55.79023 ], [ 27.26777, 55.79051 ], [ 27.28735, 55.78517 ], [ 27.30558, 55.79269 ], [ 27.34954, 55.80193 ], [ 27.35159, 55.80385 ], [ 27.34914, 55.80549 ], [ 27.35343, 55.80721 ], [ 27.35507, 55.81145 ], [ 27.36099, 55.81334 ], [ 27.36365, 55.81267 ], [ 27.36673, 55.81501 ], [ 27.36971, 55.81044 ], [ 27.37332, 55.8087 ], [ 27.412, 55.80117 ], [ 27.43248, 55.79423 ], [ 27.45487, 55.79318 ], [ 27.46797, 55.79419 ], [ 27.47757, 55.79044 ], [ 27.55109, 55.78436 ], [ 27.58993, 55.78338 ], [ 27.61552, 55.78704 ], [ 27.61432, 55.79007 ], [ 27.61891, 55.79162 ], [ 27.6397, 55.84813 ], [ 27.62469, 55.89232 ], [ 27.65324, 55.91319 ], [ 27.65296, 55.92953 ], [ 27.7444, 55.97218 ], [ 27.74882, 55.97596 ], [ 27.75087, 55.97583 ], [ 27.74887, 55.97713 ], [ 27.74948, 55.97899 ], [ 27.75689, 55.97846 ], [ 27.75647, 55.97956 ], [ 27.76275, 55.97986 ], [ 27.76799, 55.97811 ], [ 27.76554, 55.97752 ], [ 27.76911, 55.97512 ], [ 27.78128, 55.97674 ], [ 27.78357, 55.97517 ], [ 27.78965, 55.9774 ], [ 27.78681, 55.97909 ], [ 27.7873, 55.9805 ], [ 27.7947, 55.97993 ], [ 27.79399, 55.98314 ], [ 27.8016, 55.98132 ], [ 27.79916, 55.98262 ], [ 27.801, 55.9848 ], [ 27.79958, 55.98674 ], [ 27.80291, 55.9864 ], [ 27.80155, 55.98824 ], [ 27.8024, 55.99004 ], [ 27.80717, 55.98812 ], [ 27.81107, 55.98999 ], [ 27.80882, 55.99097 ], [ 27.81143, 55.99184 ], [ 27.81121, 55.99366 ], [ 27.80827, 55.99601 ], [ 27.81093, 55.99689 ], [ 27.80948, 55.99759 ], [ 27.81029, 55.99832 ], [ 27.8126, 55.99785 ], [ 27.80967, 55.99997 ], [ 27.81057, 56.00415 ], [ 27.808, 56.00459 ], [ 27.80522, 56.00814 ], [ 27.8099, 56.00911 ], [ 27.81726, 56.00785 ], [ 27.81604, 56.01125 ], [ 27.82429, 56.01506 ], [ 27.82647, 56.01819 ], [ 27.83331, 56.02169 ], [ 27.83327, 56.02389 ], [ 27.81875, 56.03031 ], [ 27.8118, 56.02945 ], [ 27.81159, 56.03131 ], [ 27.80648, 56.03544 ], [ 27.82092, 56.04011 ], [ 27.83017, 56.03987 ], [ 27.83648, 56.0378 ], [ 27.84795, 56.04181 ], [ 27.86069, 56.04364 ], [ 27.86652, 56.04713 ], [ 27.86493, 56.04965 ], [ 27.87495, 56.05338 ], [ 27.87678, 56.05189 ], [ 27.8822, 56.05335 ], [ 27.89035, 56.05292 ], [ 27.89972, 56.05037 ], [ 27.90187, 56.04754 ], [ 27.90501, 56.04866 ], [ 27.90228, 56.05073 ], [ 27.90751, 56.05298 ], [ 27.90691, 56.05561 ], [ 27.90924, 56.05589 ], [ 27.91074, 56.05927 ], [ 27.91882, 56.05867 ], [ 27.92274, 56.06139 ], [ 27.92166, 56.06408 ], [ 27.92767, 56.06601 ], [ 27.93577, 56.07368 ], [ 27.93446, 56.07693 ], [ 27.93669, 56.07783 ], [ 27.93434, 56.08018 ], [ 27.93895, 56.09148 ], [ 27.94254, 56.09459 ], [ 27.94933, 56.09704 ], [ 27.95159, 56.10156 ], [ 27.94932, 56.10199 ], [ 27.94989, 56.103 ], [ 27.96206, 56.10522 ], [ 27.96959, 56.11023 ], [ 27.96927, 56.11693 ], [ 27.97188, 56.12034 ], [ 27.98466, 56.12188 ], [ 27.99077, 56.12555 ], [ 28.00868, 56.12665 ], [ 28.01465, 56.12428 ], [ 28.02218, 56.12428 ], [ 28.02597, 56.11933 ], [ 28.04461, 56.11875 ], [ 28.04494, 56.12895 ], [ 28.06055, 56.13466 ], [ 28.06696, 56.13797 ], [ 28.06839, 56.14026 ], [ 28.0832, 56.13917 ], [ 28.08627, 56.13708 ], [ 28.09316, 56.13647 ], [ 28.09281, 56.14134 ], [ 28.09419, 56.14217 ], [ 28.09288, 56.14307 ], [ 28.09432, 56.14381 ], [ 28.09228, 56.14545 ], [ 28.09511, 56.15041 ], [ 28.10363, 56.15248 ], [ 28.11599, 56.16412 ], [ 28.12166, 56.16651 ], [ 28.12933, 56.16572 ], [ 28.13447, 56.1683 ], [ 28.13698, 56.1722 ], [ 28.14237, 56.17031 ], [ 28.15485, 56.16983 ], [ 28.16106, 56.17295 ], [ 28.16429, 56.17239 ], [ 28.1654, 56.17487 ], [ 28.16951, 56.17638 ], [ 28.16855, 56.17716 ], [ 28.1787, 56.17928 ], [ 28.17941, 56.18045 ], [ 28.17776, 56.1821 ], [ 28.17922, 56.18254 ], [ 28.17743, 56.18366 ], [ 28.17843, 56.18558 ], [ 28.17595, 56.1862 ], [ 28.18056, 56.19109 ], [ 28.1802, 56.19302 ], [ 28.1858, 56.19419 ], [ 28.18653, 56.20033 ], [ 28.18409, 56.20148 ], [ 28.18399, 56.20326 ], [ 28.17853, 56.20475 ], [ 28.17361, 56.20307 ], [ 28.17482, 56.20483 ], [ 28.18135, 56.20713 ], [ 28.19669, 56.20853 ], [ 28.20402, 56.21465 ], [ 28.2023, 56.21657 ], [ 28.19422, 56.21706 ], [ 28.19352, 56.2185 ], [ 28.18761, 56.21943 ], [ 28.18421, 56.22617 ], [ 28.18541, 56.23028 ], [ 28.1982, 56.24168 ], [ 28.21804, 56.24838 ], [ 28.21921, 56.25169 ], [ 28.23967, 56.2713 ], [ 28.24149, 56.27866 ], [ 28.23054, 56.29674 ], [ 28.22116, 56.30419 ], [ 28.22021, 56.30862 ], [ 28.20622, 56.32271 ], [ 28.2034, 56.33158 ], [ 28.1994, 56.33793 ], [ 28.20089, 56.34331 ], [ 28.1936, 56.35231 ], [ 28.19396, 56.35795 ], [ 28.1901, 56.3616 ], [ 28.17563, 56.36761 ], [ 28.16556, 56.37455 ], [ 28.16317, 56.37956 ], [ 28.168, 56.38016 ], [ 28.1678, 56.38261 ], [ 28.1702, 56.38616 ], [ 28.18718, 56.40378 ], [ 28.19443, 56.40551 ], [ 28.18629, 56.41186 ], [ 28.18251, 56.42801 ], [ 28.18692, 56.42869 ], [ 28.19489, 56.44126 ], [ 28.19212, 56.44422 ], [ 28.19263, 56.44878 ], [ 28.19074, 56.45154 ], [ 28.17523, 56.45427 ], [ 28.17341, 56.45705 ], [ 28.16671, 56.46004 ], [ 28.16557, 56.46326 ], [ 28.15724, 56.46708 ], [ 28.15635, 56.47117 ], [ 28.15333, 56.47442 ], [ 28.14288, 56.47807 ], [ 28.13985, 56.48152 ], [ 28.14053, 56.48288 ], [ 28.13874, 56.48579 ], [ 28.12939, 56.49068 ], [ 28.12962, 56.49367 ], [ 28.12536, 56.49764 ], [ 28.12899, 56.49801 ], [ 28.13029, 56.50061 ], [ 28.12793, 56.50304 ], [ 28.13718, 56.50811 ], [ 28.12555, 56.51571 ], [ 28.10975, 56.50865 ], [ 28.1022, 56.50862 ], [ 28.09769, 56.51091 ], [ 28.0971, 56.51311 ], [ 28.0947, 56.51108 ], [ 28.0945, 56.51661 ], [ 28.09659, 56.52385 ], [ 28.09245, 56.52965 ], [ 28.10069, 56.53135 ], [ 28.09931, 56.53367 ], [ 28.10025, 56.53916 ], [ 28.10593, 56.54325 ], [ 28.12402, 56.54644 ], [ 28.12599, 56.54829 ], [ 28.13599, 56.5492 ], [ 28.14122, 56.55179 ], [ 28.14264, 56.55353 ], [ 28.13753, 56.55841 ], [ 28.1385, 56.56098 ], [ 28.1372, 56.56446 ], [ 28.13979, 56.56966 ], [ 28.14357, 56.57182 ], [ 28.13519, 56.57602 ], [ 28.13548, 56.57875 ], [ 28.12737, 56.58213 ], [ 28.11546, 56.58345 ], [ 28.11105, 56.58199 ], [ 28.09918, 56.58235 ], [ 28.07576, 56.58619 ], [ 28.06021, 56.58583 ], [ 28.05511, 56.58422 ], [ 28.05035, 56.5892 ], [ 28.04298, 56.59044 ], [ 28.03939, 56.60809 ], [ 28.03269, 56.61298 ], [ 28.01139, 56.63664 ], [ 28.01252, 56.67247 ], [ 28.00708, 56.67636 ], [ 28.00158, 56.68434 ], [ 27.99714, 56.68536 ], [ 27.99491, 56.6887 ], [ 27.97853, 56.68871 ], [ 27.97908, 56.69028 ], [ 27.97613, 56.6935 ], [ 27.98192, 56.70304 ], [ 27.98066, 56.70704 ], [ 27.97542, 56.708 ], [ 27.96251, 56.7068 ], [ 27.96207, 56.71221 ], [ 27.95732, 56.71474 ], [ 27.9469, 56.71561 ], [ 27.94527, 56.72257 ], [ 27.93605, 56.72825 ], [ 27.92694, 56.72934 ], [ 27.91766, 56.73357 ], [ 27.9171, 56.73646 ], [ 27.91429, 56.7374 ], [ 27.91527, 56.73924 ], [ 27.91168, 56.74219 ], [ 27.91408, 56.74527 ], [ 27.9141, 56.75044 ], [ 27.91119, 56.7461 ], [ 27.90901, 56.74714 ], [ 27.90542, 56.74572 ], [ 27.90235, 56.74669 ], [ 27.9051, 56.74737 ], [ 27.90347, 56.749 ], [ 27.90399, 56.75053 ], [ 27.89857, 56.75217 ], [ 27.90062, 56.75991 ], [ 27.91185, 56.76778 ], [ 27.91489, 56.77319 ], [ 27.92072, 56.77491 ], [ 27.93407, 56.77322 ], [ 27.94457, 56.77655 ], [ 27.94712, 56.78316 ], [ 27.94448, 56.7871 ], [ 27.94129, 56.78835 ], [ 27.94153, 56.79411 ], [ 27.93957, 56.79571 ], [ 27.94427, 56.7987 ], [ 27.9441, 56.80276 ], [ 27.94858, 56.80473 ], [ 27.95387, 56.80475 ], [ 27.9589, 56.80788 ], [ 27.96459, 56.80567 ], [ 27.97659, 56.81168 ], [ 27.97772, 56.81487 ], [ 27.97556, 56.8178 ], [ 27.96977, 56.82062 ], [ 27.97632, 56.8249 ], [ 27.96584, 56.8271 ], [ 27.97103, 56.83021 ], [ 27.97113, 56.83244 ], [ 27.96682, 56.83341 ], [ 27.96919, 56.83452 ], [ 27.96811, 56.83671 ], [ 27.96496, 56.83771 ], [ 27.96492, 56.83616 ], [ 27.96117, 56.83561 ], [ 27.95906, 56.8326 ], [ 27.95562, 56.8329 ], [ 27.93487, 56.82638 ], [ 27.90166, 56.82056 ], [ 27.90267, 56.8224 ], [ 27.89911, 56.83045 ], [ 27.90005, 56.83255 ], [ 27.8986, 56.83791 ], [ 27.88552, 56.85198 ], [ 27.88431, 56.85731 ], [ 27.87651, 56.86076 ], [ 27.87051, 56.86751 ], [ 27.87557, 56.87408 ], [ 27.87405, 56.87741 ], [ 27.84856, 56.87941 ], [ 27.84523, 56.87751 ], [ 27.84499, 56.87493 ], [ 27.8367, 56.87336 ], [ 27.8197, 56.86683 ], [ 27.79578, 56.86273 ], [ 27.78912, 56.86472 ], [ 27.77903, 56.86178 ], [ 27.76557, 56.86272 ], [ 27.75572, 56.86053 ], [ 27.75353, 56.85731 ], [ 27.74681, 56.85725 ], [ 27.74323, 56.85443 ], [ 27.73253, 56.85718 ], [ 27.73097, 56.85638 ], [ 27.73067, 56.85321 ], [ 27.72023, 56.85091 ], [ 27.7193, 56.84753 ], [ 27.70355, 56.84749 ], [ 27.70244, 56.84151 ], [ 27.69425, 56.83962 ], [ 27.69194, 56.83713 ], [ 27.65934, 56.83434 ], [ 27.65893, 56.84281 ], [ 27.65537, 56.85317 ], [ 27.66026, 56.86148 ], [ 27.67056, 56.8699 ], [ 27.67052, 56.87359 ], [ 27.67236, 56.87514 ], [ 27.67148, 56.88336 ], [ 27.67392, 56.88687 ], [ 27.67142, 56.89184 ], [ 27.67195, 56.89544 ], [ 27.68312, 56.90666 ], [ 27.68304, 56.90935 ], [ 27.68603, 56.91173 ], [ 27.68514, 56.91394 ], [ 27.68633, 56.9159 ], [ 27.70472, 56.91226 ], [ 27.71342, 56.91459 ], [ 27.7146, 56.91308 ], [ 27.72382, 56.91478 ], [ 27.72984, 56.92035 ], [ 27.73716, 56.92008 ], [ 27.74235, 56.95662 ], [ 27.76957, 57.00524 ], [ 27.73176, 57.00136 ], [ 27.72111, 57.00345 ], [ 27.7177, 57.00252 ], [ 27.71465, 57.00738 ], [ 27.7286, 57.02737 ], [ 27.72738, 57.0298 ], [ 27.72862, 57.038 ], [ 27.73585, 57.04675 ], [ 27.7425, 57.04847 ], [ 27.74875, 57.05341 ], [ 27.74678, 57.05948 ], [ 27.74392, 57.0618 ], [ 27.74301, 57.06783 ], [ 27.74669, 57.0719 ], [ 27.75058, 57.07353 ], [ 27.75203, 57.07663 ], [ 27.76347, 57.08026 ], [ 27.76878, 57.08561 ], [ 27.76544, 57.08662 ], [ 27.75174, 57.08411 ], [ 27.74464, 57.08715 ], [ 27.74294, 57.08968 ], [ 27.71929, 57.09312 ], [ 27.71522, 57.09762 ], [ 27.71963, 57.10387 ], [ 27.7219, 57.10042 ], [ 27.73477, 57.10103 ], [ 27.73747, 57.10312 ], [ 27.74493, 57.10151 ], [ 27.74317, 57.09984 ], [ 27.75191, 57.09829 ], [ 27.75312, 57.10735 ], [ 27.74223, 57.11192 ], [ 27.73657, 57.11091 ], [ 27.73381, 57.11303 ], [ 27.73754, 57.11897 ], [ 27.74253, 57.12043 ], [ 27.74724, 57.11975 ], [ 27.75568, 57.12368 ], [ 27.75158, 57.12675 ], [ 27.75711, 57.13099 ], [ 27.76815, 57.13204 ], [ 27.77282, 57.13441 ], [ 27.7786, 57.13393 ], [ 27.78141, 57.13562 ], [ 27.78304, 57.13518 ], [ 27.78341, 57.13288 ], [ 27.78793, 57.13278 ], [ 27.79012, 57.13511 ], [ 27.80141, 57.1374 ], [ 27.80688, 57.14118 ], [ 27.8184, 57.14348 ], [ 27.8179, 57.147 ], [ 27.82015, 57.15169 ], [ 27.82417, 57.15326 ], [ 27.82236, 57.1579 ], [ 27.82591, 57.16233 ], [ 27.83322, 57.16657 ], [ 27.83228, 57.16853 ], [ 27.82619, 57.17179 ], [ 27.83495, 57.18205 ], [ 27.82566, 57.19194 ], [ 27.83074, 57.19921 ], [ 27.82561, 57.20051 ], [ 27.83003, 57.20464 ], [ 27.82965, 57.20732 ], [ 27.84249, 57.2122 ], [ 27.83788, 57.22006 ], [ 27.84252, 57.22409 ], [ 27.8436, 57.23028 ], [ 27.84875, 57.23191 ], [ 27.84735, 57.23292 ], [ 27.84813, 57.2343 ], [ 27.85387, 57.23522 ], [ 27.85363, 57.2377 ], [ 27.85725, 57.24104 ], [ 27.85857, 57.24479 ], [ 27.86651, 57.24463 ], [ 27.87029, 57.24825 ], [ 27.86695, 57.24958 ], [ 27.86604, 57.25236 ], [ 27.86831, 57.25449 ], [ 27.8638, 57.2576 ], [ 27.86627, 57.26127 ], [ 27.8605, 57.26298 ], [ 27.86235, 57.27655 ], [ 27.86803, 57.28152 ], [ 27.86659, 57.29645 ], [ 27.86143, 57.29768 ], [ 27.85867, 57.30179 ], [ 27.85584, 57.30311 ], [ 27.84693, 57.30358 ], [ 27.84316, 57.30752 ], [ 27.84491, 57.30848 ], [ 27.8432, 57.31057 ], [ 27.83606, 57.3123 ], [ 27.83626, 57.31483 ], [ 27.83175, 57.31572 ], [ 27.83382, 57.31756 ], [ 27.82391, 57.32303 ], [ 27.81453, 57.32416 ], [ 27.78184, 57.3203 ], [ 27.7742, 57.32779 ], [ 27.77326, 57.33145 ], [ 27.77601, 57.33524 ], [ 27.77978, 57.33573 ], [ 27.77906, 57.34344 ], [ 27.75657, 57.35095 ], [ 27.75716, 57.3545 ], [ 27.73804, 57.35915 ], [ 27.72115, 57.36127 ], [ 27.68414, 57.3721 ], [ 27.67939, 57.38502 ], [ 27.67132, 57.38948 ], [ 27.67236, 57.39113 ], [ 27.66993, 57.39167 ], [ 27.66992, 57.39519 ], [ 27.62385, 57.40167 ], [ 27.6029, 57.41571 ], [ 27.59325, 57.41706 ], [ 27.58005, 57.41576 ], [ 27.56049, 57.41107 ], [ 27.55701, 57.41573 ], [ 27.5272, 57.42594 ], [ 27.51592, 57.42448 ], [ 27.54064, 57.46783 ], [ 27.55101, 57.46605 ], [ 27.55215, 57.47644 ], [ 27.55731, 57.48705 ], [ 27.55474, 57.48913 ], [ 27.55713, 57.49338 ], [ 27.55564, 57.49467 ], [ 27.55574, 57.4976 ], [ 27.56742, 57.50946 ], [ 27.56659, 57.51475 ], [ 27.55444, 57.51959 ], [ 27.55537, 57.52127 ], [ 27.55359, 57.52163 ], [ 27.54997, 57.51893 ], [ 27.54659, 57.51923 ], [ 27.55639, 57.53781 ], [ 27.50062, 57.54021 ], [ 27.48857, 57.53552 ], [ 27.46908, 57.53466 ], [ 27.46936, 57.53254 ], [ 27.47248, 57.53063 ], [ 27.47123, 57.53012 ], [ 27.46324, 57.53043 ], [ 27.46086, 57.52881 ], [ 27.45242, 57.53203 ], [ 27.44387, 57.53179 ], [ 27.43315, 57.5256 ], [ 27.42955, 57.52682 ], [ 27.42662, 57.52485 ], [ 27.41506, 57.52265 ], [ 27.40959, 57.52515 ], [ 27.39829, 57.5253 ], [ 27.39366, 57.52684 ], [ 27.39415, 57.52874 ], [ 27.3829, 57.53286 ], [ 27.38052, 57.53543 ], [ 27.37485, 57.5354 ], [ 27.36962, 57.5337 ], [ 27.36531, 57.52996 ], [ 27.36785, 57.52677 ], [ 27.35156, 57.51821 ], [ 27.3515, 57.521 ], [ 27.35301, 57.52168 ], [ 27.35099, 57.52287 ], [ 27.35289, 57.52548 ], [ 27.34957, 57.52568 ], [ 27.35057, 57.52832 ], [ 27.34568, 57.52961 ], [ 27.34944, 57.53103 ], [ 27.34828, 57.53215 ], [ 27.34904, 57.53524 ], [ 27.3444, 57.53746 ], [ 27.34512, 57.53895 ], [ 27.34357, 57.53954 ], [ 27.34435, 57.54114 ], [ 27.3427, 57.54436 ], [ 27.34058, 57.5439 ], [ 27.34069, 57.54563 ], [ 27.33636, 57.54628 ], [ 27.33557, 57.5484 ], [ 27.33824, 57.54987 ], [ 27.33594, 57.55108 ], [ 27.33762, 57.5534 ], [ 27.33684, 57.55615 ], [ 27.33471, 57.55674 ], [ 27.33578, 57.55897 ], [ 27.33032, 57.55977 ], [ 27.33026, 57.56301 ], [ 27.33288, 57.56536 ], [ 27.33029, 57.56717 ], [ 27.33046, 57.57054 ], [ 27.32517, 57.57271 ], [ 27.31748, 57.58 ], [ 27.32828, 57.58078 ], [ 27.34027, 57.58581 ], [ 27.3406, 57.59057 ], [ 27.3566, 57.59779 ], [ 27.37262, 57.59777 ], [ 27.37772, 57.59607 ], [ 27.38412, 57.60359 ], [ 27.40476, 57.61257 ], [ 27.4038, 57.61589 ], [ 27.40114, 57.61694 ], [ 27.3888, 57.61601 ], [ 27.38755, 57.62177 ], [ 27.39601, 57.62228 ], [ 27.40044, 57.62424 ], [ 27.39963, 57.62735 ], [ 27.40139, 57.62891 ], [ 27.40014, 57.62964 ], [ 27.401, 57.63286 ], [ 27.39905, 57.63667 ], [ 27.38744, 57.63901 ], [ 27.38556, 57.64045 ], [ 27.38756, 57.64246 ], [ 27.38065, 57.64276 ], [ 27.37842, 57.64431 ], [ 27.38131, 57.6476 ], [ 27.37759, 57.64852 ], [ 27.38501, 57.65508 ], [ 27.37748, 57.65845 ], [ 27.38122, 57.66094 ], [ 27.37809, 57.66353 ], [ 27.37886, 57.66517 ], [ 27.37631, 57.66866 ], [ 27.37803, 57.67237 ], [ 27.38207, 57.67316 ], [ 27.38141, 57.67589 ], [ 27.38439, 57.67513 ], [ 27.39273, 57.67928 ], [ 27.3893, 57.68588 ], [ 27.40164, 57.68606 ], [ 27.40306, 57.68725 ], [ 27.40196, 57.68924 ], [ 27.4058, 57.69373 ], [ 27.41427, 57.69597 ], [ 27.41109, 57.70048 ], [ 27.42683, 57.69988 ], [ 27.425, 57.70346 ], [ 27.42874, 57.70593 ], [ 27.42887, 57.70865 ], [ 27.44248, 57.71406 ], [ 27.447, 57.71741 ], [ 27.45166, 57.71668 ], [ 27.46186, 57.70723 ], [ 27.46948, 57.70875 ], [ 27.47218, 57.71685 ], [ 27.49257, 57.72288 ], [ 27.49031, 57.71738 ], [ 27.49703, 57.70808 ], [ 27.50117, 57.70642 ], [ 27.50695, 57.70803 ], [ 27.50797, 57.71037 ], [ 27.5058, 57.71198 ], [ 27.50689, 57.7137 ], [ 27.51819, 57.70929 ], [ 27.52555, 57.70933 ], [ 27.52317, 57.7113 ], [ 27.52153, 57.71594 ], [ 27.52436, 57.71986 ], [ 27.52294, 57.7233 ], [ 27.526, 57.72657 ], [ 27.52665, 57.73105 ], [ 27.54115, 57.73115 ], [ 27.5423, 57.73324 ], [ 27.54546, 57.73334 ], [ 27.52786, 57.74137 ], [ 27.52951, 57.74518 ], [ 27.52731, 57.75166 ], [ 27.51135, 57.75072 ], [ 27.51329, 57.75256 ], [ 27.52786, 57.75416 ], [ 27.52638, 57.75726 ], [ 27.51813, 57.75932 ], [ 27.5143, 57.76279 ], [ 27.50783, 57.76355 ], [ 27.5091, 57.76446 ], [ 27.50559, 57.76631 ], [ 27.50581, 57.77232 ], [ 27.51249, 57.77568 ], [ 27.50622, 57.78328 ], [ 27.49729, 57.78547 ], [ 27.49432, 57.7889 ], [ 27.50168, 57.79168 ], [ 27.50368, 57.78894 ], [ 27.5174, 57.793 ], [ 27.52077, 57.79266 ], [ 27.51986, 57.78982 ], [ 27.52806, 57.78976 ], [ 27.53623, 57.79417 ], [ 27.53362, 57.79664 ], [ 27.53811, 57.8015 ], [ 27.53616, 57.8051 ], [ 27.53225, 57.80674 ], [ 27.53559, 57.80857 ], [ 27.54265, 57.80845 ], [ 27.5391, 57.81097 ], [ 27.53897, 57.8139 ], [ 27.55419, 57.81425 ], [ 27.54994, 57.81703 ], [ 27.54306, 57.81684 ], [ 27.54162, 57.82316 ], [ 27.54608, 57.82406 ], [ 27.55125, 57.82173 ], [ 27.55174, 57.82697 ], [ 27.55434, 57.82704 ], [ 27.55393, 57.83187 ], [ 27.54936, 57.83165 ], [ 27.55041, 57.83306 ], [ 27.54922, 57.83335 ], [ 27.55242, 57.83417 ], [ 27.55416, 57.8321 ], [ 27.55672, 57.83265 ], [ 27.55485, 57.83303 ], [ 27.55558, 57.83407 ], [ 27.55796, 57.83382 ], [ 27.55944, 57.83196 ], [ 27.56405, 57.83079 ], [ 27.56642, 57.83225 ], [ 27.57636, 57.83173 ], [ 27.57886, 57.83361 ], [ 27.58209, 57.83269 ], [ 27.58413, 57.83416 ], [ 27.58499, 57.83269 ], [ 27.58648, 57.83428 ], [ 27.59613, 57.83356 ], [ 27.60241, 57.83575 ], [ 27.60422, 57.83499 ], [ 27.61327, 57.83964 ], [ 27.61533, 57.83869 ], [ 27.61765, 57.84019 ], [ 27.61826, 57.83973 ], [ 27.61762, 57.83897 ], [ 27.62201, 57.84097 ], [ 27.62428, 57.84068 ], [ 27.62186, 57.84021 ], [ 27.62499, 57.83813 ], [ 27.62873, 57.84032 ], [ 27.63999, 57.84101 ], [ 27.64816, 57.83869 ], [ 27.66101, 57.83985 ], [ 27.6698, 57.83681 ], [ 27.67542, 57.83731 ], [ 27.6769, 57.83586 ], [ 27.68597, 57.8352 ], [ 27.68872, 57.83647 ], [ 27.68906, 57.83825 ], [ 27.69203, 57.83675 ], [ 27.69775, 57.83843 ], [ 27.70023, 57.84174 ], [ 27.70284, 57.84143 ], [ 27.70393, 57.8439 ], [ 27.70633, 57.84483 ], [ 27.70455, 57.84603 ], [ 27.70682, 57.84611 ], [ 27.70805, 57.84845 ], [ 27.71059, 57.84701 ], [ 27.70729, 57.84214 ], [ 27.70811, 57.84095 ], [ 27.71565, 57.83985 ], [ 27.71806, 57.83633 ], [ 27.72517, 57.83508 ], [ 27.72623, 57.8326 ], [ 27.73025, 57.83063 ], [ 27.74093, 57.82772 ], [ 27.75744, 57.83486 ], [ 27.75632, 57.83703 ], [ 27.77632, 57.83346 ], [ 27.77981, 57.83749 ], [ 27.78349, 57.83811 ], [ 27.78794, 57.84351 ], [ 27.79564, 57.84122 ], [ 27.79845, 57.84374 ], [ 27.7921, 57.84605 ], [ 27.79415, 57.85136 ], [ 27.81563, 57.86179 ], [ 27.8133, 57.86402 ], [ 27.81772, 57.8658 ], [ 27.81578, 57.86634 ], [ 27.8159, 57.86884 ], [ 27.81352, 57.87088 ], [ 27.80951, 57.87244 ], [ 27.81482, 57.87685 ], [ 27.81428, 57.87924 ], [ 27.81667, 57.88213 ], [ 27.80868, 57.88531 ], [ 27.80918, 57.88688 ], [ 27.81829, 57.88888 ], [ 27.8191, 57.89054 ], [ 27.81674, 57.89277 ], [ 27.81664, 57.8954 ], [ 27.79913, 57.89825 ], [ 27.78197, 57.89748 ], [ 27.77069, 57.8946 ], [ 27.76137, 57.8956 ], [ 27.75375, 57.89748 ], [ 27.75551, 57.90288 ], [ 27.75367, 57.90143 ], [ 27.75104, 57.90259 ], [ 27.74704, 57.90026 ], [ 27.73014, 57.90593 ], [ 27.70543, 57.90013 ], [ 27.69491, 57.90745 ], [ 27.70854, 57.90721 ], [ 27.71916, 57.9121 ], [ 27.71688, 57.91374 ], [ 27.71632, 57.91927 ], [ 27.71823, 57.92001 ], [ 27.70992, 57.9228 ], [ 27.67889, 57.9237 ], [ 27.68447, 57.92813 ], [ 27.68107, 57.93538 ], [ 27.67605, 57.93435 ], [ 27.671, 57.93831 ], [ 27.66684, 57.94186 ], [ 27.6696, 57.94609 ], [ 27.6653, 57.95057 ], [ 27.65636, 57.95533 ], [ 27.66026, 57.95717 ], [ 27.68446, 57.96002 ], [ 27.68618, 57.96581 ], [ 27.68436, 57.96737 ], [ 27.68572, 57.97106 ], [ 27.68011, 57.97106 ], [ 27.67863, 57.97444 ], [ 27.69032, 57.98661 ], [ 27.69718, 57.98874 ], [ 27.69648, 57.99233 ], [ 27.69429, 57.99369 ], [ 27.69861, 57.99468 ], [ 27.69586, 57.9963 ], [ 27.69857, 57.99899 ], [ 27.68919, 57.99988 ], [ 27.69424, 58.00358 ], [ 27.69324, 58.0048 ], [ 27.66624, 58.01021 ], [ 27.66237, 58.01828 ], [ 27.64907, 58.01989 ], [ 27.649, 58.01408 ], [ 27.65265, 58.01264 ], [ 27.65547, 58.00579 ], [ 27.64874, 58.0028 ], [ 27.64999, 57.99867 ], [ 27.65786, 57.99828 ], [ 27.65393, 57.99541 ], [ 27.64377, 58.00102 ], [ 27.62128, 58.00519 ], [ 27.60654, 58.05406 ], [ 27.63599, 58.09994 ], [ 27.60181, 58.11741 ], [ 27.49126, 58.22437 ], [ 27.48684, 58.30369 ], [ 27.55319, 58.36618 ], [ 27.35704, 58.78726 ], [ 27.72898, 58.97131 ], [ 27.73084, 58.975 ], [ 27.73833, 58.97778 ], [ 27.73916, 58.98111 ], [ 27.74445, 58.98361 ], [ 27.74692, 58.98942 ], [ 27.7465, 58.99554 ], [ 27.74306, 58.9979 ], [ 27.73806, 59.00991 ], [ 27.74363, 59.01591 ], [ 27.74483, 59.02681 ], [ 27.74906, 59.03025 ], [ 27.76703, 59.03302 ], [ 27.77484, 59.04361 ], [ 27.77551, 59.04643 ], [ 27.77036, 59.052 ], [ 27.77263, 59.05618 ], [ 27.78097, 59.06482 ], [ 27.79208, 59.07031 ], [ 27.79142, 59.07333 ], [ 27.79317, 59.07761 ], [ 27.78831, 59.08256 ], [ 27.78866, 59.09148 ], [ 27.80126, 59.10355 ], [ 27.80977, 59.10722 ], [ 27.80349, 59.11362 ], [ 27.80528, 59.12264 ], [ 27.80871, 59.12973 ], [ 27.81952, 59.1344 ], [ 27.83102, 59.14493 ], [ 27.84308, 59.14896 ], [ 27.8637, 59.16175 ], [ 27.87246, 59.17271 ], [ 27.88963, 59.18517 ], [ 27.89098, 59.19297 ], [ 27.90042, 59.20766 ], [ 27.89611, 59.21794 ], [ 27.89938, 59.22662 ], [ 27.9, 59.23586 ], [ 27.90433, 59.24127 ], [ 27.9246, 59.25469 ], [ 27.94462, 59.26389 ], [ 27.95783, 59.27198 ], [ 27.96642, 59.27371 ], [ 27.98292, 59.27409 ], [ 28.0049, 59.27788 ], [ 28.01954, 59.2857 ], [ 28.02641, 59.28748 ], [ 28.05372, 59.29084 ], [ 28.1084, 59.29248 ], [ 28.11996, 59.29045 ], [ 28.13268, 59.29238 ], [ 28.15376, 59.31208 ], [ 28.16784, 59.33379 ], [ 28.18528, 59.34233 ], [ 28.19191, 59.34718 ], [ 28.19104, 59.35284 ], [ 28.19879, 59.35599 ], [ 28.20055, 59.35784 ], [ 28.19914, 59.36116 ], [ 28.2058, 59.36414 ], [ 28.2059, 59.36705 ], [ 28.21002, 59.37037 ], [ 28.20299, 59.3749 ], [ 28.20853, 59.3801 ], [ 28.20857, 59.38374 ], [ 28.19123, 59.40065 ], [ 28.17561, 59.40523 ], [ 28.16418, 59.41183 ], [ 28.13905, 59.41939 ], [ 28.12993, 59.4318 ], [ 28.12364, 59.43757 ], [ 28.09188, 59.45575 ], [ 28.07706, 59.46075 ], [ 28.05308, 59.4624 ], [ 28.04814, 59.46461 ], [ 28.04077, 59.47468 ], [ 27.961, 59.48583 ], [ 27.81168, 59.54558 ], [ 27.3853, 59.65243 ], [ 27.05335, 59.61853 ], [ 26.81668, 59.66242 ], [ 26.62887, 59.8222 ], [ 26.44, 59.93833 ], [ 26.15333, 59.9 ], [ 26.02167, 59.815 ], [ 25.57833, 59.82667 ], [ 24.48167, 59.70333 ], [ 23.95333, 59.57667 ], [ 23.52167, 59.48167 ], [ 23.19167, 59.48333 ], [ 23.12492, 59.46396 ], [ 22.73333, 59.29167 ], [ 22.60333, 59.295 ], [ 22.49611, 59.28866 ], [ 22.39833, 59.27 ], [ 22.30833, 59.245 ], [ 21.85, 59.05667 ], [ 21.65167, 58.91833 ], [ 21.66526, 58.87448 ], [ 21.69667, 58.83167 ], [ 21.60667, 58.68833 ], [ 21.51404, 58.64754 ], [ 21.45284, 58.59864 ], [ 21.42167, 58.53667 ], [ 21.38667, 58.35167 ], [ 21.38261, 58.3015 ], [ 21.40333, 58.25667 ], [ 21.61333, 57.895 ], [ 21.64667, 57.85667 ], [ 21.71812, 57.78639 ], [ 21.60893, 57.76781 ], [ 21.5412, 57.75106 ], [ 21.49801, 57.73599 ], [ 21.46928, 57.72412 ], [ 21.42739, 57.70336 ], [ 21.40464, 57.6899 ], [ 21.37421, 57.66725 ], [ 21.35015, 57.64378 ], [ 21.33196, 57.61957 ], [ 21.31507, 57.58676 ], [ 21.29393, 57.5637 ], [ 21.24808, 57.54018 ], [ 21.22732, 57.52597 ], [ 21.20946, 57.51142 ], [ 21.18712, 57.48835 ], [ 21.17081, 57.46458 ], [ 21.16331, 57.4495 ], [ 21.10832, 57.40281 ], [ 21.09386, 57.38866 ], [ 21.07991, 57.37184 ], [ 21.06507, 57.34772 ], [ 21.05185, 57.31662 ], [ 21.04317, 57.28234 ], [ 21.04213, 57.266 ], [ 21.04331, 57.24201 ], [ 21.0382, 57.17485 ], [ 21.03863, 57.15583 ], [ 21.04536, 57.11945 ], [ 21.04548, 57.11022 ], [ 21.03389, 57.09811 ], [ 21.01256, 57.08593 ], [ 20.98011, 57.0638 ], [ 20.93085, 57.04472 ], [ 20.80486, 56.98319 ], [ 20.76466, 56.9569 ], [ 20.73451, 56.92949 ], [ 20.70874, 56.89597 ], [ 20.69714, 56.87122 ], [ 20.68939, 56.84505 ], [ 20.68759, 56.8184 ], [ 20.6955, 56.74553 ], [ 20.69138, 56.71475 ], [ 20.68727, 56.69795 ], [ 20.67608, 56.67378 ], [ 20.64475, 56.64498 ], [ 20.62492, 56.62125 ], [ 20.61283, 56.60052 ], [ 20.60491, 56.57919 ], [ 20.60103, 56.55315 ], [ 20.60308, 56.52834 ], [ 20.61381, 56.48652 ], [ 20.63094, 56.45044 ], [ 20.61406, 56.40952 ], [ 20.60963, 56.38847 ], [ 20.6085, 56.37045 ], [ 20.60947, 56.34178 ], [ 20.617, 56.30549 ], [ 20.62074, 56.21602 ], [ 20.62978, 56.18166 ], [ 20.64362, 56.15032 ], [ 20.70611, 56.04538 ], [ 20.70972, 56.04542 ], [ 20.68935, 55.91557 ], [ 20.72221, 55.72512 ], [ 20.7538, 55.6357 ], [ 20.74852, 55.56493 ], [ 20.70542, 55.4555 ], [ 20.65572, 55.38422 ], [ 20.95377, 55.28083 ], [ 20.98371, 55.27763 ], [ 21.09836, 55.25639 ], [ 21.26757, 55.24628 ], [ 21.27098, 55.24501 ], [ 21.29998, 55.2542 ], [ 21.30626, 55.26099 ], [ 21.32025, 55.26631 ], [ 21.33238, 55.27527 ], [ 21.34513, 55.27818 ], [ 21.35683, 55.28492 ], [ 21.37441, 55.28756 ], [ 21.37821, 55.29328 ], [ 21.38437, 55.2937 ], [ 21.40685, 55.27784 ], [ 21.41651, 55.2627 ], [ 21.43122, 55.25233 ], [ 21.43664, 55.23759 ], [ 21.44937, 55.22149 ], [ 21.48808, 55.201 ], [ 21.49491, 55.191 ], [ 21.50151, 55.18682 ], [ 21.51495, 55.18526 ], [ 21.54007, 55.19622 ], [ 21.57013, 55.19813 ], [ 21.57731, 55.19651 ], [ 21.59464, 55.18791 ], [ 21.61357, 55.18707 ], [ 21.64919, 55.18081 ], [ 21.65532, 55.1782 ], [ 21.66997, 55.1679 ], [ 21.68595, 55.16367 ], [ 21.70984, 55.15129 ], [ 21.71635, 55.14525 ], [ 21.71726, 55.13678 ], [ 21.7226, 55.13305 ], [ 21.7431, 55.12968 ], [ 21.76085, 55.12318 ], [ 21.77791, 55.11942 ], [ 21.80514, 55.12015 ], [ 21.81627, 55.11868 ], [ 21.82341, 55.11532 ], [ 21.84852, 55.09746 ], [ 21.87942, 55.09363 ], [ 21.91639, 55.08099 ], [ 21.96554, 55.07388 ], [ 21.97067, 55.07551 ], [ 21.98354, 55.08391 ], [ 21.99776, 55.08673 ], [ 22.01214, 55.0869 ], [ 22.03241, 55.0841 ], [ 22.03938, 55.08058 ], [ 22.04049, 55.07678 ], [ 22.03968, 55.06899 ], [ 22.0328, 55.06048 ], [ 22.03084, 55.05536 ], [ 22.03144, 55.05165 ], [ 22.03691, 55.04254 ], [ 22.04765, 55.03394 ], [ 22.07582, 55.025 ], [ 22.10024, 55.02415 ], [ 22.12056, 55.02777 ], [ 22.12773, 55.0345 ], [ 22.13079, 55.043 ], [ 22.13367, 55.04642 ], [ 22.15857, 55.05564 ], [ 22.1857, 55.05368 ], [ 22.2181, 55.06035 ], [ 22.29136, 55.06476 ], [ 22.31568, 55.06187 ], [ 22.3483, 55.06163 ], [ 22.39458, 55.0533 ], [ 22.42543, 55.05396 ], [ 22.45709, 55.04505 ], [ 22.4706, 55.04453 ], [ 22.49124, 55.04769 ], [ 22.54517, 55.06527 ], [ 22.57382, 55.0697 ], [ 22.58924, 55.07024 ], [ 22.5921, 55.05987 ], [ 22.5903, 55.0541 ], [ 22.59403, 55.04806 ], [ 22.59748, 55.04599 ], [ 22.59723, 55.03708 ], [ 22.59467, 55.03422 ], [ 22.59619, 55.02578 ], [ 22.60255, 55.0196 ], [ 22.60358, 55.01345 ], [ 22.61419, 55.01271 ], [ 22.61495, 55.00972 ], [ 22.62505, 55.00415 ], [ 22.62832, 54.99769 ], [ 22.62655, 54.9956 ], [ 22.63519, 54.98938 ], [ 22.63624, 54.98508 ], [ 22.6431, 54.98401 ], [ 22.6437, 54.98206 ], [ 22.6413, 54.97841 ], [ 22.64253, 54.97551 ], [ 22.64163, 54.97237 ], [ 22.64406, 54.9699 ], [ 22.65283, 54.96504 ], [ 22.65735, 54.96781 ], [ 22.66066, 54.96452 ], [ 22.66381, 54.96457 ], [ 22.66832, 54.96921 ], [ 22.66385, 54.97078 ], [ 22.66476, 54.97395 ], [ 22.65938, 54.9794 ], [ 22.65937, 54.98188 ], [ 22.67084, 54.98815 ], [ 22.67807, 54.9875 ], [ 22.68768, 54.98071 ], [ 22.69002, 54.9716 ], [ 22.69536, 54.9706 ], [ 22.70121, 54.9736 ], [ 22.70717, 54.97354 ], [ 22.71355, 54.96779 ], [ 22.72614, 54.96318 ], [ 22.72963, 54.95971 ], [ 22.72792, 54.95476 ], [ 22.73373, 54.94718 ], [ 22.74043, 54.94478 ], [ 22.74047, 54.94155 ], [ 22.74274, 54.93905 ], [ 22.7627, 54.93765 ], [ 22.76628, 54.93554 ], [ 22.76678, 54.93271 ], [ 22.75493, 54.92934 ], [ 22.74937, 54.92498 ], [ 22.74914, 54.92303 ], [ 22.75449, 54.91861 ], [ 22.76187, 54.91693 ], [ 22.76872, 54.92343 ], [ 22.78302, 54.92483 ], [ 22.78879, 54.91976 ], [ 22.78767, 54.91394 ], [ 22.78913, 54.91144 ], [ 22.78782, 54.90853 ], [ 22.79326, 54.90372 ], [ 22.79961, 54.90255 ], [ 22.80259, 54.90612 ], [ 22.80972, 54.90993 ], [ 22.8204, 54.91198 ], [ 22.82599, 54.90647 ], [ 22.8359, 54.90385 ], [ 22.83613, 54.89866 ], [ 22.84188, 54.89904 ], [ 22.84625, 54.89742 ], [ 22.84741, 54.89024 ], [ 22.85176, 54.89005 ], [ 22.85524, 54.88788 ], [ 22.85532, 54.88633 ], [ 22.84822, 54.88116 ], [ 22.8437, 54.87523 ], [ 22.84389, 54.87185 ], [ 22.84052, 54.86884 ], [ 22.83969, 54.86423 ], [ 22.84363, 54.86119 ], [ 22.8481, 54.86138 ], [ 22.85926, 54.85818 ], [ 22.86325, 54.8565 ], [ 22.86454, 54.85407 ], [ 22.86908, 54.85315 ], [ 22.86891, 54.85019 ], [ 22.86484, 54.84925 ], [ 22.86424, 54.84616 ], [ 22.8598, 54.84303 ], [ 22.85875, 54.83879 ], [ 22.87648, 54.83383 ], [ 22.88006, 54.82544 ], [ 22.87807, 54.82307 ], [ 22.87263, 54.82325 ], [ 22.87099, 54.82021 ], [ 22.87811, 54.8189 ], [ 22.88061, 54.81582 ], [ 22.88509, 54.81563 ], [ 22.88666, 54.81408 ], [ 22.88539, 54.81138 ], [ 22.87788, 54.81131 ], [ 22.87333, 54.80544 ], [ 22.87495, 54.80042 ], [ 22.87181, 54.79735 ], [ 22.87794, 54.79325 ], [ 22.87791, 54.7908 ], [ 22.87212, 54.7886 ], [ 22.86087, 54.78831 ], [ 22.85481, 54.78984 ], [ 22.84833, 54.78567 ], [ 22.85956, 54.77767 ], [ 22.84856, 54.77461 ], [ 22.84959, 54.77141 ], [ 22.8441, 54.76685 ], [ 22.84041, 54.76864 ], [ 22.83124, 54.76913 ], [ 22.82643, 54.76402 ], [ 22.82131, 54.76677 ], [ 22.81303, 54.76652 ], [ 22.81275, 54.76267 ], [ 22.80803, 54.7598 ], [ 22.80749, 54.75647 ], [ 22.80501, 54.75436 ], [ 22.81394, 54.75679 ], [ 22.81575, 54.75546 ], [ 22.81195, 54.75181 ], [ 22.80827, 54.75337 ], [ 22.80633, 54.75257 ], [ 22.80703, 54.75055 ], [ 22.80532, 54.74931 ], [ 22.80715, 54.74801 ], [ 22.80374, 54.74915 ], [ 22.80275, 54.74854 ], [ 22.80445, 54.74784 ], [ 22.79959, 54.74754 ], [ 22.79897, 54.74894 ], [ 22.80124, 54.75025 ], [ 22.79677, 54.7516 ], [ 22.79996, 54.75333 ], [ 22.79348, 54.75261 ], [ 22.79249, 54.75376 ], [ 22.79105, 54.75237 ], [ 22.79052, 54.75437 ], [ 22.78936, 54.75228 ], [ 22.78254, 54.74908 ], [ 22.77829, 54.75045 ], [ 22.77803, 54.75211 ], [ 22.77403, 54.75118 ], [ 22.77685, 54.74872 ], [ 22.77395, 54.74813 ], [ 22.77343, 54.74519 ], [ 22.7703, 54.74079 ], [ 22.76818, 54.74098 ], [ 22.76689, 54.73796 ], [ 22.76297, 54.7377 ], [ 22.76391, 54.7363 ], [ 22.76061, 54.7351 ], [ 22.75865, 54.73586 ], [ 22.75428, 54.73219 ], [ 22.75087, 54.73257 ], [ 22.74982, 54.73057 ], [ 22.74876, 54.73194 ], [ 22.74358, 54.7315 ], [ 22.74503, 54.73019 ], [ 22.7416, 54.72806 ], [ 22.7459, 54.72551 ], [ 22.73861, 54.71895 ], [ 22.74024, 54.71807 ], [ 22.73873, 54.71689 ], [ 22.74102, 54.71697 ], [ 22.73915, 54.71616 ], [ 22.74028, 54.71529 ], [ 22.74282, 54.71576 ], [ 22.74142, 54.71448 ], [ 22.74317, 54.71217 ], [ 22.74837, 54.71203 ], [ 22.74717, 54.71047 ], [ 22.74851, 54.70993 ], [ 22.74896, 54.70644 ], [ 22.7451, 54.70603 ], [ 22.74186, 54.70305 ], [ 22.73699, 54.70301 ], [ 22.73979, 54.70127 ], [ 22.73794, 54.70132 ], [ 22.73756, 54.69968 ], [ 22.73966, 54.69902 ], [ 22.7361, 54.69784 ], [ 22.73338, 54.70017 ], [ 22.73407, 54.69861 ], [ 22.72925, 54.698 ], [ 22.73043, 54.69678 ], [ 22.7281, 54.69368 ], [ 22.72962, 54.69239 ], [ 22.72441, 54.68998 ], [ 22.72458, 54.6884 ], [ 22.72651, 54.68918 ], [ 22.72662, 54.68732 ], [ 22.72334, 54.68602 ], [ 22.72641, 54.68446 ], [ 22.72688, 54.68211 ], [ 22.72931, 54.68182 ], [ 22.72872, 54.67886 ], [ 22.73772, 54.67969 ], [ 22.73735, 54.6762 ], [ 22.74049, 54.67404 ], [ 22.7375, 54.67256 ], [ 22.73876, 54.67052 ], [ 22.72917, 54.66868 ], [ 22.73117, 54.66796 ], [ 22.73077, 54.66644 ], [ 22.73692, 54.66457 ], [ 22.73737, 54.66168 ], [ 22.74203, 54.65792 ], [ 22.75086, 54.6565 ], [ 22.7572, 54.65262 ], [ 22.75469, 54.64761 ], [ 22.74586, 54.64713 ], [ 22.74168, 54.64265 ], [ 22.75034, 54.63873 ], [ 22.75044, 54.63665 ], [ 22.74842, 54.63499 ], [ 22.74877, 54.63089 ], [ 22.7449, 54.62855 ], [ 22.74563, 54.62731 ], [ 22.74413, 54.62686 ], [ 22.74538, 54.62671 ], [ 22.72667, 54.62294 ], [ 22.72486, 54.62039 ], [ 22.72578, 54.61895 ], [ 22.72324, 54.61893 ], [ 22.7205, 54.6166 ], [ 22.72224, 54.6148 ], [ 22.72003, 54.60662 ], [ 22.70555, 54.60282 ], [ 22.6977, 54.59456 ], [ 22.68592, 54.59071 ], [ 22.68386, 54.58597 ], [ 22.68376, 54.58286 ], [ 22.687, 54.57968 ], [ 22.70001, 54.57605 ], [ 22.70105, 54.56939 ], [ 22.70334, 54.56707 ], [ 22.71335, 54.56387 ], [ 22.70659, 54.56011 ], [ 22.70611, 54.55719 ], [ 22.70314, 54.55396 ], [ 22.69411, 54.55023 ], [ 22.69183, 54.54213 ], [ 22.68584, 54.53931 ], [ 22.68148, 54.53569 ], [ 22.68059, 54.53303 ], [ 22.6838, 54.52931 ], [ 22.68157, 54.52449 ], [ 22.68455, 54.51841 ], [ 22.68921, 54.51676 ], [ 22.69422, 54.50954 ], [ 22.69936, 54.50725 ], [ 22.69599, 54.50507 ], [ 22.69795, 54.49345 ], [ 22.69676, 54.48995 ], [ 22.70419, 54.46822 ], [ 22.70118, 54.45361 ], [ 22.73644, 54.44292 ], [ 22.76711, 54.38482 ], [ 22.7894, 54.36869 ], [ 22.792, 54.36332 ], [ 22.6806, 54.36024 ], [ 22.66044, 54.35555 ], [ 22.64155, 54.35377 ], [ 22.61655, 54.35568 ], [ 22.59636, 54.35354 ], [ 22.57134, 54.35387 ], [ 22.52808, 54.34919 ], [ 22.44691, 54.34868 ], [ 22.43446, 54.34627 ], [ 22.42179, 54.34846 ], [ 22.38251, 54.34468 ], [ 22.33076, 54.34331 ], [ 22.32925, 54.34454 ], [ 22.31977, 54.34294 ], [ 22.31878, 54.34052 ], [ 22.23881, 54.34173 ], [ 22.23197, 54.34028 ], [ 22.22924, 54.3405 ], [ 22.22571, 54.34377 ], [ 22.17948, 54.3372 ], [ 22.01019, 54.33622 ], [ 21.96968, 54.33271 ], [ 21.91346, 54.33371 ], [ 21.85058, 54.33128 ], [ 21.79711, 54.33179 ], [ 21.67672, 54.3268 ], [ 21.63492, 54.32741 ], [ 21.57741, 54.32555 ], [ 21.57357, 54.32536 ], [ 21.57019, 54.32201 ], [ 21.55322, 54.32286 ], [ 21.55282, 54.32521 ], [ 21.52875, 54.32542 ], [ 21.49582, 54.32397 ], [ 21.44611, 54.31822 ], [ 21.43703, 54.32617 ], [ 21.43368, 54.3269 ], [ 21.4143, 54.32622 ], [ 21.37029, 54.33129 ], [ 21.32386, 54.32936 ], [ 21.30285, 54.33354 ], [ 21.2744, 54.32839 ], [ 21.26129, 54.3292 ], [ 21.19676, 54.33778 ], [ 21.16412, 54.3373 ], [ 21.14322, 54.34255 ], [ 21.09883, 54.34674 ], [ 21.03809, 54.34859 ], [ 21.00669, 54.35362 ], [ 20.95816, 54.35464 ], [ 20.95134, 54.35713 ], [ 20.92596, 54.35643 ], [ 20.84847, 54.36069 ], [ 20.81844, 54.36001 ], [ 20.74084, 54.36928 ], [ 20.71749, 54.36923 ], [ 20.6894, 54.37226 ], [ 20.64811, 54.37118 ], [ 20.63107, 54.36631 ], [ 20.61688, 54.37256 ], [ 20.58396, 54.37802 ], [ 20.53594, 54.38089 ], [ 20.51514, 54.3806 ], [ 20.50551, 54.38271 ], [ 20.43847, 54.38793 ], [ 20.40337, 54.39286 ], [ 20.36106, 54.39586 ], [ 20.33203, 54.40115 ], [ 20.22099, 54.40876 ], [ 20.06911, 54.42215 ], [ 20.00741, 54.42474 ], [ 19.81146, 54.44231 ], [ 19.64694, 54.45339 ], [ 19.40417, 54.6039 ], [ 19.08404, 54.7587 ], [ 19.03796, 54.78941 ], [ 18.96618, 54.82917 ], [ 18.94136, 54.84113 ], [ 18.84663, 54.8797 ], [ 18.65791, 54.94414 ], [ 18.62194, 54.96082 ], [ 18.58235, 54.97482 ], [ 18.53738, 54.99617 ], [ 18.50071, 55.00938 ], [ 18.45387, 55.02165 ], [ 18.41257, 55.02914 ], [ 18.36996, 55.0336 ], [ 18.31708, 55.03582 ], [ 18.22764, 55.03369 ], [ 18.06503, 55.03466 ], [ 17.938, 55.03121 ], [ 17.85451, 55.02402 ], [ 17.81927, 55.01953 ], [ 17.7409, 55.00559 ], [ 17.65934, 54.99541 ], [ 17.57486, 54.97668 ], [ 17.54395, 54.9719 ], [ 17.47728, 54.96521 ], [ 17.4081, 54.95479 ], [ 17.33608, 54.95097 ], [ 17.27755, 54.94494 ], [ 17.12229, 54.91831 ], [ 17.07842, 54.90642 ], [ 17.00796, 54.88166 ], [ 16.92127, 54.85699 ], [ 16.85848, 54.83722 ], [ 16.83209, 54.82643 ], [ 16.80758, 54.81426 ], [ 16.78516, 54.80082 ], [ 16.76313, 54.78512 ], [ 16.73004, 54.77902 ], [ 16.69409, 54.76985 ], [ 16.62784, 54.76661 ], [ 16.49425, 54.7482 ], [ 16.39103, 54.72612 ], [ 16.33049, 54.70636 ], [ 16.28586, 54.68559 ], [ 16.22045, 54.64911 ], [ 16.17552, 54.62075 ], [ 16.15162, 54.60322 ], [ 16.13004, 54.58354 ], [ 16.10731, 54.56899 ], [ 16.08811, 54.55402 ], [ 16.07142, 54.53807 ], [ 16.04793, 54.51122 ], [ 16.019, 54.49123 ], [ 15.9764, 54.46547 ], [ 15.94323, 54.45273 ], [ 15.90793, 54.44806 ], [ 15.80776, 54.44066 ], [ 15.75817, 54.43405 ], [ 15.68891, 54.42 ], [ 15.62467, 54.40255 ], [ 15.58583, 54.39454 ], [ 15.55576, 54.39037 ], [ 15.51074, 54.38915 ], [ 15.46877, 54.3848 ], [ 15.42144, 54.37591 ], [ 15.37684, 54.3631 ], [ 15.21327, 54.34373 ], [ 15.17564, 54.33767 ], [ 15.14266, 54.33001 ], [ 15.10965, 54.31984 ], [ 14.9874, 54.29121 ], [ 14.92097, 54.27813 ], [ 14.82567, 54.25353 ], [ 14.6001, 54.20986 ], [ 14.56488, 54.20017 ], [ 14.52976, 54.18744 ], [ 14.45672, 54.17132 ], [ 14.40508, 54.15658 ], [ 14.37319, 54.14985 ], [ 14.27891, 54.12536 ], [ 14.23746, 54.12578 ], [ 14.19912, 54.25059 ], [ 14.16531, 54.26396 ], [ 14.15642, 54.30173 ], [ 14.10593, 54.31785 ], [ 14.11253, 54.44051 ], [ 14.07829, 54.44113 ], [ 14.0227, 54.60767 ], [ 13.99756, 54.64896 ], [ 13.98241, 54.66549 ], [ 13.95293, 54.69076 ], [ 13.90858, 54.71951 ], [ 13.8896, 54.72533 ], [ 13.85357, 54.74133 ], [ 13.64983, 54.83896 ], [ 13.60034, 54.85874 ], [ 13.54561, 54.87327 ], [ 13.48731, 54.8821 ], [ 13.42722, 54.88497 ], [ 13.3249, 54.8809 ], [ 13.2656, 54.87253 ], [ 13.22577, 54.86977 ], [ 13.17918, 54.86286 ], [ 13.13472, 54.85229 ], [ 13.06039, 54.82662 ], [ 13.03174, 54.81438 ], [ 13.00043, 54.79762 ], [ 12.97157, 54.78578 ], [ 12.74882, 54.74402 ], [ 12.32215, 54.57791 ], [ 12.29215, 54.51818 ], [ 12.30021, 54.51179 ], [ 12.25854, 54.45124 ], [ 12.16521, 54.3854 ], [ 12.15243, 54.3854 ], [ 11.9516, 54.33373 ], [ 11.64437, 54.33076 ], [ 11.58854, 54.37373 ], [ 11.53826, 54.40762 ], [ 11.47493, 54.43985 ], [ 11.40243, 54.47401 ], [ 11.34965, 54.50513 ], [ 11.32188, 54.5129 ], [ 11.31104, 54.52957 ], [ 11.14132, 54.57707 ], [ 11.00076, 54.56957 ], [ 10.97965, 54.55596 ], [ 10.81993, 54.54735 ], [ 10.75465, 54.51429 ], [ 10.65167, 54.51017 ], [ 10.59215, 54.52068 ], [ 10.50549, 54.54763 ], [ 10.33882, 54.59318 ], [ 10.30882, 54.61263 ], [ 10.25827, 54.65763 ], [ 10.21882, 54.69624 ], [ 10.16938, 54.73818 ], [ 10.2, 54.85333 ], [ 10.25, 54.845 ], [ 10.25, 54.81333 ], [ 10.27083, 54.77917 ], [ 10.42, 54.64444 ], [ 10.67, 54.57444 ], [ 10.715, 54.57667 ], [ 10.825, 54.6425 ], [ 10.75417, 54.67333 ], [ 10.75833, 54.685 ], [ 10.78833, 54.7 ], [ 10.81667, 54.725 ], [ 10.8281, 54.74684 ], [ 10.9, 54.75583 ], [ 10.905, 54.70833 ], [ 11.0, 54.67333 ], [ 11.13333, 54.66333 ], [ 11.255, 54.63417 ], [ 11.29667, 54.60667 ], [ 11.36333, 54.59 ], [ 11.44667, 54.55417 ], [ 11.795, 54.45167 ], [ 12.06333, 54.455 ], [ 12.145, 54.46833 ], [ 12.16167, 54.525 ], [ 12.21667, 54.60667 ], [ 12.24, 54.62667 ], [ 12.69143, 54.80425 ], [ 12.75508, 54.82415 ], [ 12.8028, 54.8432 ], [ 12.81269, 54.84506 ], [ 12.82929, 54.85194 ], [ 12.83784, 54.8556 ], [ 12.86135, 54.87057 ], [ 12.87204, 54.87973 ], [ 12.89124, 54.9008 ], [ 12.89887, 54.91904 ], [ 12.90426, 54.94094 ], [ 12.90583, 54.96015 ], [ 12.90378, 54.98662 ], [ 12.89843, 55.00746 ], [ 12.88768, 55.03567 ], [ 12.86802, 55.07321 ], [ 12.85651, 55.10307 ], [ 12.85, 55.11167 ], [ 12.7225, 55.13833 ], [ 12.60333, 55.22333 ], [ 12.59, 55.325 ], [ 12.69446, 55.34977 ], [ 12.69398, 55.33499 ], [ 12.69608, 55.32461 ], [ 12.70325, 55.31132 ], [ 12.71173, 55.30206 ], [ 12.92297, 55.14837 ], [ 12.9635, 55.15785 ], [ 12.9966, 55.1683 ], [ 13.02674, 55.16543 ], [ 13.0797, 55.16404 ], [ 13.13313, 55.16013 ], [ 13.18403, 55.15018 ], [ 13.25237, 55.14232 ], [ 13.35233, 55.1371 ], [ 13.41293, 55.13951 ], [ 13.45704, 55.14504 ], [ 13.49176, 55.15147 ], [ 13.58224, 55.17543 ], [ 13.61322, 55.18558 ], [ 13.67549, 55.19273 ], [ 13.71062, 55.19846 ], [ 13.74452, 55.20625 ], [ 13.78285, 55.21813 ], [ 13.85254, 55.21806 ], [ 13.88704, 55.20582 ], [ 13.91991, 55.1967 ], [ 13.95426, 55.18959 ], [ 13.9897, 55.18456 ], [ 14.03802, 55.18118 ], [ 14.08071, 55.1814 ], [ 14.12581, 55.17791 ], [ 14.1685, 55.1777 ], [ 14.38388, 55.35222 ], [ 14.70173, 55.60628 ], [ 14.69139, 55.62568 ], [ 14.67711, 55.64495 ], [ 14.62748, 55.69665 ], [ 14.61629, 55.72366 ], [ 14.59533, 55.755 ], [ 14.79894, 55.7968 ], [ 14.91661, 55.80423 ], [ 14.95245, 55.80961 ], [ 14.99185, 55.81807 ], [ 15.04232, 55.83338 ], [ 15.08245, 55.84968 ], [ 15.12083, 55.87054 ], [ 15.15826, 55.89823 ], [ 15.30656, 55.88961 ], [ 15.46236, 55.79773 ], [ 15.51179, 55.77688 ], [ 15.56685, 55.76115 ], [ 15.62589, 55.75103 ], [ 15.67479, 55.74718 ], [ 15.73647, 55.74778 ], [ 15.7851, 55.75259 ], [ 15.82055, 55.75867 ], [ 15.85469, 55.7668 ], [ 15.88485, 55.77609 ], [ 15.91393, 55.78714 ], [ 15.9406, 55.79958 ], [ 15.96452, 55.81289 ], [ 16.0256, 55.85635 ], [ 16.49566, 55.99562 ], [ 16.53022, 56.00302 ], [ 16.56348, 56.01247 ], [ 16.63046, 56.03605 ], [ 16.70354, 56.07137 ], [ 16.74615, 56.09673 ], [ 16.79478, 56.13735 ], [ 16.81607, 56.16254 ], [ 16.83125, 56.18997 ], [ 16.84697, 56.20715 ], [ 16.87684, 56.24644 ], [ 16.91764, 56.31257 ], [ 16.92831, 56.33978 ], [ 16.93199, 56.36427 ], [ 16.95318, 56.3934 ], [ 16.97235, 56.4347 ], [ 16.98435, 56.45518 ], [ 16.99261, 56.46855 ], [ 17.01161, 56.48473 ], [ 17.02891, 56.5033 ], [ 17.04846, 56.52942 ], [ 17.05637, 56.54265 ], [ 17.0671, 56.56985 ], [ 17.07079, 56.59417 ], [ 17.07443, 56.60429 ], [ 17.09073, 56.63212 ], [ 17.10081, 56.65688 ], [ 17.14242, 56.69902 ], [ 17.17216, 56.7264 ], [ 17.21389, 56.78032 ], [ 17.4094, 57.09291 ], [ 17.42443, 57.11368 ], [ 17.43707, 57.14066 ], [ 17.44077, 57.15444 ], [ 17.44341, 57.17594 ], [ 17.49464, 57.2372 ], [ 17.50674, 57.25703 ], [ 17.51265, 57.27058 ], [ 17.51681, 57.28433 ], [ 17.5197, 57.30516 ], [ 17.51856, 57.32604 ], [ 17.51556, 57.33987 ], [ 17.50423, 57.36703 ], [ 17.49312, 57.38415 ], [ 17.4799, 57.41339 ], [ 17.46684, 57.43305 ], [ 17.44005, 57.46117 ], [ 17.25163, 57.61498 ], [ 17.26235, 57.63268 ], [ 17.27071, 57.65327 ], [ 17.275, 57.67403 ], [ 17.27521, 57.69492 ], [ 17.26982, 57.7206 ], [ 17.23469, 57.82561 ], [ 17.50653, 58.22253 ], [ 17.52139, 58.24008 ], [ 17.53012, 58.25322 ], [ 17.53992, 58.27346 ], [ 17.5442, 58.2872 ], [ 17.54727, 58.313 ], [ 17.56928, 58.39898 ], [ 18.07788, 58.51835 ], [ 18.12026, 58.52663 ], [ 18.15588, 58.53607 ], [ 18.20012, 58.55156 ], [ 18.59294, 58.70965 ], [ 18.77076, 58.78021 ], [ 18.80212, 58.7904 ], [ 18.83391, 58.8032 ], [ 19.09472, 58.93475 ], [ 19.45547, 59.15778 ], [ 19.68377, 59.23965 ], [ 19.7354, 59.25518 ], [ 19.7876, 59.27743 ], [ 19.81504, 59.29289 ], [ 19.83919, 59.30973 ], [ 19.85979, 59.32776 ], [ 19.87144, 59.34035 ], [ 19.88947, 59.36661 ], [ 19.89576, 59.38016 ], [ 19.9011, 59.39789 ], [ 20.00838, 59.54746 ], [ 19.94065, 59.59506 ], [ 19.99451, 59.59111 ], [ 20.28899, 59.46417 ], [ 20.31362, 59.45729 ], [ 20.33977, 59.4543 ], [ 20.36581, 59.45497 ], [ 20.38396, 59.45762 ], [ 20.81315, 59.47265 ], [ 21.21014, 59.49673 ], [ 21.44757, 59.4773 ], [ 21.50889, 59.4757 ], [ 22.39656, 59.51309 ], [ 22.63457, 59.60795 ], [ 22.85745, 59.63561 ], [ 23.35205, 59.65688 ], [ 24.20609, 59.78371 ], [ 24.33213, 59.79681 ], [ 24.48832, 59.81706 ], [ 24.78537, 59.89206 ], [ 24.92998, 59.92135 ], [ 25.16935, 59.94344 ], [ 25.58269, 59.9282 ], [ 26.0173, 59.9768 ], [ 26.07507, 60.01407 ], [ 26.18856, 60.03822 ], [ 26.29471, 60.04652 ], [ 26.49196, 60.15352 ], [ 26.61101, 60.16175 ], [ 26.74152, 60.18924 ], [ 26.76464, 60.20018 ], [ 27.29304, 60.2002 ], [ 27.45665, 60.22326 ], [ 27.50471, 60.25465 ], [ 27.72577, 60.39168 ], [ 27.68692, 60.43357 ], [ 27.69439, 60.43757 ], [ 27.74795, 60.45117 ], [ 27.74825, 60.46922 ], [ 27.75649, 60.47177 ], [ 27.76819, 60.48906 ], [ 27.76488, 60.49548 ], [ 27.76831, 60.50387 ], [ 27.77663, 60.50768 ], [ 27.77441, 60.53358 ], [ 27.8144, 60.55427 ], [ 27.84739, 60.56144 ], [ 27.8439, 60.56321 ], [ 27.84208, 60.56618 ], [ 27.84174, 60.56909 ], [ 27.84466, 60.57487 ], [ 27.83844, 60.57846 ], [ 27.84775, 60.58179 ], [ 27.87343, 60.60455 ], [ 27.99537, 60.67121 ], [ 27.99808, 60.67041 ], [ 28.01783, 60.68118 ], [ 28.01517, 60.68244 ], [ 28.08899, 60.7206 ], [ 28.13546, 60.74087 ], [ 28.17428, 60.77862 ], [ 28.22049, 60.78279 ], [ 28.25584, 60.80995 ], [ 28.31191, 60.84127 ], [ 28.32423, 60.85791 ], [ 28.33565, 60.85414 ], [ 28.39275, 60.88468 ], [ 28.39746, 60.88355 ], [ 28.40014, 60.88566 ], [ 28.39799, 60.88749 ], [ 28.4654, 60.92333 ], [ 28.48412, 60.92569 ], [ 28.48241, 60.92776 ], [ 28.49303, 60.93708 ], [ 28.49538, 60.93723 ], [ 28.52461, 60.95711 ], [ 28.52747, 60.95491 ], [ 28.53736, 60.95648 ], [ 28.57287, 60.95169 ], [ 28.61482, 60.95536 ], [ 28.64923, 60.94814 ], [ 28.655, 60.9495 ], [ 28.68407, 60.97895 ], [ 28.71019, 61.02698 ], [ 28.71383, 61.04446 ], [ 28.8043, 61.09339 ], [ 28.808, 61.09653 ], [ 28.8191, 61.12158 ], [ 28.87279, 61.13555 ], [ 28.88347, 61.14238 ], [ 28.90247, 61.14457 ], [ 28.91496, 61.14333 ], [ 28.94418, 61.14809 ], [ 28.95163, 61.15168 ], [ 28.95687, 61.15155 ], [ 28.98567, 61.17381 ], [ 29.0111, 61.18433 ], [ 29.16181, 61.23662 ], [ 29.17274, 61.24216 ], [ 29.17665, 61.24131 ], [ 29.17741, 61.2445 ], [ 29.19982, 61.25638 ], [ 29.20995, 61.25775 ], [ 29.21254, 61.26021 ], [ 29.23339, 61.26843 ], [ 29.23893, 61.2682 ], [ 29.24483, 61.27069 ], [ 29.24544, 61.27328 ], [ 29.24135, 61.27606 ], [ 29.26552, 61.29164 ], [ 29.3223, 61.34398 ], [ 29.32178, 61.34679 ], [ 29.32812, 61.35199 ], [ 29.33262, 61.35303 ], [ 29.5031, 61.46128 ], [ 29.49624, 61.4919 ], [ 29.55806, 61.49233 ], [ 29.57905, 61.49588 ], [ 29.59179, 61.49559 ], [ 29.60082, 61.50021 ], [ 29.60733, 61.50047 ], [ 29.60668, 61.50132 ], [ 29.60949, 61.50323 ], [ 29.64524, 61.52015 ], [ 29.64321, 61.5261 ], [ 29.68873, 61.55209 ], [ 29.71099, 61.56032 ], [ 29.7406, 61.57577 ], [ 29.74812, 61.58322 ], [ 29.74807, 61.58936 ], [ 29.75464, 61.6031 ], [ 29.78943, 61.62549 ], [ 29.79367, 61.62691 ], [ 29.80321, 61.63499 ], [ 29.81019, 61.63576 ], [ 29.81355, 61.64302 ], [ 29.81309, 61.64599 ], [ 29.81724, 61.65105 ], [ 29.81859, 61.65533 ], [ 29.84548, 61.67055 ], [ 29.86159, 61.67057 ], [ 29.86156, 61.67709 ], [ 29.86403, 61.67704 ], [ 29.86565, 61.68004 ], [ 29.87254, 61.68457 ], [ 30.03815, 61.76541 ], [ 30.04734, 61.77326 ], [ 30.071, 61.81849 ], [ 30.07497, 61.81883 ], [ 30.15566, 61.85799 ], [ 30.19621, 61.88221 ], [ 30.19409, 61.89128 ], [ 30.21143, 61.89271 ], [ 30.27417, 61.93364 ], [ 30.30074, 61.93497 ], [ 30.31279, 61.94498 ], [ 30.30621, 61.96152 ], [ 30.30439, 61.96266 ], [ 30.30611, 61.96455 ], [ 30.32437, 61.97067 ], [ 30.32771, 61.97312 ], [ 30.33759, 61.97325 ], [ 30.35167, 61.98001 ], [ 30.37702, 61.99953 ], [ 30.42347, 62.02278 ], [ 30.43893, 62.03343 ], [ 30.4438, 62.03255 ], [ 30.44709, 62.03471 ], [ 30.44371, 62.03671 ], [ 30.48211, 62.06318 ], [ 30.56565, 62.11942 ], [ 30.60286, 62.14178 ], [ 30.63582, 62.17367 ], [ 30.63394, 62.17867 ], [ 30.62934, 62.18407 ], [ 30.62912, 62.18911 ], [ 30.63645, 62.19217 ], [ 30.65705, 62.20891 ], [ 30.68466, 62.21044 ], [ 30.72031, 62.20888 ], [ 30.74475, 62.22668 ], [ 30.76514, 62.23512 ], [ 30.78919, 62.2508 ], [ 30.8087, 62.26102 ], [ 30.80934, 62.26957 ], [ 30.81081, 62.27067 ], [ 30.83411, 62.27551 ], [ 30.90419, 62.31054 ], [ 30.94321, 62.30585 ], [ 30.95488, 62.31259 ], [ 30.96208, 62.32771 ], [ 30.94274, 62.33322 ], [ 31.13814, 62.44217 ], [ 31.14839, 62.44498 ], [ 31.16281, 62.44608 ], [ 31.16264, 62.45504 ], [ 31.17333, 62.4819 ], [ 31.1862, 62.48758 ], [ 31.18489, 62.49376 ], [ 31.22165, 62.49858 ], [ 31.2453, 62.5232 ], [ 31.24417, 62.52569 ], [ 31.25414, 62.53336 ], [ 31.3454, 62.64033 ], [ 31.3496, 62.64057 ], [ 31.34596, 62.64352 ], [ 31.3617, 62.64471 ], [ 31.37303, 62.64971 ], [ 31.37722, 62.66001 ], [ 31.37585, 62.66891 ], [ 31.37821, 62.67065 ], [ 31.37637, 62.67124 ], [ 31.37938, 62.67193 ], [ 31.38115, 62.67501 ], [ 31.38526, 62.67504 ], [ 31.3851, 62.6824 ], [ 31.38032, 62.68993 ], [ 31.42485, 62.76378 ], [ 31.43921, 62.78488 ], [ 31.46668, 62.78394 ], [ 31.45565, 62.79679 ], [ 31.54004, 62.86723 ], [ 31.58671, 62.90871 ], [ 31.58068, 62.91307 ], [ 31.58132, 62.91431 ], [ 31.57199, 62.91788 ], [ 31.57246, 62.91924 ], [ 31.50213, 62.99625 ], [ 31.44876, 63.00606 ], [ 31.463, 63.02425 ], [ 31.42501, 63.04327 ], [ 31.41087, 63.04197 ], [ 31.38735, 63.04934 ], [ 31.38771, 63.05138 ], [ 31.38181, 63.0541 ], [ 31.38249, 63.05673 ], [ 31.3808, 63.06002 ], [ 31.36088, 63.07224 ], [ 31.29398, 63.09392 ], [ 31.2918, 63.09692 ], [ 31.27819, 63.10301 ], [ 31.27212, 63.10763 ], [ 31.26535, 63.11521 ], [ 31.25543, 63.14185 ], [ 31.2548, 63.17865 ], [ 31.24558, 63.18187 ], [ 31.24259, 63.188 ], [ 31.24392, 63.18898 ], [ 31.23996, 63.19103 ], [ 31.23824, 63.19514 ], [ 31.24086, 63.21367 ], [ 31.23985, 63.21775 ], [ 31.23753, 63.21922 ], [ 31.22178, 63.22379 ], [ 31.21244, 63.22933 ], [ 31.18556, 63.23533 ], [ 31.17867, 63.23994 ], [ 31.16533, 63.24423 ], [ 31.15432, 63.25399 ], [ 31.15536, 63.25583 ], [ 31.15384, 63.25727 ], [ 31.14831, 63.26152 ], [ 31.13879, 63.26498 ], [ 31.13304, 63.26278 ], [ 31.12853, 63.26515 ], [ 31.13151, 63.26554 ], [ 31.1264, 63.26886 ], [ 31.11561, 63.27085 ], [ 31.10207, 63.27087 ], [ 31.09085, 63.27669 ], [ 31.08569, 63.28132 ], [ 31.02067, 63.30324 ], [ 30.99263, 63.30396 ], [ 30.9863, 63.30716 ], [ 30.97919, 63.30784 ], [ 30.94407, 63.33663 ], [ 30.93442, 63.35544 ], [ 30.88448, 63.36309 ], [ 30.87867, 63.36254 ], [ 30.87198, 63.36512 ], [ 30.86673, 63.36447 ], [ 30.84999, 63.36857 ], [ 30.84614, 63.37047 ], [ 30.84731, 63.37233 ], [ 30.84343, 63.37405 ], [ 30.84243, 63.37689 ], [ 30.7877, 63.40527 ], [ 30.66927, 63.42692 ], [ 30.48399, 63.4667 ], [ 30.45849, 63.48543 ], [ 30.38453, 63.54549 ], [ 30.25825, 63.58394 ], [ 30.25501, 63.58674 ], [ 30.24417, 63.60726 ], [ 30.12397, 63.66789 ], [ 30.10872, 63.68012 ], [ 30.0728, 63.69449 ], [ 30.07382, 63.69659 ], [ 30.06814, 63.70118 ], [ 30.06063, 63.70362 ], [ 30.06337, 63.70501 ], [ 30.06482, 63.70796 ], [ 29.97189, 63.75717 ], [ 30.15031, 63.80104 ], [ 30.26042, 63.822 ], [ 30.32091, 63.90953 ], [ 30.35356, 63.93209 ], [ 30.44704, 63.98277 ], [ 30.49269, 64.01759 ], [ 30.52802, 64.04888 ], [ 30.55358, 64.10168 ], [ 30.55343, 64.13224 ], [ 30.51589, 64.15497 ], [ 30.4664, 64.20443 ], [ 30.5096, 64.22169 ], [ 30.48244, 64.26234 ], [ 30.38828, 64.26906 ], [ 30.36078, 64.28132 ], [ 30.36693, 64.29968 ], [ 30.30215, 64.31985 ], [ 30.28549, 64.32983 ], [ 30.21015, 64.35047 ], [ 30.13715, 64.35796 ], [ 30.1099, 64.36505 ], [ 30.04489, 64.40201 ], [ 30.05722, 64.43425 ], [ 30.05004, 64.44163 ], [ 30.05833, 64.45087 ], [ 30.04593, 64.47212 ], [ 30.02438, 64.48299 ], [ 30.0297, 64.50063 ], [ 30.0146, 64.50434 ], [ 29.98696, 64.5339 ], [ 29.99744, 64.57731 ], [ 29.9894, 64.58762 ], [ 30.05434, 64.61527 ], [ 30.11897, 64.62591 ], [ 30.13012, 64.63473 ], [ 30.13584, 64.649 ], [ 30.0537, 64.71305 ], [ 30.0414, 64.74119 ], [ 30.0856, 64.76432 ], [ 30.09106, 64.76495 ], [ 30.08651, 64.77399 ], [ 30.04294, 64.79289 ], [ 30.00719, 64.7915 ], [ 29.99579, 64.79478 ], [ 29.89761, 64.79354 ], [ 29.87916, 64.79225 ], [ 29.86884, 64.78978 ], [ 29.73963, 64.78978 ], [ 29.6875, 64.81881 ], [ 29.6997, 64.83722 ], [ 29.68148, 64.84906 ], [ 29.64493, 64.86648 ], [ 29.61524, 64.91744 ], [ 29.61104, 64.92733 ], [ 29.61919, 64.95966 ], [ 29.59933, 64.99506 ], [ 29.61443, 65.01279 ], [ 29.62697, 65.0606 ], [ 29.71119, 65.0839 ], [ 29.73269, 65.0913 ], [ 29.83095, 65.09193 ], [ 29.87186, 65.10375 ], [ 29.89687, 65.10514 ], [ 29.85282, 65.12723 ], [ 29.86491, 65.13096 ], [ 29.86427, 65.13178 ], [ 29.85016, 65.12857 ], [ 29.81934, 65.14428 ], [ 29.89359, 65.19297 ], [ 29.88567, 65.2063 ], [ 29.85945, 65.21515 ], [ 29.81666, 65.22288 ], [ 29.7641, 65.22889 ], [ 29.74416, 65.2258 ], [ 29.70066, 65.23084 ], [ 29.63393, 65.23157 ], [ 29.60179, 65.25993 ], [ 29.60926, 65.27579 ], [ 29.64606, 65.28908 ], [ 29.74658, 65.34742 ], [ 29.73133, 65.37402 ], [ 29.72736, 65.40034 ], [ 29.73305, 65.4725 ], [ 29.74896, 65.48259 ], [ 29.75471, 65.49736 ], [ 29.79847, 65.52632 ], [ 29.86391, 65.56044 ], [ 29.83086, 65.57679 ], [ 29.75399, 65.60936 ], [ 29.72186, 65.63708 ], [ 30.01712, 65.69648 ], [ 30.0397, 65.68728 ], [ 30.13847, 65.66868 ], [ 30.13407, 65.69972 ], [ 30.11937, 65.75219 ], [ 30.08711, 65.85065 ], [ 30.06845, 65.89498 ], [ 30.05937, 65.91031 ], [ 30.0244, 65.95874 ], [ 30.02422, 65.9667 ], [ 29.99712, 65.97884 ], [ 29.98912, 66.01981 ], [ 29.99255, 66.02073 ], [ 29.99263, 66.02236 ], [ 29.98414, 66.02475 ], [ 29.97359, 66.04077 ], [ 29.98111, 66.044 ], [ 29.97096, 66.04621 ], [ 29.92331, 66.12715 ], [ 29.86049, 66.17018 ], [ 29.71009, 66.26784 ], [ 29.7022, 66.26676 ], [ 29.69664, 66.26849 ], [ 29.69465, 66.27111 ], [ 29.70415, 66.27222 ], [ 29.70694, 66.27419 ], [ 29.69702, 66.27725 ], [ 29.66217, 66.31978 ], [ 29.63136, 66.36629 ], [ 29.59428, 66.40739 ], [ 29.51957, 66.49627 ], [ 29.47206, 66.5439 ], [ 29.4207, 66.57978 ], [ 29.41453, 66.58042 ], [ 29.41101, 66.58335 ], [ 29.41146, 66.58548 ], [ 29.41709, 66.58952 ], [ 29.41659, 66.5925 ], [ 29.41035, 66.59224 ], [ 29.40612, 66.59619 ], [ 29.40145, 66.59723 ], [ 29.38281, 66.59846 ], [ 29.3764, 66.60376 ], [ 29.3861, 66.6075 ], [ 29.3602, 66.6256 ], [ 29.36056, 66.62932 ], [ 29.35501, 66.63809 ], [ 29.35692, 66.63845 ], [ 29.35765, 66.64108 ], [ 29.3544, 66.64134 ], [ 29.30193, 66.6763 ], [ 29.14965, 66.78029 ], [ 29.13961, 66.77981 ], [ 29.13514, 66.78189 ], [ 29.13664, 66.78314 ], [ 29.13285, 66.78418 ], [ 29.13195, 66.78707 ], [ 29.10586, 66.79045 ], [ 29.10357, 66.79574 ], [ 29.11874, 66.80139 ], [ 29.11548, 66.80284 ], [ 29.11698, 66.80346 ], [ 29.06052, 66.8531 ], [ 29.03317, 66.92552 ], [ 29.03415, 66.94387 ], [ 29.04095, 66.96152 ], [ 29.07325, 66.99615 ], [ 29.38625, 67.19415 ], [ 29.51652, 67.28065 ], [ 29.51171, 67.28131 ], [ 29.50447, 67.28562 ], [ 29.50557, 67.28789 ], [ 29.5097, 67.28936 ], [ 29.51412, 67.29354 ], [ 29.51723, 67.30215 ], [ 29.52239, 67.30634 ], [ 29.52245, 67.30984 ], [ 29.52742, 67.31135 ], [ 29.53815, 67.31049 ], [ 29.53604, 67.30916 ], [ 29.53913, 67.30834 ], [ 29.55496, 67.31234 ], [ 29.57098, 67.31081 ], [ 29.56978, 67.31197 ], [ 29.58008, 67.31591 ], [ 29.56434, 67.31932 ], [ 29.56654, 67.31965 ], [ 29.56606, 67.32242 ], [ 29.57847, 67.32389 ], [ 29.57955, 67.32725 ], [ 29.58446, 67.33068 ], [ 29.58978, 67.32855 ], [ 29.59264, 67.32945 ], [ 29.61144, 67.3264 ], [ 29.61566, 67.32739 ], [ 29.61686, 67.32965 ], [ 29.63612, 67.33286 ], [ 29.6398, 67.33561 ], [ 29.64454, 67.33592 ], [ 29.64249, 67.33626 ], [ 29.6445, 67.33732 ], [ 29.64335, 67.33978 ], [ 29.64538, 67.3403 ], [ 29.64297, 67.34152 ], [ 29.61602, 67.34572 ], [ 29.62268, 67.34952 ], [ 29.62131, 67.35072 ], [ 29.62352, 67.35235 ], [ 29.64626, 67.35463 ], [ 29.64511, 67.35569 ], [ 29.64749, 67.35838 ], [ 29.65136, 67.36032 ], [ 29.65067, 67.365 ], [ 29.65805, 67.36914 ], [ 29.65771, 67.3705 ], [ 29.67612, 67.3724 ], [ 29.68499, 67.38018 ], [ 29.70654, 67.3874 ], [ 29.71562, 67.39228 ], [ 29.71721, 67.39386 ], [ 29.71483, 67.39817 ], [ 29.76245, 67.42489 ], [ 29.84006, 67.47918 ], [ 29.85925, 67.49043 ], [ 29.93023, 67.52252 ], [ 29.96044, 67.57774 ], [ 30.01706, 67.67354 ], [ 29.86527, 67.72962 ], [ 29.65942, 67.80296 ], [ 29.45659, 67.97015 ], [ 29.32709, 68.07454 ], [ 28.64613, 68.1963 ], [ 28.43393, 68.53967 ], [ 28.70641, 68.73224 ], [ 28.80078, 68.86929 ], [ 28.66128, 68.88642 ], [ 28.46802, 68.88543 ], [ 28.41579, 68.91545 ], [ 28.49579, 68.93012 ], [ 28.92929, 69.05191 ], [ 29.01986, 69.02519 ], [ 29.04144, 69.01083 ], [ 29.05665, 69.01523 ], [ 29.09441, 69.03952 ], [ 29.14237, 69.06308 ], [ 29.15971, 69.06706 ], [ 29.24214, 69.11302 ], [ 29.23598, 69.11979 ], [ 29.23101, 69.12169 ], [ 29.2325, 69.12459 ], [ 29.23916, 69.12528 ], [ 29.24338, 69.128 ], [ 29.24416, 69.13042 ], [ 29.23929, 69.13814 ], [ 29.24695, 69.1471 ], [ 29.25761, 69.15408 ], [ 29.24872, 69.16153 ], [ 29.26472, 69.16361 ], [ 29.28649, 69.1692 ], [ 29.28355, 69.17198 ], [ 29.2827, 69.17525 ], [ 29.28947, 69.17737 ], [ 29.29467, 69.18662 ], [ 29.29221, 69.1938 ], [ 29.29651, 69.19783 ], [ 29.29264, 69.20562 ], [ 29.30569, 69.20978 ], [ 29.30097, 69.21481 ], [ 29.30122, 69.21922 ], [ 29.30646, 69.22633 ], [ 29.31399, 69.23123 ], [ 29.31372, 69.23605 ], [ 29.30961, 69.23978 ], [ 29.2984, 69.24392 ], [ 29.28256, 69.24675 ], [ 29.27697, 69.25076 ], [ 29.27601, 69.27358 ], [ 29.2777, 69.27729 ], [ 29.28222, 69.28069 ], [ 29.28557, 69.29345 ], [ 29.29234, 69.29793 ], [ 29.31982, 69.30184 ], [ 29.33525, 69.30781 ], [ 29.36546, 69.31332 ], [ 29.37032, 69.31649 ], [ 29.39652, 69.32369 ], [ 29.40848, 69.31922 ], [ 29.41533, 69.31838 ], [ 29.43741, 69.32135 ], [ 29.48506, 69.32193 ], [ 29.49812, 69.32492 ], [ 29.50463, 69.32864 ], [ 29.51404, 69.32707 ], [ 29.5239, 69.32918 ], [ 29.52662, 69.32843 ], [ 29.52947, 69.32139 ], [ 29.53731, 69.31733 ], [ 29.54941, 69.31625 ], [ 29.57045, 69.31788 ], [ 29.62497, 69.33749 ], [ 29.64223, 69.34684 ], [ 29.66406, 69.35241 ], [ 29.69507, 69.36345 ], [ 29.69746, 69.36568 ], [ 29.69663, 69.36913 ], [ 29.69809, 69.37189 ], [ 29.70847, 69.37679 ], [ 29.71298, 69.38088 ], [ 29.71378, 69.38353 ], [ 29.72214, 69.38748 ], [ 29.72265, 69.38909 ], [ 29.74764, 69.39138 ], [ 29.75608, 69.39385 ], [ 29.77158, 69.39425 ], [ 29.77891, 69.39811 ], [ 29.78779, 69.39766 ], [ 29.79701, 69.40411 ], [ 29.7976, 69.40654 ], [ 29.82631, 69.41405 ], [ 29.8505, 69.42281 ], [ 29.87074, 69.42397 ], [ 29.90099, 69.41796 ], [ 29.9158, 69.41856 ], [ 29.93174, 69.41344 ], [ 29.93084, 69.41016 ], [ 29.93441, 69.40698 ], [ 29.94815, 69.405 ], [ 29.9683, 69.40621 ], [ 30.01258, 69.4169 ], [ 30.03453, 69.42468 ], [ 30.04548, 69.43032 ], [ 30.077, 69.45355 ], [ 30.11689, 69.46925 ], [ 30.11751, 69.47137 ], [ 30.11193, 69.47917 ], [ 30.11836, 69.48741 ], [ 30.11658, 69.49956 ], [ 30.11889, 69.51051 ], [ 30.12238, 69.51668 ], [ 30.12979, 69.52297 ], [ 30.14284, 69.5262 ], [ 30.15034, 69.53121 ], [ 30.17229, 69.53398 ], [ 30.17846, 69.53984 ], [ 30.17976, 69.54565 ], [ 30.1856, 69.55057 ], [ 30.18061, 69.55877 ], [ 30.18657, 69.56275 ], [ 30.1883, 69.56846 ], [ 30.1793, 69.57914 ], [ 30.18043, 69.58535 ], [ 30.16809, 69.5913 ], [ 30.16082, 69.59929 ], [ 30.15859, 69.60672 ], [ 30.15293, 69.60878 ], [ 30.15459, 69.613 ], [ 30.15173, 69.61621 ], [ 30.14927, 69.62819 ], [ 30.14597, 69.63091 ], [ 30.13783, 69.64352 ], [ 30.09129, 69.64284 ], [ 30.08529, 69.6581 ], [ 30.11196, 69.66374 ], [ 30.15167, 69.66938 ], [ 30.22403, 69.65312 ], [ 30.30383, 69.62887 ], [ 30.41772, 69.58991 ], [ 30.50756, 69.54796 ], [ 30.51598, 69.54042 ], [ 30.56618, 69.54209 ], [ 30.66422, 69.54069 ], [ 30.74461, 69.53286 ], [ 30.76036, 69.53376 ], [ 30.7714, 69.53168 ], [ 30.78747, 69.53244 ], [ 30.80348, 69.52886 ], [ 30.81676, 69.52874 ], [ 30.82295, 69.5314 ], [ 30.83099, 69.53161 ], [ 30.83936, 69.53521 ], [ 30.86233, 69.53785 ], [ 30.86477, 69.5401 ], [ 30.86817, 69.53999 ], [ 30.88496, 69.54592 ], [ 30.8905, 69.54984 ], [ 30.90077, 69.55258 ], [ 30.9143, 69.5535 ], [ 30.93246, 69.56012 ], [ 30.93894, 69.56103 ], [ 30.9395, 69.5629 ], [ 30.93767, 69.56594 ], [ 30.93954, 69.56903 ], [ 30.93845, 69.57149 ], [ 30.94649, 69.57619 ], [ 30.94431, 69.57846 ], [ 30.94459, 69.58094 ], [ 30.94292, 69.58161 ], [ 30.94615, 69.58604 ], [ 30.94556, 69.5882 ], [ 30.94735, 69.59098 ], [ 30.94621, 69.59261 ], [ 30.93987, 69.59421 ], [ 30.9385, 69.59663 ], [ 30.94079, 69.59888 ], [ 30.94922, 69.60191 ], [ 30.9476, 69.60774 ], [ 30.95228, 69.61114 ], [ 30.95309, 69.61438 ], [ 30.94915, 69.61892 ], [ 30.95003, 69.62304 ], [ 30.95205, 69.6238 ], [ 30.95178, 69.62818 ], [ 30.95438, 69.62904 ], [ 30.95425, 69.63241 ], [ 30.95136, 69.63507 ], [ 30.95274, 69.63765 ], [ 30.9518, 69.63856 ], [ 30.93918, 69.64375 ], [ 30.93948, 69.64666 ], [ 30.93378, 69.64789 ], [ 30.93279, 69.65006 ], [ 30.93451, 69.65382 ], [ 30.92948, 69.65755 ], [ 30.93191, 69.66244 ], [ 30.92532, 69.66417 ], [ 30.92338, 69.66978 ], [ 30.92799, 69.67471 ], [ 30.93647, 69.67432 ], [ 30.93423, 69.67637 ], [ 30.94065, 69.67394 ], [ 30.94658, 69.67419 ], [ 30.94167, 69.67619 ], [ 30.9464, 69.67788 ], [ 30.94245, 69.68185 ], [ 30.94444, 69.68318 ], [ 30.93529, 69.68569 ], [ 30.93635, 69.68718 ], [ 30.93006, 69.68471 ], [ 30.92339, 69.69112 ], [ 30.91649, 69.69112 ], [ 30.91985, 69.69449 ], [ 30.90952, 69.69792 ], [ 30.90879, 69.70052 ], [ 30.89928, 69.70166 ], [ 30.896, 69.69956 ], [ 30.89244, 69.7007 ], [ 30.89078, 69.70295 ], [ 30.89931, 69.70363 ], [ 30.88586, 69.70689 ], [ 30.88141, 69.70977 ], [ 30.88079, 69.71278 ], [ 30.87366, 69.71494 ], [ 30.87775, 69.71867 ], [ 30.88368, 69.71749 ], [ 30.89084, 69.72003 ], [ 30.88766, 69.72472 ], [ 30.89336, 69.72918 ], [ 30.88511, 69.73105 ], [ 30.89158, 69.73311 ], [ 30.89059, 69.73525 ], [ 30.88827, 69.73554 ], [ 30.8906, 69.73727 ], [ 30.88635, 69.73951 ], [ 30.87915, 69.7378 ], [ 30.87945, 69.74116 ], [ 30.87263, 69.74167 ], [ 30.8733, 69.74461 ], [ 30.86971, 69.74659 ], [ 30.87149, 69.74837 ], [ 30.86792, 69.75125 ], [ 30.87739, 69.75049 ], [ 30.86988, 69.75305 ], [ 30.8725, 69.75567 ], [ 30.86735, 69.75634 ], [ 30.86716, 69.75293 ], [ 30.86139, 69.75283 ], [ 30.86257, 69.75651 ], [ 30.86731, 69.75864 ], [ 30.85995, 69.76328 ], [ 30.85581, 69.7632 ], [ 30.8544, 69.76047 ], [ 30.85025, 69.76134 ], [ 30.85439, 69.76438 ], [ 30.85008, 69.76625 ], [ 30.85282, 69.76945 ], [ 30.84696, 69.76928 ], [ 30.8465, 69.77117 ], [ 30.83977, 69.77256 ], [ 30.83961, 69.77638 ], [ 30.84301, 69.77801 ], [ 30.83024, 69.78216 ], [ 30.8219, 69.78791 ], [ 30.82154, 69.79129 ], [ 30.81764, 69.79484 ], [ 31.10433, 69.9793 ], [ 31.5054, 70.12089 ], [ 31.58559, 70.14375 ], [ 31.63574, 70.23732 ], [ 31.73291, 70.32652 ], [ 31.75226, 70.35259 ], [ 31.75931, 70.37035 ], [ 31.76105, 70.3793 ], [ 31.76093, 70.39722 ], [ 31.75398, 70.42015 ], [ 31.74312, 70.4377 ], [ 31.7181, 70.46323 ], [ 31.69576, 70.47951 ], [ 31.67459, 70.49255 ], [ 31.62095, 70.51876 ], [ 31.56818, 70.53906 ], [ 31.2226, 70.64439 ], [ 30.60941, 70.82657 ], [ 30.47003, 70.86328 ], [ 30.38104, 70.88251 ], [ 29.56614, 71.02361 ], [ 29.16078, 71.1207 ], [ 28.55561, 71.2623 ], [ 28.4672, 71.27927 ], [ 28.3897, 71.2894 ], [ 28.29963, 71.29683 ], [ 27.71778, 71.33228 ], [ 26.26018, 71.37474 ], [ 25.68271, 71.38488 ], [ 25.62664, 71.38428 ], [ 25.54345, 71.38035 ], [ 24.62925, 71.31408 ], [ 23.98879, 71.29997 ], [ 23.82842, 71.29106 ], [ 23.72308, 71.27933 ], [ 23.52769, 71.24534 ], [ 22.47638, 71.02706 ], [ 21.71553, 70.85528 ], [ 20.47973, 70.70362 ], [ 19.69158, 70.60166 ], [ 18.84717, 70.4872 ], [ 18.35949, 70.39927 ], [ 18.29322, 70.38503 ], [ 18.2518, 70.37375 ], [ 18.21361, 70.36125 ], [ 18.16305, 70.34045 ], [ 17.90188, 70.21574 ], [ 17.45195, 69.99304 ], [ 17.42467, 69.97775 ], [ 17.05551, 69.74504 ], [ 16.67701, 69.66702 ], [ 16.25435, 69.5967 ], [ 15.78997, 69.51772 ], [ 15.74075, 69.50815 ], [ 15.6986, 69.49801 ], [ 15.15547, 69.35232 ], [ 14.81584, 69.25933 ], [ 14.76815, 69.24455 ], [ 14.7337, 69.23144 ], [ 14.1889, 69.00103 ], [ 13.86677, 68.86077 ], [ 13.83995, 68.84569 ], [ 13.81701, 68.8298 ], [ 13.72163, 68.74621 ], [ 13.26398, 68.46356 ], [ 12.80213, 68.33745 ], [ 12.7504, 68.31857 ], [ 12.6214, 68.25878 ], [ 12.58417, 68.23573 ], [ 12.30589, 68.03131 ], [ 12.28843, 68.01696 ], [ 12.27236, 68.00007 ], [ 12.12847, 67.8228 ], [ 11.67122, 67.6882 ], [ 11.48558, 67.62281 ], [ 11.45464, 67.60931 ], [ 11.41458, 67.58719 ], [ 11.39241, 67.57139 ], [ 11.36638, 67.54642 ], [ 11.32133, 67.48385 ], [ 11.31012, 67.46421 ], [ 11.30449, 67.44641 ], [ 11.30306, 67.42849 ], [ 11.30583, 67.4106 ], [ 11.31776, 67.38411 ], [ 11.34569, 67.34652 ], [ 11.35917, 67.33105 ], [ 11.66753, 67.0156 ], [ 11.85883, 66.81537 ], [ 11.64795, 66.72112 ], [ 11.62021, 66.70695 ], [ 11.58496, 66.68397 ], [ 11.56598, 66.6677 ], [ 11.29777, 66.40449 ], [ 11.09139, 66.19781 ], [ 11.07159, 66.17215 ], [ 10.95389, 65.97142 ], [ 10.79868, 65.70181 ], [ 10.57911, 65.47118 ], [ 10.36595, 65.26521 ], [ 10.08937, 64.99272 ], [ 10.07523, 64.97676 ], [ 10.01168, 64.89416 ], [ 9.99696, 64.86981 ], [ 9.69982, 64.72845 ], [ 9.32524, 64.54729 ], [ 8.94048, 64.35771 ], [ 8.35983, 64.14058 ], [ 8.15927, 64.06423 ], [ 8.11607, 64.04495 ], [ 8.09014, 64.03107 ], [ 7.6481, 63.76817 ], [ 7.46216, 63.65573 ], [ 7.35803, 63.58078 ], [ 6.83893, 63.2598 ], [ 6.33807, 63.09133 ], [ 5.99618, 62.97421 ], [ 5.96366, 62.9618 ], [ 5.67121, 62.82642 ], [ 5.50861, 62.74766 ], [ 4.94909, 62.47193 ], [ 4.91448, 62.45226 ], [ 4.6946, 62.2943 ], [ 4.66703, 62.27067 ], [ 4.50614, 62.10591 ], [ 4.2265, 61.78346 ], [ 4.17482, 61.72291 ], [ 4.16292, 61.70588 ], [ 4.1543, 61.68841 ], [ 4.14766, 61.6617 ], [ 4.08798, 61.08376 ], [ 4.08935, 61.02322 ], [ 4.09301, 61.00255 ], [ 4.10408, 60.97619 ], [ 4.33112, 60.57051 ], [ 4.49394, 60.27222 ], [ 4.64919, 59.77488 ], [ 4.67207, 59.66496 ], [ 4.48351, 59.36889 ], [ 4.46469, 59.33093 ], [ 4.45618, 59.30489 ], [ 4.45451, 59.27799 ], [ 4.46049, 59.24733 ], [ 4.47048, 59.22108 ], [ 4.48098, 59.20396 ], [ 4.50221, 59.17935 ], [ 4.52842, 59.15725 ], [ 4.56109, 59.13621 ], [ 4.61257, 59.11201 ], [ 4.89516, 59.00064 ], [ 5.00594, 58.92315 ], [ 5.04915, 58.82773 ], [ 5.11671, 58.69271 ], [ 5.17724, 58.60297 ], [ 5.19336, 58.58275 ], [ 5.21576, 58.55946 ], [ 5.32732, 58.45607 ], [ 5.35209, 58.43595 ], [ 5.41561, 58.39453 ], [ 5.5786, 58.29713 ], [ 5.62302, 58.27372 ], [ 6.38223, 57.91823 ], [ 6.41992, 57.90315 ], [ 6.50206, 57.87801 ], [ 6.87902, 57.7958 ], [ 6.92756, 57.78856 ], [ 7.13063, 57.76583 ], [ 7.19739, 57.76214 ], [ 7.55742, 57.75901 ], [ 7.6057, 57.76018 ], [ 7.67657, 57.76467 ], [ 7.72557, 57.77089 ], [ 7.78541, 57.78148 ], [ 8.16305, 57.86488 ], [ 8.42294, 57.93033 ], [ 8.46634, 57.94417 ], [ 8.49317, 57.95507 ], [ 8.73543, 58.07225 ], [ 8.93095, 58.16922 ], [ 9.36409, 58.42566 ], [ 9.78836, 58.67228 ], [ 10.07383, 58.74792 ], [ 10.27092, 58.77503 ], [ 10.5931, 58.76096 ], [ 10.5935, 58.76217 ], [ 10.6395, 58.51554 ], [ 10.64335, 58.50176 ], [ 10.65254, 58.48144 ], [ 10.67098, 58.45533 ], [ 10.84806, 58.25804 ], [ 10.96272, 58.04129 ], [ 10.99692, 57.9804 ], [ 11.14757, 57.83464 ], [ 11.20256, 57.67466 ], [ 11.52086, 57.45303 ], [ 11.58585, 57.38304 ], [ 11.68417, 57.17306 ], [ 12.0058, 56.97309 ], [ 12.27631, 56.66106 ], [ 12.29875, 56.637 ], [ 12.11746, 56.38316 ], [ 12.32587, 56.3025 ], [ 12.32948, 56.28641 ], [ 12.3404, 56.27063 ], [ 12.35903, 56.25494 ], [ 12.38839, 56.24019 ], [ 12.36519, 56.2148 ], [ 12.36783, 56.21396 ], [ 12.34156, 56.18408 ], [ 12.03311, 56.28194 ], [ 11.99685, 56.36801 ], [ 11.74961, 56.40378 ], [ 11.69993, 56.4076 ], [ 11.65214, 56.40769 ], [ 11.60475, 56.40429 ], [ 11.55857, 56.39748 ], [ 11.51442, 56.38737 ], [ 11.50661, 56.38181 ], [ 11.25278, 56.13667 ], [ 11.17167, 56.11167 ], [ 11.14833, 56.09667 ], [ 11.0, 55.94167 ], [ 10.79333, 55.77222 ], [ 10.78, 55.75 ], [ 10.78194, 55.73333 ], [ 10.8, 55.70833 ], [ 10.70667, 55.66167 ], [ 10.70889, 55.75833 ], [ 10.72833, 55.78 ], [ 10.73, 55.81167 ], [ 10.75, 55.83833 ], [ 10.86333, 55.90417 ], [ 10.87667, 55.91333 ], [ 10.88333, 55.93 ], [ 11.2675, 56.31111 ], [ 11.28, 56.33082 ], [ 11.28063, 56.34071 ], [ 11.29885, 56.36182 ], [ 11.3141, 56.38693 ], [ 11.3238, 56.41436 ], [ 11.32702, 56.44199 ], [ 11.32365, 56.46953 ], [ 11.31422, 56.4955 ], [ 11.29827, 56.52126 ], [ 11.27185, 56.55226 ], [ 11.30059, 56.53666 ], [ 11.34284, 56.51862 ], [ 11.38816, 56.50426 ], [ 11.43243, 56.49414 ], [ 11.50712, 56.48434 ], [ 11.55489, 56.48258 ], [ 11.60771, 56.48443 ], [ 11.67212, 56.49135 ], [ 11.70298, 56.49668 ], [ 11.74492, 56.50628 ], [ 11.79465, 56.52246 ], [ 11.84606, 56.54586 ], [ 11.8779, 56.56568 ], [ 11.89016, 56.57492 ], [ 11.9083, 56.60138 ], [ 11.84597, 56.75444 ], [ 11.71206, 56.93598 ], [ 11.65275, 56.93896 ], [ 11.60439, 56.93729 ], [ 11.53768, 56.92917 ], [ 11.462, 56.92501 ], [ 11.41522, 56.91815 ], [ 11.3705, 56.90799 ], [ 11.31038, 56.88757 ], [ 11.27001, 56.86836 ], [ 11.22307, 56.83828 ], [ 11.19637, 56.8162 ], [ 11.18506, 56.80449 ], [ 11.16677, 56.77997 ], [ 11.15448, 56.75436 ], [ 11.15066, 56.74127 ], [ 11.14772, 56.71483 ], [ 11.15113, 56.68769 ], [ 11.15516, 56.67462 ], [ 11.16781, 56.64906 ], [ 11.18639, 56.62463 ], [ 11.21939, 56.59243 ], [ 11.18775, 56.61123 ], [ 11.168, 56.62957 ], [ 11.15391, 56.64031 ], [ 11.12204, 56.66015 ], [ 11.08136, 56.682 ], [ 11.06266, 56.69035 ], [ 11.01416, 56.70746 ], [ 10.95393, 56.72184 ], [ 10.89592, 56.73232 ], [ 10.8624, 56.73672 ], [ 10.79233, 56.74033 ], [ 10.71192, 56.73747 ], [ 10.70059, 56.75928 ], [ 10.69117, 56.77242 ], [ 10.6811, 56.79072 ], [ 10.66211, 56.81508 ], [ 10.64515, 56.83177 ], [ 10.64267, 56.83724 ], [ 10.64028, 56.85888 ], [ 10.66197, 56.88015 ], [ 10.67171, 56.89228 ], [ 10.67998, 56.90474 ], [ 10.6903, 56.9262 ], [ 10.73564, 56.99275 ], [ 10.74772, 57.01841 ], [ 10.75228, 57.03674 ], [ 10.75584, 57.04477 ], [ 10.81322, 57.02328 ], [ 10.85696, 57.01178 ], [ 10.90306, 57.00347 ], [ 10.95074, 56.9985 ], [ 10.9992, 56.99695 ], [ 11.04761, 56.99885 ], [ 11.09516, 57.00416 ], [ 11.15597, 57.01387 ], [ 11.22215, 57.03039 ], [ 11.28122, 57.05361 ], [ 11.3103, 57.06918 ], [ 11.46983, 57.16427 ], [ 11.50685, 57.19165 ], [ 11.31431, 57.42814 ], [ 11.2238, 57.52339 ], [ 11.03368, 57.55879 ], [ 11.01335, 57.56144 ], [ 11.02468, 57.73118 ], [ 10.97531, 57.7845 ], [ 10.72633, 57.94096 ], [ 10.71663, 57.94442 ], [ 10.64767, 57.95119 ], [ 10.57589, 57.95183 ], [ 10.51621, 57.94726 ], [ 10.45014, 57.93711 ], [ 10.41187, 57.92916 ], [ 10.36758, 57.91709 ], [ 10.29722, 57.89131 ], [ 10.1769, 57.83693 ], [ 10.10576, 57.80295 ], [ 10.07616, 57.79284 ], [ 9.97455, 57.79622 ], [ 9.90034, 57.79406 ], [ 9.82838, 57.78416 ], [ 9.78304, 57.77345 ], [ 9.74075, 57.75965 ], [ 9.70222, 57.74301 ], [ 9.66909, 57.72582 ], [ 9.64541, 57.71132 ], [ 9.61378, 57.68782 ], [ 9.56455, 57.639 ], [ 9.51527, 57.6118 ], [ 9.47666, 57.58384 ], [ 9.4549, 57.56333 ], [ 9.43386, 57.54007 ], [ 9.3905, 57.48132 ], [ 9.37439, 57.46686 ], [ 9.34947, 57.43838 ], [ 9.30911, 57.39902 ], [ 9.26592, 57.36397 ], [ 9.23534, 57.35072 ], [ 9.18631, 57.34307 ], [ 9.13969, 57.35192 ], [ 9.09195, 57.35791 ], [ 9.04317, 57.36046 ], [ 8.96215, 57.35963 ], [ 8.90585, 57.35641 ], [ 8.83501, 57.34595 ], [ 8.7905, 57.33489 ], [ 8.73938, 57.31703 ], [ 8.70316, 57.32262 ], [ 8.65479, 57.32674 ], [ 8.57831, 57.3277 ], [ 8.52962, 57.32486 ], [ 8.48205, 57.31859 ], [ 8.41458, 57.303 ], [ 8.37334, 57.28875 ], [ 8.33336, 57.27065 ], [ 8.3004, 57.25109 ], [ 8.28577, 57.24047 ], [ 8.26218, 57.2195 ], [ 8.24712, 57.20233 ], [ 8.21697, 57.18821 ], [ 8.18415, 57.16861 ], [ 8.15154, 57.14338 ], [ 8.11679, 57.10858 ], [ 8.09002, 57.09423 ], [ 8.05977, 57.07348 ], [ 8.04248, 57.0585 ], [ 8.00518, 57.02091 ], [ 7.92734, 56.93312 ], [ 7.90744, 56.90419 ], [ 7.8862, 56.86901 ], [ 7.86716, 56.82255 ], [ 7.85958, 56.79221 ], [ 7.84283, 56.75722 ], [ 7.82143, 56.72714 ], [ 7.8082, 56.70519 ], [ 7.7898, 56.66206 ], [ 7.78125, 56.64745 ], [ 7.76572, 56.61154 ], [ 7.75736, 56.58696 ], [ 7.75038, 56.55402 ], [ 7.74798, 56.53256 ], [ 7.74843, 56.49782 ], [ 7.75466, 56.46526 ], [ 7.74916, 56.40323 ], [ 7.74897, 56.3636 ], [ 7.75338, 56.3332 ], [ 7.75376, 56.29818 ], [ 7.76129, 56.25636 ], [ 7.76273, 56.23058 ], [ 7.76052, 56.219 ], [ 7.75967, 56.1948 ], [ 7.75221, 56.16273 ], [ 7.73905, 56.08836 ], [ 7.73723, 56.05686 ], [ 7.73858, 56.03066 ], [ 7.74087, 56.01501 ], [ 7.74779, 55.99074 ], [ 7.75349, 55.96228 ], [ 7.76517, 55.93661 ], [ 7.78619, 55.90823 ], [ 7.80104, 55.83363 ], [ 7.81132, 55.79366 ], [ 7.81837, 55.77357 ], [ 7.81042, 55.75325 ], [ 7.78967, 55.71154 ], [ 7.76159, 55.66221 ], [ 7.73698, 55.63025 ], [ 7.72331, 55.60268 ], [ 7.71635, 55.57551 ], [ 7.71533, 55.56227 ], [ 7.71786, 55.53581 ], [ 7.72645, 55.50976 ], [ 7.7415, 55.48362 ], [ 7.76164, 55.45972 ], [ 7.78707, 55.43751 ], [ 7.81735, 55.41737 ], [ 7.83415, 55.40819 ], [ 7.87071, 55.39178 ], [ 7.91586, 55.37665 ], [ 7.9888, 55.35779 ], [ 8.05504, 55.28521 ], [ 8.04892, 55.21322 ], [ 8.04438, 55.09916 ], [ 8.04169, 55.08642 ], [ 8.02649, 55.06267 ], [ 8.0071, 55.03797 ], [ 7.9848, 55.00441 ], [ 7.95991, 54.95811 ], [ 7.9498, 54.93008 ], [ 7.94144, 54.88527 ], [ 7.9368, 54.83522 ], [ 7.93621, 54.7966 ], [ 7.93127, 54.76285 ], [ 7.93133, 54.74424 ], [ 7.94788, 54.6413 ], [ 7.95416, 54.62232 ], [ 7.96458, 54.60157 ], [ 8.09227, 54.42557 ], [ 8.16141, 54.33332 ], [ 8.12594, 54.35151 ], [ 8.10005, 54.36198 ], [ 8.07258, 54.37104 ], [ 8.02899, 54.38171 ], [ 7.99871, 54.38682 ], [ 7.95208, 54.39137 ], [ 7.84594, 54.39374 ], [ 7.78191, 54.38843 ], [ 7.73566, 54.37985 ], [ 7.70622, 54.37204 ], [ 7.67816, 54.36262 ], [ 7.63927, 54.34571 ], [ 7.61583, 54.33271 ], [ 7.59461, 54.31846 ], [ 7.57577, 54.30309 ], [ 7.55244, 54.27829 ], [ 7.54033, 54.26076 ], [ 7.53111, 54.24268 ], [ 7.52486, 54.22412 ], [ 7.52163, 54.20534 ], [ 7.52144, 54.18645 ], [ 7.52688, 54.15831 ], [ 7.53902, 54.1309 ], [ 7.55763, 54.10476 ], [ 7.57344, 54.08831 ], [ 7.61186, 54.05551 ], [ 7.64147, 54.03384 ], [ 7.66391, 54.02084 ], [ 7.6883, 54.00912 ], [ 7.72805, 53.99414 ], [ 7.69783, 53.98409 ], [ 7.61872, 53.97767 ], [ 7.58697, 53.97248 ], [ 7.53297, 53.96039 ], [ 7.45472, 53.95909 ], [ 7.39455, 53.95311 ], [ 7.35241, 53.94603 ], [ 7.28988, 53.92998 ], [ 7.26141, 53.92642 ], [ 7.20319, 53.92631 ], [ 7.11239, 53.91939 ], [ 7.0798, 53.91417 ], [ 7.03794, 53.90497 ], [ 6.96016, 53.88478 ], [ 6.89683, 53.87809 ], [ 6.80042, 53.87425 ], [ 6.72686, 53.86339 ], [ 6.69597, 53.85645 ], [ 6.66639, 53.84772 ], [ 6.63842, 53.83736 ], [ 6.59203, 53.81633 ], [ 6.53025, 53.80869 ], [ 6.50056, 53.80236 ], [ 6.45825, 53.78981 ], [ 6.40728, 53.76783 ], [ 6.36716, 53.74283 ], [ 6.29983, 53.73493 ], [ 6.26322, 53.72799 ], [ 6.22824, 53.71868 ], [ 6.19574, 53.70726 ], [ 6.12701, 53.70859 ], [ 6.01192, 53.70491 ], [ 5.98016, 53.70116 ], [ 5.93392, 53.69217 ], [ 5.88589, 53.67773 ], [ 5.846, 53.66735 ], [ 5.83874, 53.66672 ], [ 5.79266, 53.66456 ], [ 5.75861, 53.67164 ], [ 5.72476, 53.67649 ], [ 5.68966, 53.67932 ], [ 5.65528, 53.67998 ], [ 5.61859, 53.67839 ], [ 5.58185, 53.67437 ], [ 5.54326, 53.67536 ], [ 5.50371, 53.67365 ], [ 5.46463, 53.66918 ], [ 5.42812, 53.66235 ], [ 5.40003, 53.65516 ], [ 5.37216, 53.64612 ], [ 5.32266, 53.62429 ], [ 5.12889, 53.5927 ], [ 5.0141, 53.56825 ], [ 4.98784, 53.56113 ], [ 4.96277, 53.55272 ], [ 4.88888, 53.52269 ], [ 4.82976, 53.49291 ], [ 4.80905, 53.47985 ], [ 4.78953, 53.465 ], [ 4.77246, 53.44911 ], [ 4.75837, 53.43282 ], [ 4.71468, 53.40971 ], [ 4.68135, 53.39941 ], [ 4.6263, 53.37864 ], [ 4.59302, 53.36162 ], [ 4.56391, 53.34227 ], [ 4.53929, 53.3208 ], [ 4.51951, 53.29754 ], [ 4.5094, 53.28158 ], [ 4.50161, 53.26517 ], [ 4.49617, 53.24836 ], [ 4.49317, 53.23154 ], [ 4.44792, 53.18519 ], [ 4.42078, 53.1522 ], [ 4.40832, 53.13311 ], [ 4.39274, 53.10226 ], [ 4.37823, 53.08737 ], [ 4.36594, 53.07181 ], [ 4.34539, 53.04005 ], [ 4.33629, 53.02201 ], [ 4.33052, 53.0053 ], [ 4.32715, 52.98835 ], [ 4.32618, 52.97129 ], [ 4.32764, 52.95425 ], [ 4.33149, 52.93734 ], [ 4.34455, 52.89817 ], [ 4.35155, 52.88256 ], [ 4.36082, 52.86704 ], [ 4.33437, 52.82482 ], [ 4.31505, 52.77625 ], [ 4.30856, 52.75057 ], [ 4.30454, 52.71391 ], [ 4.2804, 52.59154 ], [ 4.26225, 52.57687 ], [ 4.24601, 52.56081 ], [ 4.23234, 52.54389 ], [ 4.22135, 52.52625 ], [ 4.21162, 52.50367 ], [ 4.20623, 52.48035 ], [ 4.20535, 52.457 ], [ 4.20881, 52.43414 ], [ 4.19345, 52.409 ], [ 4.15649, 52.36097 ], [ 4.09403, 52.29188 ], [ 4.06308, 52.26631 ], [ 4.0369, 52.25343 ], [ 4.01377, 52.23947 ], [ 3.99317, 52.22428 ], [ 3.97581, 52.20859 ], [ 3.93776, 52.18461 ], [ 3.90578, 52.17967 ], [ 3.84424, 52.16527 ], [ 3.79394, 52.14687 ], [ 3.74799, 52.12266 ], [ 3.72396, 52.10654 ], [ 3.70596, 52.09221 ], [ 3.67669, 52.06265 ], [ 3.65468, 52.03021 ], [ 3.64696, 52.01377 ], [ 3.64107, 51.99638 ], [ 3.63761, 51.97965 ], [ 3.56616, 51.94485 ], [ 3.54332, 51.93108 ], [ 3.52383, 51.91699 ], [ 3.42124, 51.87919 ], [ 3.38961, 51.863 ], [ 3.36077, 51.84387 ], [ 3.33091, 51.81707 ], [ 3.30803, 51.7869 ], [ 3.29987, 51.7714 ], [ 3.29376, 51.75554 ], [ 3.28974, 51.73942 ], [ 3.28781, 51.72233 ], [ 3.1908, 51.67711 ], [ 3.16553, 51.66207 ], [ 3.14259, 51.64506 ], [ 3.11989, 51.62342 ], [ 3.10213, 51.60058 ], [ 3.0887, 51.57555 ], [ 3.08079, 51.55046 ], [ 3.0403, 51.5405 ], [ 2.99776, 51.5245 ], [ 2.95778, 51.5035 ], [ 2.91513, 51.4745 ], [ 2.82363, 51.4335 ], [ 2.76872, 51.4165 ], [ 2.73724, 51.4045 ], [ 2.71224, 51.3925 ], [ 2.68499, 51.3765 ], [ 2.61431, 51.3455 ], [ 2.56716, 51.3325 ], [ 2.53574, 51.3205 ], [ 2.51078, 51.3085 ], [ 2.38891, 51.26832 ], [ 2.36957, 51.30505 ], [ 2.32081, 51.30488 ], [ 2.27378, 51.30019 ], [ 2.24235, 51.29445 ], [ 2.19362, 51.28086 ], [ 2.14921, 51.26238 ], [ 2.11522, 51.24264 ], [ 2.07546, 51.23713 ], [ 2.0344, 51.22771 ], [ 1.99741, 51.21548 ], [ 1.96905, 51.20314 ], [ 1.91815, 51.20315 ], [ 1.89003, 51.20088 ], [ 1.88756, 51.19936 ], [ 1.73255, 51.265 ], [ 1.75065, 51.295 ], [ 1.76606, 51.339 ], [ 1.77129, 51.373 ], [ 1.77083, 51.389 ], [ 1.76831, 51.405 ], [ 1.76367, 51.421 ], [ 1.7563, 51.438 ], [ 1.73289, 51.475 ], [ 1.70658, 51.503 ], [ 1.67327, 51.528 ], [ 1.6388, 51.547 ], [ 1.59951, 51.563 ], [ 1.54622, 51.579 ], [ 1.49959, 51.588 ], [ 1.46043, 51.592 ], [ 1.38093, 51.593 ], [ 1.33949, 51.591 ], [ 1.28527, 51.584 ], [ 1.29121, 51.602 ], [ 1.34, 51.622 ], [ 1.38288, 51.637 ], [ 1.41746, 51.652 ], [ 1.49982, 51.697 ], [ 1.5277, 51.715 ], [ 1.55486, 51.738 ], [ 1.57639, 51.763 ], [ 1.58978, 51.785 ], [ 1.61007, 51.83 ], [ 1.6315, 51.846 ], [ 1.67503, 51.873 ], [ 1.70747, 51.9 ], [ 1.73699, 51.91 ], [ 1.77111, 51.924 ], [ 1.79847, 51.938 ], [ 1.82386, 51.954 ], [ 1.84332, 51.969 ], [ 1.8624, 51.987 ], [ 1.87903, 52.007 ], [ 1.89082, 52.025 ], [ 1.90195, 52.049 ], [ 1.92162, 52.107 ], [ 1.93388, 52.127 ], [ 1.94326, 52.149 ], [ 1.9486, 52.171 ], [ 1.94995, 52.199 ], [ 1.95164, 52.207 ], [ 1.96595, 52.222 ], [ 1.97829, 52.238 ], [ 1.9956, 52.267 ], [ 2.00527, 52.287 ], [ 2.02833, 52.318 ], [ 2.03819, 52.334 ], [ 2.04914, 52.358 ], [ 2.05833, 52.391 ], [ 2.07179, 52.411 ], [ 2.08144, 52.431 ], [ 2.08783, 52.451 ], [ 2.09093, 52.467 ], [ 2.09174, 52.489 ], [ 2.08871, 52.511 ], [ 2.0818, 52.535 ], [ 2.06804, 52.568 ], [ 2.06786, 52.582 ], [ 2.07374, 52.606 ], [ 2.07559, 52.624 ], [ 2.07451, 52.644 ], [ 2.07068, 52.662 ], [ 2.05712, 52.698 ], [ 2.04304, 52.729 ], [ 2.02503, 52.759 ], [ 2.00958, 52.79 ], [ 1.98702, 52.82 ], [ 1.957, 52.85 ], [ 1.91318, 52.885 ], [ 1.87995, 52.908 ], [ 1.81014, 52.95 ], [ 1.76551, 52.971 ], [ 1.73507, 52.988 ], [ 1.69754, 53.006 ], [ 1.66006, 53.029 ], [ 1.61529, 53.051 ], [ 1.51843, 53.091 ], [ 1.45545, 53.111 ], [ 1.41307, 53.122 ], [ 1.35389, 53.133 ], [ 1.26213, 53.144 ], [ 1.19614, 53.148 ], [ 1.09681, 53.169 ], [ 1.04347, 53.177 ], [ 0.99008, 53.18 ], [ 0.92471, 53.178 ], [ 0.86254, 53.182 ], [ 0.7983, 53.18 ], [ 0.74516, 53.186 ], [ 0.68896, 53.18897 ], [ 0.6874, 53.213 ], [ 0.68172, 53.235 ], [ 0.67235, 53.257 ], [ 0.66726, 53.275 ], [ 0.65919, 53.295 ], [ 0.63617, 53.337 ], [ 0.62157, 53.359 ], [ 0.59567, 53.39 ], [ 0.58389, 53.409 ], [ 0.56006, 53.441 ], [ 0.53688, 53.468 ], [ 0.51615, 53.5 ], [ 0.4869, 53.5316 ], [ 0.48455, 53.61301 ], [ 0.48104, 53.636 ], [ 0.46661, 53.676 ], [ 0.44224, 53.721 ], [ 0.42077, 53.75 ], [ 0.39781, 53.774 ], [ 0.3095, 53.849 ], [ 0.24471, 53.901 ], [ 0.16606, 53.972 ], [ 0.20156, 53.997 ], [ 0.22886, 54.024 ], [ 0.24929, 54.054 ], [ 0.25617, 54.069 ], [ 0.26123, 54.085 ], [ 0.26414, 54.101 ], [ 0.26504, 54.119 ], [ 0.2636, 54.135 ], [ 0.25994, 54.151 ], [ 0.25399, 54.167 ], [ 0.24621, 54.182 ], [ 0.22368, 54.212 ], [ 0.18981, 54.243 ], [ 0.15364, 54.267 ], [ 0.10019, 54.293 ], [ 0.04196, 54.312 ], [ 0.01686, 54.335 ], [ -0.01376, 54.356 ], [ -0.04832, 54.374 ], [ -0.08923, 54.39 ], [ -0.10844, 54.419 ], [ -0.15609, 54.479 ], [ -0.17896, 54.502 ], [ -0.20198, 54.521 ], [ -0.2269, 54.55 ], [ -0.25598, 54.574 ], [ -0.27943, 54.589 ], [ -0.30602, 54.609 ], [ -0.33104, 54.624 ], [ -0.36156, 54.639 ], [ -0.39973, 54.655 ], [ -0.42891, 54.665 ], [ -0.46225, 54.674 ], [ -0.51569, 54.698 ], [ -0.55841, 54.712 ], [ -0.58982, 54.725 ], [ -0.62341, 54.736 ], [ -0.67725, 54.749 ], [ -0.7638, 54.763 ], [ -0.81876, 54.776 ], [ -0.86357, 54.784 ], [ -0.8847, 54.806 ], [ -0.9125, 54.828 ], [ -0.94189, 54.846 ], [ -0.97548, 54.862 ], [ -0.98595, 54.892 ], [ -1.00416, 54.921 ], [ -1.00578, 54.939 ], [ -1.00445, 54.963 ], [ -1.00658, 54.981 ], [ -1.01311, 55.003 ], [ -1.02505, 55.028 ], [ -1.04506, 55.056 ], [ -1.06181, 55.074 ], [ -1.0789, 55.089 ], [ -1.09505, 55.109 ], [ -1.11608, 55.129 ], [ -1.13291, 55.153 ], [ -1.15019, 55.172 ], [ -1.1509, 55.202 ], [ -1.15876, 55.236 ], [ -1.17155, 55.263 ], [ -1.19021, 55.288 ], [ -1.18447, 55.31 ], [ -1.18233, 55.328 ], [ -1.18329, 55.348 ], [ -1.1877, 55.368 ], [ -1.20095, 55.398 ], [ -1.22357, 55.429 ], [ -1.22598, 55.455 ], [ -1.23049, 55.471 ], [ -1.23791, 55.488 ], [ -1.23914, 55.508 ], [ -1.24306, 55.526 ], [ -1.25247, 55.549 ], [ -1.26772, 55.573 ], [ -1.26933, 55.582 ], [ -1.2597, 55.602 ], [ -1.25348, 55.624 ], [ -1.2517, 55.64 ], [ -1.25242, 55.658 ], [ -1.25603, 55.676 ], [ -1.26264, 55.694 ], [ -1.27243, 55.712 ], [ -1.28569, 55.73 ], [ -1.30961, 55.754 ], [ -1.3393, 55.776 ], [ -1.37701, 55.797 ], [ -1.41442, 55.813 ], [ -1.44787, 55.824 ], [ -1.48383, 55.833 ], [ -1.52341, 55.84 ], [ -1.55958, 55.844 ], [ -1.62032, 55.865 ], [ -1.68464, 55.879 ], [ -1.7258, 55.915 ], [ -1.73332, 55.93 ], [ -1.74315, 55.945 ], [ -1.76689, 55.972 ], [ -1.79479, 55.995 ], [ -1.82578, 56.015 ], [ -1.85303, 56.038 ], [ -1.8792, 56.055 ], [ -1.91027, 56.071 ], [ -1.94484, 56.085 ], [ -1.98167, 56.09664 ], [ -2.16425, 56.27583 ], [ -2.13713, 56.28898 ], [ -2.11121, 56.30422 ], [ -2.08803, 56.32117 ], [ -2.06262, 56.34525 ], [ -2.04769, 56.36455 ], [ -2.03567, 56.38689 ], [ -2.02658, 56.41767 ], [ -2.02589, 56.44491 ], [ -2.02743, 56.45449 ], [ -2.03447, 56.47782 ], [ -2.04443, 56.49725 ], [ -2.05747, 56.51572 ], [ -2.07447, 56.534 ], [ -2.09404, 56.55075 ], [ -2.12889, 56.57307 ], [ -2.12183, 56.591 ], [ -2.10076, 56.616 ], [ -2.08457, 56.644 ], [ -2.04917, 56.663 ], [ -2.02696, 56.677 ], [ -2.00283, 56.695 ], [ -1.96506, 56.727 ], [ -1.93412, 56.748 ], [ -1.90549, 56.774 ], [ -1.87464, 56.808 ], [ -1.85007, 56.845 ], [ -1.84055, 56.863 ], [ -1.83284, 56.887 ], [ -1.83034, 56.914 ], [ -1.82336, 56.926 ], [ -1.77726, 56.966 ], [ -1.76064, 56.983 ], [ -1.71309, 57.045 ], [ -1.69363, 57.076 ], [ -1.68397, 57.101 ], [ -1.678, 57.133 ], [ -1.67956, 57.159 ], [ -1.68704, 57.184 ], [ -1.67553, 57.199 ], [ -1.66947, 57.205 ], [ -1.62153, 57.236 ], [ -1.57392, 57.263 ], [ -1.54704, 57.283 ], [ -1.49959, 57.324 ], [ -1.47775, 57.346 ], [ -1.4517, 57.369 ], [ -1.42756, 57.396 ], [ -1.41164, 57.422 ], [ -1.40361, 57.444 ], [ -1.4001, 57.466 ], [ -1.39411, 57.49 ], [ -1.39339, 57.512 ], [ -1.39666, 57.532 ], [ -1.40442, 57.554 ], [ -1.41394, 57.572 ], [ -1.42786, 57.591 ], [ -1.44518, 57.609 ], [ -1.44974, 57.617 ], [ -1.45294, 57.637 ], [ -1.45983, 57.657 ], [ -1.47, 57.676 ], [ -1.4846, 57.696 ], [ -1.50502, 57.717 ], [ -1.53057, 57.737 ], [ -1.55796, 57.754 ], [ -1.59029, 57.77 ], [ -1.62461, 57.798 ], [ -1.66795, 57.823 ], [ -1.70231, 57.838 ], [ -1.74, 57.851 ], [ -1.79289, 57.865 ], [ -1.83766, 57.879 ], [ -1.88227, 57.889 ], [ -1.92157, 57.895 ], [ -1.96732, 57.899 ], [ -2.12452, 57.901 ], [ -2.17293, 57.899 ], [ -2.22496, 57.893 ], [ -2.3044, 57.895 ], [ -2.3528, 57.893 ], [ -2.40482, 57.887 ], [ -2.46325, 57.875 ], [ -2.46867, 57.875 ], [ -2.52068, 57.881 ], [ -2.5686, 57.883 ], [ -2.61396, 57.888 ], [ -2.6758, 57.891 ], [ -2.71358, 57.896 ], [ -2.79923, 57.904 ], [ -2.86454, 57.906 ], [ -2.95329, 57.901 ], [ -3.05478, 57.885 ], [ -3.10266, 57.901 ], [ -3.15792, 57.91359 ], [ -3.25417, 58.02361 ], [ -3.2269, 58.038 ], [ -3.20214, 58.054 ], [ -3.15825, 58.087 ], [ -3.13506, 58.108 ], [ -3.09028, 58.117 ], [ -3.02575, 58.134 ], [ -2.97451, 58.153 ], [ -2.9385, 58.17 ], [ -2.91318, 58.185 ], [ -2.88186, 58.207 ], [ -2.84614, 58.225 ], [ -2.80987, 58.248 ], [ -2.78565, 58.266 ], [ -2.7656, 58.285 ], [ -2.74958, 58.305 ], [ -2.72707, 58.341 ], [ -2.69328, 58.382 ], [ -2.67704, 58.412 ], [ -2.66674, 58.45 ], [ -2.66414, 58.47 ], [ -2.66571, 58.492 ], [ -2.6727, 58.516 ], [ -2.62075, 58.54012 ], [ -2.58281, 58.56251 ], [ -2.55672, 58.58309 ], [ -2.53406, 58.60698 ], [ -2.51964, 58.62861 ], [ -2.50814, 58.65764 ], [ -2.50505, 58.67656 ], [ -2.50505, 58.68995 ], [ -2.50882, 58.7129 ], [ -2.45055, 58.731 ], [ -2.39782, 58.755 ], [ -2.35376, 58.782 ], [ -2.33455, 58.797 ], [ -2.31848, 58.812 ], [ -2.29821, 58.834 ], [ -2.28433, 58.854 ], [ -2.27448, 58.875 ], [ -2.26813, 58.899 ], [ -2.24211, 58.916 ], [ -2.22015, 58.934 ], [ -2.20127, 58.954 ], [ -2.18732, 58.974 ], [ -2.17517, 59.001 ], [ -2.16434, 59.016 ], [ -2.15167, 59.038 ], [ -2.14188, 59.06 ], [ -2.13643, 59.088 ], [ -2.13857, 59.117 ], [ -2.09585, 59.136 ], [ -2.05883, 59.158 ], [ -2.02786, 59.183 ], [ -2.00514, 59.209 ], [ -1.98999, 59.236 ], [ -1.98235, 59.264 ], [ -1.98122, 59.282 ], [ -1.98254, 59.298 ], [ -1.9864, 59.314 ], [ -1.99288, 59.33 ], [ -1.98502, 59.347 ], [ -1.98032, 59.363 ], [ -1.97818, 59.379 ], [ -1.97878, 59.397 ], [ -1.95111, 59.379 ], [ -1.92547, 59.365 ], [ -1.89658, 59.352 ], [ -1.86383, 59.34 ], [ -1.82976, 59.33 ], [ -1.795, 59.322 ], [ -1.7606, 59.316 ], [ -1.71844, 59.311 ], [ -1.64345, 59.308 ], [ -1.60886, 59.309 ], [ -1.56095, 59.313 ], [ -1.51977, 59.319 ], [ -1.47085, 59.329 ], [ -1.40725, 59.347 ], [ -1.37854, 59.358 ], [ -1.35051, 59.371 ], [ -1.30986, 59.393 ], [ -1.2838, 59.41 ], [ -1.26181, 59.428 ], [ -1.23852, 59.452 ], [ -1.2245, 59.47 ], [ -1.21378, 59.489 ], [ -1.20532, 59.513 ], [ -1.202, 59.531 ], [ -1.20208, 59.551 ], [ -1.20614, 59.571 ], [ -1.2133, 59.589 ], [ -1.22802, 59.615 ], [ -1.24306, 59.634 ], [ -1.26344, 59.654 ], [ -1.20451, 59.657 ], [ -1.15532, 59.663 ], [ -1.10418, 59.673 ], [ -1.05761, 59.686 ], [ -1.01261, 59.703 ], [ -0.97457, 59.722 ], [ -0.94244, 59.743 ], [ -0.91505, 59.767 ], [ -0.89977, 59.785 ], [ -0.88839, 59.803 ], [ -0.863, 59.865 ], [ -0.82773, 59.889 ], [ -0.80023, 59.915 ], [ -0.78046, 59.943 ], [ -0.77391, 59.957 ], [ -0.76919, 59.972 ], [ -0.74682, 59.986 ], [ -0.70624, 60.006 ], [ -0.67934, 60.023 ], [ -0.6523, 60.045 ], [ -0.62989, 60.07 ], [ -0.61404, 60.097 ], [ -0.60519, 60.127 ], [ -0.60346, 60.153 ], [ -0.60867, 60.17948 ], [ -0.57082, 60.19545 ], [ -0.53486, 60.21504 ], [ -0.50112, 60.2395 ], [ -0.47495, 60.26649 ], [ -0.42885, 60.28852 ], [ -0.39169, 60.31201 ], [ -0.37019, 60.32978 ], [ -0.35225, 60.3487 ], [ -0.33684, 60.37028 ], [ -0.32865, 60.38691 ], [ -0.32298, 60.40576 ], [ -0.32092, 60.42402 ], [ -0.3226, 60.44382 ], [ -0.32792, 60.46283 ], [ -0.33895, 60.4849 ], [ -0.35084, 60.50131 ], [ -0.36521, 60.51668 ], [ -0.38225, 60.53153 ], [ -0.36878, 60.556 ], [ -0.3622, 60.572 ], [ -0.35803, 60.59 ], [ -0.35729, 60.61 ], [ -0.36013, 60.628 ], [ -0.36635, 60.646 ], [ -0.37486, 60.662 ], [ -0.39207, 60.687 ], [ -0.38348, 60.704 ], [ -0.37845, 60.718 ], [ -0.37406, 60.748 ], [ -0.36087, 60.769 ], [ -0.35251, 60.79 ], [ -0.34875, 60.812 ], [ -0.34996, 60.834 ], [ -0.35868, 60.862 ], [ -0.37368, 60.887 ], [ -0.39542, 60.911 ], [ -0.42434, 60.934 ], [ -0.47679, 60.965 ], [ -0.52346, 60.986 ], [ -0.58993, 61.007 ], [ -0.61895, 61.019 ], [ -0.65116, 61.03 ], [ -0.71996, 61.047 ], [ -0.7893, 61.057 ], [ -0.86624, 61.061 ], [ -0.94312, 61.058 ], [ -1.01248, 61.049 ], [ -1.05145, 61.041 ], [ -1.08549, 61.032 ], [ -1.15217, 61.008 ], [ -1.19678, 60.987 ], [ -1.22913, 60.968 ], [ -1.25661, 60.947 ], [ -1.27917, 60.92366 ], [ -1.32654, 60.91138 ], [ -1.37563, 60.89456 ], [ -1.41537, 60.87631 ], [ -1.45382, 60.85261 ], [ -1.51296, 60.83957 ], [ -1.54146, 60.8312 ], [ -1.57639, 60.81848 ], [ -1.62154, 60.80789 ], [ -1.66832, 60.79307 ], [ -1.70617, 60.77719 ], [ -1.73267, 60.76339 ], [ -1.75973, 60.746 ], [ -1.78221, 60.72779 ], [ -1.82487, 60.71558 ], [ -1.86264, 60.7018 ], [ -1.89748, 60.68571 ], [ -1.92461, 60.66999 ], [ -1.95739, 60.64547 ], [ -1.98381, 60.6175 ], [ -1.9997, 60.59176 ], [ -2.00648, 60.57356 ], [ -2.00914, 60.56071 ], [ -2.01636, 60.55079 ], [ -2.06914, 60.53327 ], [ -2.12219, 60.50814 ], [ -2.15935, 60.48367 ], [ -2.17695, 60.46971 ], [ -2.19429, 60.45299 ], [ -2.21386, 60.42822 ], [ -2.22681, 60.40205 ], [ -2.23008, 60.39121 ], [ -2.23256, 60.37098 ], [ -2.22982, 60.34483 ], [ -2.29223, 60.32984 ], [ -2.33119, 60.31666 ], [ -2.35524, 60.3067 ], [ -2.39845, 60.286 ], [ -2.42352, 60.272 ], [ -2.44702, 60.256 ], [ -2.47232, 60.235 ], [ -2.48652, 60.22 ], [ -2.49714, 60.206 ], [ -2.50644, 60.19 ], [ -2.51291, 60.174 ], [ -2.5167, 60.158 ], [ -2.51789, 60.142 ], [ -2.51682, 60.128 ], [ -2.51265, 60.108 ], [ -2.50098, 60.08 ], [ -2.48223, 60.054 ], [ -2.45587, 60.029 ], [ -2.42262, 60.006 ], [ -2.38896, 59.988 ], [ -2.3064, 59.951 ], [ -2.25731, 59.935 ], [ -2.20546, 59.923 ], [ -2.15245, 59.915 ], [ -2.10349, 59.911 ], [ -2.02228, 59.911 ], [ -1.97332, 59.915 ], [ -1.91514, 59.924 ], [ -1.86488, 59.936 ], [ -1.81421, 59.953 ], [ -1.7761, 59.97081 ], [ -1.78729, 59.94377 ], [ -1.79092, 59.916 ], [ -1.78758, 59.88484 ], [ -1.77428, 59.8469 ], [ -1.75954, 59.82249 ], [ -1.7376, 59.7981 ], [ -1.70766, 59.7738 ], [ -1.67361, 59.75295 ], [ -1.71431, 59.74968 ], [ -1.75423, 59.74426 ], [ -1.79971, 59.7354 ], [ -1.83394, 59.72669 ], [ -1.88561, 59.71 ], [ -1.92236, 59.693 ], [ -1.95323, 59.675 ], [ -1.97875, 59.656 ], [ -2.00033, 59.635 ], [ -2.01419, 59.617 ], [ -2.03741, 59.579 ], [ -2.04648, 59.56 ], [ -2.05158, 59.542 ], [ -2.05344, 59.524 ], [ -2.05174, 59.504 ], [ -2.08006, 59.522 ], [ -2.10394, 59.535 ], [ -2.13276, 59.548 ], [ -2.16245, 59.559 ], [ -2.19575, 59.569 ], [ -2.22944, 59.577 ], [ -2.30063, 59.588 ], [ -2.33952, 59.591 ], [ -2.38918, 59.592 ], [ -2.42386, 59.591 ], [ -2.48917, 59.586 ], [ -2.53371, 59.58 ], [ -2.58418, 59.57 ], [ -2.62045, 59.561 ], [ -2.65231, 59.551 ], [ -2.71427, 59.568 ], [ -2.76723, 59.578 ], [ -2.82183, 59.584 ], [ -2.88739, 59.586 ], [ -2.92206, 59.585 ], [ -2.97006, 59.581 ], [ -3.01131, 59.575 ], [ -3.05016, 59.567 ], [ -3.09742, 59.554 ], [ -3.14721, 59.535 ], [ -3.17986, 59.525 ], [ -3.22731, 59.516 ], [ -3.26927, 59.505 ], [ -3.32635, 59.484 ], [ -3.35854, 59.468 ], [ -3.38582, 59.451 ], [ -3.40905, 59.433 ], [ -3.42905, 59.413 ], [ -3.44387, 59.393 ], [ -3.45452, 59.372 ], [ -3.46073, 59.35 ], [ -3.46212, 59.328 ], [ -3.50443, 59.319 ], [ -3.54401, 59.308 ], [ -3.58019, 59.295 ], [ -3.61125, 59.281 ], [ -3.64143, 59.264 ], [ -3.66813, 59.245 ], [ -3.68906, 59.226 ], [ -3.70647, 59.205 ], [ -3.71569, 59.19 ], [ -3.72385, 59.171 ], [ -3.73412, 59.153 ], [ -3.7428, 59.129 ], [ -3.74566, 59.101 ], [ -3.74144, 59.075 ], [ -3.74959, 59.043 ], [ -3.75475, 59.007 ], [ -3.77282, 58.988 ], [ -3.78599, 58.97 ], [ -3.80887, 58.931 ], [ -3.81848, 58.905 ], [ -3.82175, 58.881 ], [ -3.82013, 58.859 ], [ -3.81429, 58.837 ], [ -3.79946, 58.808 ], [ -3.80123, 58.807 ], [ -3.83778, 58.798 ], [ -3.87299, 58.787 ], [ -3.92801, 58.796 ], [ -3.98297, 58.801 ], [ -4.0271, 58.802 ], [ -4.09899, 58.798 ], [ -4.13651, 58.793 ], [ -4.17316, 58.786 ], [ -4.21867, 58.774 ], [ -4.26063, 58.759 ], [ -4.27462, 58.759 ], [ -4.36702, 58.764 ], [ -4.43341, 58.774 ], [ -4.47257, 58.778 ], [ -4.58525, 58.781 ], [ -4.62178, 58.79 ], [ -4.66022, 58.797 ], [ -4.72937, 58.804 ], [ -4.77009, 58.811 ], [ -4.80457, 58.815 ], [ -4.88759, 58.818 ], [ -4.92514, 58.823 ], [ -4.96317, 58.826 ], [ -5.0103, 58.827 ], [ -5.04421, 58.826 ], [ -6.32813, 58.71615 ], [ -6.42096, 58.699 ], [ -6.47874, 58.683 ], [ -6.52245, 58.667 ], [ -6.58105, 58.6401 ], [ -6.97516, 58.4865 ], [ -7.04158, 58.475 ], [ -7.14993, 58.44545 ], [ -7.24786, 58.407 ], [ -7.25086, 58.407 ], [ -7.28869, 58.43 ], [ -7.32093, 58.445 ], [ -7.35935, 58.459 ], [ -7.39898, 58.47 ], [ -7.43799, 58.478 ], [ -7.48113, 58.484 ], [ -7.55071, 58.489 ], [ -7.59626, 58.49 ], [ -7.62985, 58.489 ], [ -7.72281, 58.482 ], [ -7.7716, 58.475 ], [ -7.81307, 58.466 ], [ -7.85664, 58.453 ], [ -7.8968, 58.437 ], [ -7.93828, 58.415 ], [ -7.96801, 58.395 ], [ -7.99473, 58.371 ], [ -8.01437, 58.346 ], [ -8.02767, 58.319 ], [ -8.03353, 58.293 ], [ -8.03258, 58.265 ], [ -8.02492, 58.239 ], [ -8.00963, 58.212 ], [ -7.98794, 58.187 ], [ -7.96027, 58.164 ], [ -7.92845, 58.144 ], [ -7.89118, 58.126 ], [ -7.85048, 58.111 ], [ -7.81099, 58.1 ], [ -7.77216, 58.092 ], [ -7.68066, 58.079 ], [ -7.64003, 58.07481 ], [ -8.02017, 57.80795 ], [ -8.05167, 57.779 ], [ -8.07093, 57.755 ], [ -8.08409, 57.73 ], [ -8.09487, 57.69495 ], [ -8.10427, 57.54647 ], [ -8.09592, 57.49708 ], [ -8.06525, 57.45031 ], [ -7.84427, 57.21055 ], [ -7.88593, 57.06122 ], [ -7.90004, 57.03833 ], [ -7.92495, 57.00423 ], [ -8.00097, 56.89182 ], [ -8.01015, 56.876 ], [ -8.01664, 56.861 ], [ -8.02799, 56.825 ], [ -8.03049, 56.799 ], [ -8.02624, 56.771 ], [ -8.01325, 56.737 ], [ -8.00449, 56.721 ], [ -7.99377, 56.706 ], [ -7.96435, 56.67578 ], [ -7.53156, 56.30927 ], [ -7.53312, 56.28981 ], [ -7.53159, 56.27242 ], [ -7.52614, 56.25165 ], [ -7.51764, 56.23277 ], [ -7.50378, 56.21163 ], [ -7.48717, 56.19272 ], [ -7.45186, 56.16391 ], [ -7.4311, 56.15091 ], [ -7.40358, 56.13669 ], [ -7.37356, 56.12414 ], [ -7.34145, 56.11342 ], [ -7.29574, 56.10212 ], [ -7.24775, 56.09447 ], [ -7.19834, 56.09061 ], [ -7.15023, 56.09055 ], [ -6.96779, 56.01976 ], [ -6.8859, 55.66752 ], [ -6.87791, 55.64503 ], [ -6.86473, 55.62178 ], [ -6.8228, 55.572 ], [ -6.8022, 55.554 ], [ -6.77783, 55.537 ], [ -6.74084, 55.517 ], [ -6.7052, 55.50234 ], [ -6.57874, 55.44358 ], [ -6.74427, 55.41498 ], [ -6.80133, 55.433 ], [ -6.86706, 55.449 ], [ -6.86902, 55.45 ], [ -6.87356, 55.47 ], [ -6.88082, 55.488 ], [ -6.8913, 55.506 ], [ -6.90356, 55.522 ], [ -6.91897, 55.538 ], [ -6.93803, 55.554 ], [ -6.95993, 55.569 ], [ -6.98291, 55.582 ], [ -7.03435, 55.604 ], [ -7.09511, 55.621 ], [ -7.16454, 55.632 ], [ -7.23054, 55.636 ], [ -7.2739, 55.635 ], [ -7.31697, 55.631 ], [ -7.35896, 55.624 ], [ -7.39599, 55.615 ], [ -7.45414, 55.595 ], [ -7.50446, 55.57 ], [ -7.56348, 55.555 ], [ -7.61695, 55.535 ], [ -7.64345, 55.522 ], [ -7.66699, 55.508 ], [ -7.68773, 55.493 ], [ -7.70579, 55.477 ], [ -7.7695, 55.467 ], [ -7.8229, 55.453 ], [ -7.85715, 55.45 ], [ -7.89693, 55.444 ], [ -7.97176, 55.426 ], [ -7.98562, 55.427 ], [ -8.03976, 55.445 ], [ -8.11539, 55.462 ], [ -8.16233, 55.47 ], [ -8.20523, 55.474 ], [ -8.25288, 55.475 ], [ -8.30933, 55.472 ], [ -8.35841, 55.465 ], [ -8.40188, 55.455 ], [ -8.44731, 55.44 ], [ -8.48714, 55.422 ], [ -8.5222, 55.401 ], [ -8.55098, 55.378 ], [ -8.57537, 55.351 ], [ -8.59192, 55.323 ], [ -8.60118, 55.293 ], [ -8.6028, 55.277 ], [ -8.60227, 55.262 ], [ -8.62838, 55.244 ], [ -8.64939, 55.226 ], [ -8.68436, 55.211 ], [ -8.71093, 55.197 ], [ -8.76081, 55.179 ], [ -8.79386, 55.164 ], [ -8.83063, 55.142 ], [ -8.86137, 55.117 ], [ -8.88046, 55.096 ], [ -8.89605, 55.072 ], [ -8.9032, 55.056 ], [ -8.91938, 55.008 ], [ -8.92256, 54.986 ], [ -8.92151, 54.964 ], [ -8.91618, 54.942 ], [ -8.90708, 54.921 ], [ -8.98917, 54.879 ], [ -9.0249, 54.855 ], [ -9.05265, 54.84 ], [ -9.0767, 54.824 ], [ -9.09394, 54.81 ], [ -9.10921, 54.795 ], [ -9.12597, 54.774 ], [ -9.14381, 54.755 ], [ -9.1586, 54.735 ], [ -9.16773, 54.719 ], [ -9.17436, 54.703 ], [ -9.17864, 54.687 ], [ -9.18075, 54.669 ], [ -9.18005, 54.651 ], [ -9.17706, 54.635 ], [ -9.17179, 54.619 ], [ -9.16412, 54.603 ], [ -9.15388, 54.587 ], [ -9.14174, 54.572 ], [ -9.12681, 54.557 ], [ -9.10997, 54.543 ], [ -9.07096, 54.518 ], [ -9.02562, 54.497 ], [ -9.11588, 54.491 ], [ -9.17733, 54.504 ], [ -9.2339, 54.518 ], [ -9.27278, 54.524 ], [ -9.30672, 54.527 ], [ -9.34863, 54.528 ], [ -9.37889, 54.527 ], [ -9.41283, 54.524 ], [ -9.44633, 54.519 ], [ -9.55339, 54.524 ], [ -9.57446, 54.526 ], [ -9.60189, 54.537 ], [ -9.63313, 54.547 ], [ -9.66569, 54.555 ], [ -9.69939, 54.561 ], [ -9.73442, 54.565 ], [ -9.77881, 54.567 ], [ -9.83646, 54.565 ], [ -9.88988, 54.558 ], [ -9.94125, 54.546 ], [ -9.98709, 54.53 ], [ -10.02993, 54.509 ], [ -10.07058, 54.505 ], [ -10.11141, 54.498 ], [ -10.14741, 54.489 ], [ -10.18054, 54.478 ], [ -10.21993, 54.47 ], [ -10.25252, 54.461 ], [ -10.28835, 54.448 ], [ -10.32444, 54.431 ], [ -10.35393, 54.413 ], [ -10.37934, 54.393 ], [ -10.39625, 54.376 ], [ -10.41028, 54.358 ], [ -10.4218, 54.338 ], [ -10.42946, 54.318 ], [ -10.45222, 54.297 ], [ -10.46895, 54.277 ], [ -10.49967, 54.25 ], [ -10.51647, 54.232 ], [ -10.54862, 54.217 ], [ -10.57581, 54.201 ], [ -10.60008, 54.183 ], [ -10.62111, 54.163 ], [ -10.63652, 54.144 ], [ -10.64756, 54.126 ], [ -10.65542, 54.108 ], [ -10.6607, 54.088 ], [ -10.66249, 54.068 ], [ -10.66088, 54.048 ], [ -10.6558, 54.028 ], [ -10.64814, 54.01 ], [ -10.63299, 53.986 ], [ -10.61347, 53.964 ], [ -10.60677, 53.934 ], [ -10.59354, 53.906 ], [ -10.57412, 53.88 ], [ -10.54669, 53.854 ], [ -10.54093, 53.832 ], [ -10.5319, 53.812 ], [ -10.51894, 53.792 ], [ -10.50348, 53.774 ], [ -10.53036, 53.759 ], [ -10.55276, 53.744 ], [ -10.57371, 53.727 ], [ -10.59739, 53.704 ], [ -10.61251, 53.685 ], [ -10.62325, 53.667 ], [ -10.63152, 53.647 ], [ -10.63621, 53.627 ], [ -10.63818, 53.609 ], [ -10.63766, 53.591 ], [ -10.63438, 53.573 ], [ -10.6291, 53.557 ], [ -10.61673, 53.533 ], [ -10.59869, 53.509 ], [ -10.59197, 53.491 ], [ -10.58375, 53.475 ], [ -10.56392, 53.448 ], [ -10.57066, 53.422 ], [ -10.57261, 53.4 ], [ -10.57049, 53.378 ], [ -10.56422, 53.356 ], [ -10.55358, 53.334 ], [ -10.53971, 53.314 ], [ -10.52127, 53.294 ], [ -10.49865, 53.275 ], [ -10.46424, 53.253 ], [ -10.42639, 53.235 ], [ -10.38376, 53.22 ], [ -10.33145, 53.207 ], [ -10.32209, 53.189 ], [ -10.31104, 53.173 ], [ -10.29713, 53.157 ], [ -10.2811, 53.142 ], [ -10.25872, 53.125 ], [ -10.23425, 53.11 ], [ -10.20592, 53.096 ], [ -10.17537, 53.084 ], [ -10.15993, 53.062 ], [ -10.14017, 53.041 ], [ -10.11901, 53.023 ], [ -10.09386, 53.006 ], [ -10.05127, 52.984 ], [ -10.01168, 52.968 ], [ -9.97229, 52.956 ], [ -9.90109, 52.941 ], [ -9.85925, 52.929 ], [ -9.82472, 52.91 ], [ -9.84435, 52.884 ], [ -9.87362, 52.866 ], [ -9.89832, 52.848 ], [ -9.91718, 52.831 ], [ -9.93494, 52.811 ], [ -10.01326, 52.773 ], [ -10.05377, 52.759 ], [ -10.12344, 52.729 ], [ -10.18053, 52.695 ], [ -10.19948, 52.681 ], [ -10.21636, 52.666 ], [ -10.23435, 52.646 ], [ -10.24783, 52.626 ], [ -10.25737, 52.606 ], [ -10.26374, 52.584 ], [ -10.26601, 52.562 ], [ -10.2643, 52.54 ], [ -10.25853, 52.518 ], [ -10.24965, 52.498 ], [ -10.2843, 52.48 ], [ -10.40146, 52.451 ], [ -10.47919, 52.422 ], [ -10.53326, 52.405 ], [ -10.56897, 52.389 ], [ -10.6029, 52.369 ], [ -10.6622, 52.343 ], [ -10.70465, 52.32 ], [ -10.74488, 52.307 ], [ -10.78621, 52.289 ], [ -10.82383, 52.268 ], [ -10.84988, 52.249 ], [ -10.8682, 52.233 ], [ -10.89563, 52.218 ], [ -10.91841, 52.203 ], [ -10.94359, 52.182 ], [ -10.96345, 52.16 ], [ -10.97444, 52.144 ], [ -10.98377, 52.126 ], [ -10.98959, 52.11 ], [ -10.99322, 52.094 ], [ -11.00323, 52.074 ], [ -11.00931, 52.056 ], [ -11.01263, 52.038 ], [ -11.0133, 52.02 ], [ -11.01133, 52.002 ], [ -11.00732, 51.986 ], [ -10.9982, 51.964 ], [ -10.98598, 51.944 ], [ -10.96952, 51.924 ], [ -10.95044, 51.906 ], [ -10.92781, 51.889 ], [ -10.90113, 51.873 ], [ -10.87406, 51.86 ], [ -10.84246, 51.848 ], [ -10.85644, 51.822 ], [ -10.86429, 51.798 ], [ -10.86732, 51.774 ], [ -10.86534, 51.748 ], [ -10.85776, 51.722 ], [ -10.8445, 51.696 ], [ -10.82732, 51.673 ], [ -10.805, 51.651 ], [ -10.76716, 51.624 ], [ -10.72317, 51.602 ], [ -10.67339, 51.585 ], [ -10.6217, 51.574 ], [ -10.61424, 51.546 ], [ -10.59994, 51.518 ], [ -10.58052, 51.493 ], [ -10.55461, 51.469 ], [ -10.52746, 51.45 ], [ -10.49606, 51.433 ], [ -10.42129, 51.402 ], [ -10.39347, 51.392 ], [ -10.33698, 51.378 ], [ -10.2793, 51.371 ], [ -10.24292, 51.37 ], [ -10.21466, 51.371 ], [ -10.17552, 51.375 ], [ -10.14188, 51.381 ], [ -10.12122, 51.382 ], [ -10.10596, 51.36 ], [ -10.08735, 51.34 ], [ -10.06455, 51.321 ], [ -10.03864, 51.304 ], [ -10.00972, 51.289 ], [ -9.9776, 51.276 ], [ -9.9452, 51.266 ], [ -9.90938, 51.258 ], [ -9.84055, 51.25 ], [ -9.77564, 51.248 ], [ -9.73742, 51.249 ], [ -9.69091, 51.253 ], [ -9.63738, 51.236 ], [ -9.58348, 51.226 ], [ -9.52371, 51.222 ], [ -9.46771, 51.224 ], [ -9.429, 51.229 ], [ -9.38752, 51.238 ], [ -9.33461, 51.254 ], [ -9.29384, 51.271 ], [ -9.22882, 51.267 ], [ -9.19229, 51.268 ], [ -9.15324, 51.272 ], [ -9.11516, 51.279 ], [ -9.08155, 51.288 ], [ -9.04816, 51.3 ], [ -9.01808, 51.314 ], [ -8.98946, 51.331 ], [ -8.95803, 51.33 ], [ -8.91865, 51.331 ], [ -8.87285, 51.336 ], [ -8.82513, 51.346 ], [ -8.7503, 51.369 ], [ -8.67941, 51.371 ], [ -8.63357, 51.376 ], [ -8.58211, 51.387 ], [ -8.5346, 51.403 ], [ -8.48683, 51.406 ], [ -8.45412, 51.41 ], [ -8.4183, 51.417 ], [ -8.38575, 51.426 ], [ -8.33731, 51.445 ], [ -8.29656, 51.468 ], [ -8.26159, 51.496 ], [ -8.23437, 51.527 ], [ -8.19143, 51.539 ], [ -8.15687, 51.552 ], [ -8.12952, 51.565 ], [ -8.07977, 51.593 ], [ -8.04327, 51.601 ], [ -8.00466, 51.612 ], [ -7.96468, 51.618 ], [ -7.91829, 51.629 ], [ -7.87243, 51.637 ], [ -7.82627, 51.65 ], [ -7.77849, 51.67 ], [ -7.73848, 51.694 ], [ -7.69405, 51.707 ], [ -7.65656, 51.722 ], [ -7.62954, 51.736 ], [ -7.60438, 51.752 ], [ -7.57255, 51.76 ], [ -7.54236, 51.77 ], [ -7.51128, 51.783 ], [ -7.48075, 51.799 ], [ -7.44657, 51.81 ], [ -7.39254, 51.831 ], [ -7.3533, 51.852 ], [ -7.31946, 51.877 ], [ -7.2936, 51.903 ], [ -7.27396, 51.932 ], [ -7.23339, 51.931 ], [ -7.17313, 51.932 ], [ -7.11242, 51.928 ], [ -7.06251, 51.929 ], [ -7.02853, 51.932 ], [ -6.97806, 51.925 ], [ -6.92208, 51.923 ], [ -6.86138, 51.927 ], [ -6.79479, 51.939 ], [ -6.74304, 51.923 ], [ -6.68831, 51.913 ], [ -6.62763, 51.909 ], [ -6.57537, 51.911 ], [ -6.52492, 51.918 ], [ -6.47314, 51.931 ], [ -6.42619, 51.949 ], [ -6.38052, 51.973 ], [ -6.32959, 51.974 ], [ -6.27114, 51.981 ], [ -6.23098, 51.99 ], [ -6.19083, 52.003 ], [ -6.14099, 52.007 ], [ -6.09035, 52.016 ], [ -6.05117, 52.027 ], [ -6.01712, 52.04 ], [ -5.98675, 52.055 ], [ -5.96108, 52.071 ], [ -5.93697, 52.09 ], [ -5.91728, 52.11 ], [ -5.90105, 52.132 ], [ -5.88968, 52.154 ], [ -5.88264, 52.176 ], [ -5.8796, 52.2 ], [ -5.88128, 52.224 ], [ -5.88703, 52.246 ], [ -5.89704, 52.268 ], [ -5.91176, 52.29 ], [ -5.92985, 52.31 ], [ -5.95209, 52.329 ], [ -5.97571, 52.345 ], [ -6.00821, 52.363 ], [ -5.97967, 52.385 ], [ -5.92949, 52.431 ], [ -5.90809, 52.456 ], [ -5.89192, 52.48 ], [ -5.87334, 52.518 ], [ -5.86564, 52.548 ], [ -5.86453, 52.566 ], [ -5.86579, 52.582 ], [ -5.86918, 52.598 ], [ -5.87479, 52.614 ], [ -5.84758, 52.642 ], [ -5.8292, 52.668 ], [ -5.81662, 52.696 ], [ -5.81081, 52.724 ], [ -5.79047, 52.739 ], [ -5.77273, 52.755 ], [ -5.75837, 52.771 ], [ -5.74568, 52.789 ], [ -5.73623, 52.807 ], [ -5.72912, 52.827 ], [ -5.67977, 52.907 ], [ -5.67347, 52.92062 ], [ -5.66994, 52.933 ], [ -5.66584, 52.957 ], [ -5.66682, 52.983 ], [ -5.67345, 53.009 ], [ -5.68479, 53.033 ], [ -5.7019, 53.057 ], [ -5.70141, 53.079 ], [ -5.70504, 53.111 ], [ -5.71443, 53.157 ], [ -5.72637, 53.185 ], [ -5.74398, 53.213 ], [ -5.74902, 53.231 ], [ -5.74179, 53.259 ], [ -5.74121, 53.287 ], [ -5.72383, 53.319 ], [ -5.71559, 53.339 ], [ -5.71047, 53.361 ], [ -5.70864, 53.389 ], [ -5.69041, 53.409 ], [ -5.67673, 53.429 ], [ -5.66703, 53.449 ], [ -5.66056, 53.471 ], [ -5.65829, 53.491 ], [ -5.65968, 53.513 ], [ -5.66454, 53.533 ], [ -5.67297, 53.553 ], [ -5.66718, 53.575 ], [ -5.66509, 53.591 ], [ -5.66532, 53.609 ], [ -5.6683, 53.627 ], [ -5.67764, 53.653 ], [ -5.69197, 53.677 ], [ -5.71162, 53.7 ], [ -5.73705, 53.722 ], [ -5.76758, 53.742 ], [ -5.80153, 53.759 ], [ -5.83835, 53.773 ], [ -5.87768, 53.784 ], [ -5.87978, 53.816 ], [ -5.88812, 53.844 ], [ -5.85248, 53.865 ], [ -5.82601, 53.87017 ], [ -5.81611, 53.879 ], [ -5.75398, 53.905 ], [ -5.71791, 53.924 ], [ -5.68903, 53.944 ], [ -5.65751, 53.961 ], [ -5.63116, 53.979 ], [ -5.60326, 54.003 ], [ -5.57944, 54.031 ], [ -5.54183, 54.038 ], [ -5.50951, 54.046 ], [ -5.47847, 54.056 ], [ -5.44897, 54.068 ], [ -5.39439, 54.093 ], [ -5.36967, 54.106 ], [ -5.34602, 54.121 ], [ -5.32382, 54.138 ], [ -5.2932, 54.156 ], [ -5.27159, 54.171 ], [ -5.23326, 54.206 ], [ -5.21064, 54.224 ], [ -5.19348, 54.241 ], [ -5.18108, 54.256 ], [ -5.15591, 54.294 ], [ -5.13871, 54.316 ], [ -5.12323, 54.346 ], [ -5.11843, 54.362 ], [ -5.11582, 54.378 ], [ -5.10061, 54.408 ], [ -5.0937, 54.438 ], [ -5.08727, 54.456 ], [ -5.07778, 54.46455 ], [ -4.99675, 54.446 ], [ -4.96296, 54.44 ], [ -4.91375, 54.435 ], [ -4.86855, 54.43398 ], [ -4.79339, 54.46204 ], [ -4.72812, 54.48371 ], [ -4.67257, 54.49954 ], [ -4.53259, 54.52954 ], [ -4.40038, 54.54648 ], [ -4.19624, 54.55343 ], [ -4.15347, 54.55065 ], [ -4.09542, 54.51538 ], [ -4.07487, 54.5001 ], [ -4.03443, 54.479 ], [ -3.94915, 54.42452 ], [ -3.93162, 54.405 ], [ -3.89848, 54.374 ], [ -3.87789, 54.359 ], [ -3.85303, 54.344 ], [ -3.83496, 54.329 ], [ -3.80634, 54.31 ], [ -3.77902, 54.288 ], [ -3.76243, 54.27 ], [ -3.75842, 54.252 ], [ -3.75173, 54.234 ], [ -3.74258, 54.217 ], [ -3.7293, 54.198 ], [ -3.6882, 54.152 ], [ -3.64732, 54.119 ], [ -3.62716, 54.098 ], [ -3.60584, 54.079 ], [ -3.59817, 54.058 ], [ -3.58799, 54.039 ], [ -3.56648, 54.01 ], [ -3.54947, 53.99 ], [ -3.53047, 53.971 ], [ -3.47964, 53.926 ], [ -3.44439, 53.903 ], [ -3.40561, 53.88399 ], [ -3.39173, 53.86973 ], [ -3.39484, 53.848 ], [ -3.39535, 53.814 ], [ -3.39728, 53.796 ], [ -3.39581, 53.764 ], [ -3.39265, 53.748 ], [ -3.38735, 53.732 ], [ -3.37982, 53.716 ], [ -3.36834, 53.697 ], [ -3.39733, 53.664 ], [ -3.41313, 53.641 ], [ -3.42483, 53.62 ], [ -3.43236, 53.602 ], [ -3.43739, 53.584 ], [ -3.43995, 53.566 ], [ -3.44022, 53.547 ], [ -3.51753, 53.533 ], [ -3.6272, 53.508 ], [ -3.67281, 53.518 ], [ -3.74533, 53.531 ], [ -3.78547, 53.537 ], [ -3.83247, 53.541 ], [ -3.87441, 53.542 ], [ -3.91772, 53.54 ], [ -3.95831, 53.535 ], [ -4.00531, 53.526 ], [ -4.03453, 53.549 ], [ -4.07051, 53.57 ], [ -4.10988, 53.587 ], [ -4.15519, 53.601 ], [ -4.2122, 53.612 ], [ -4.27952, 53.617 ], [ -4.36938, 53.631 ], [ -4.4026, 53.634 ], [ -4.44202, 53.635 ], [ -4.49599, 53.632 ], [ -4.55264, 53.623 ], [ -4.61065, 53.624 ], [ -4.65404, 53.622 ], [ -4.70068, 53.616 ], [ -4.74217, 53.607 ], [ -4.79401, 53.59 ], [ -4.838, 53.569 ], [ -4.86113, 53.555 ], [ -4.88046, 53.541 ], [ -4.89758, 53.526 ], [ -4.91245, 53.51 ], [ -4.93248, 53.48 ], [ -4.93951, 53.464 ], [ -4.9446, 53.447 ], [ -4.99275, 53.404 ], [ -5.00819, 53.385 ], [ -5.01974, 53.366 ], [ -5.02846, 53.345 ], [ -5.0334, 53.323 ], [ -5.03424, 53.301 ], [ -5.03101, 53.279 ], [ -5.02032, 53.25 ], [ -4.99719, 53.212 ], [ -4.98119, 53.191 ], [ -4.96214, 53.172 ], [ -4.94061, 53.155 ], [ -4.91541, 53.139 ], [ -4.89051, 53.126 ], [ -4.86253, 53.114 ], [ -4.84018, 53.1 ], [ -4.81186, 53.085 ], [ -4.88762, 53.045 ], [ -4.91065, 53.029 ], [ -4.93142, 53.011 ], [ -4.9623, 52.994 ], [ -4.99034, 52.974 ], [ -5.01996, 52.945 ], [ -5.03352, 52.927 ], [ -5.04425, 52.908 ], [ -5.09419, 52.853 ], [ -5.10597, 52.836 ], [ -5.11484, 52.819 ], [ -5.12627, 52.787 ], [ -5.13057, 52.769 ], [ -5.13242, 52.749 ], [ -5.13112, 52.729 ], [ -5.12654, 52.709 ], [ -5.11945, 52.691 ], [ -5.10524, 52.667 ], [ -5.08586, 52.644 ], [ -5.06216, 52.623 ], [ -5.03429, 52.604 ], [ -5.00206, 52.587 ], [ -4.96747, 52.573 ], [ -4.92731, 52.561 ], [ -4.88852, 52.553 ], [ -4.83515, 52.547 ], [ -4.79579, 52.546 ], [ -4.76678, 52.547 ], [ -4.7266, 52.551 ], [ -4.68297, 52.559 ], [ -4.6433, 52.57 ], [ -4.60883, 52.583 ], [ -4.53515, 52.578 ], [ -4.49395, 52.579 ], [ -4.45398, 52.582 ], [ -4.44631, 52.56 ], [ -4.43435, 52.538 ], [ -4.41793, 52.516 ], [ -4.39789, 52.495 ], [ -4.41433, 52.45 ], [ -4.42963, 52.423 ], [ -4.44263, 52.413 ], [ -4.49646, 52.402 ], [ -4.53905, 52.389 ], [ -4.58365, 52.37 ], [ -4.61872, 52.35 ], [ -4.64807, 52.339 ], [ -4.76832, 52.328 ], [ -4.80891, 52.32 ], [ -4.84395, 52.31 ], [ -4.9137, 52.283 ], [ -4.94182, 52.27 ], [ -4.97384, 52.251 ], [ -5.00384, 52.228 ], [ -5.06887, 52.231 ], [ -5.1109, 52.229 ], [ -5.14682, 52.225 ], [ -5.18093, 52.219 ], [ -5.21294, 52.211 ], [ -5.24327, 52.201 ], [ -5.26974, 52.19 ], [ -5.29688, 52.176 ], [ -5.32034, 52.161 ], [ -5.33949, 52.146 ], [ -5.36627, 52.121 ], [ -5.4195, 52.097 ], [ -5.46898, 52.081 ], [ -5.49867, 52.069 ], [ -5.52963, 52.053 ], [ -5.56156, 52.032 ], [ -5.61198, 51.992 ], [ -5.63732, 51.966 ], [ -5.6483, 51.951 ], [ -5.65747, 51.935 ], [ -5.66753, 51.913 ], [ -5.67334, 51.894 ], [ -5.70383, 51.878 ], [ -5.72989, 51.861 ], [ -5.75279, 51.842 ], [ -5.77348, 51.82 ], [ -5.79042, 51.795 ], [ -5.80198, 51.768 ], [ -5.80736, 51.74 ], [ -5.80636, 51.712 ], [ -5.79891, 51.684 ], [ -5.78521, 51.657 ], [ -5.76601, 51.632 ], [ -5.74036, 51.608 ], [ -5.71508, 51.59 ], [ -5.68656, 51.574 ], [ -5.65463, 51.56 ], [ -5.62195, 51.549 ], [ -5.58183, 51.539 ], [ -5.54538, 51.533 ], [ -5.51357, 51.53 ], [ -5.47007, 51.529 ], [ -5.42843, 51.514 ], [ -5.38035, 51.50239 ], [ -5.35591, 50.61907 ], [ -5.3661, 50.6 ], [ -5.37274, 50.582 ], [ -5.37697, 50.562 ], [ -5.3781, 50.543 ], [ -5.39932, 50.527 ], [ -5.41843, 50.509 ], [ -5.44254, 50.481 ], [ -5.45657, 50.46 ], [ -5.49042, 50.434 ], [ -5.52478, 50.426 ], [ -5.55644, 50.416 ], [ -5.63433, 50.407 ], [ -5.66323, 50.401 ], [ -5.69183, 50.393 ], [ -5.72442, 50.381 ], [ -5.79226, 50.351 ], [ -5.84449, 50.333 ], [ -5.87002, 50.321 ], [ -5.89414, 50.307 ], [ -5.94364, 50.269 ], [ -5.98513, 50.23 ], [ -6.00212, 50.211 ], [ -6.01331, 50.195 ], [ -6.02246, 50.178 ], [ -6.02996, 50.158 ], [ -6.03436, 50.138 ], [ -6.04629, 50.114 ], [ -6.12231, 50.149 ], [ -6.17634, 50.167 ], [ -6.20747, 50.174 ], [ -6.24089, 50.179 ], [ -6.3075, 50.182 ], [ -6.3477, 50.18 ], [ -6.39332, 50.175 ], [ -6.42596, 50.169 ], [ -6.46135, 50.16 ], [ -6.49195, 50.15 ], [ -6.53653, 50.132 ], [ -6.57635, 50.113 ], [ -6.60229, 50.098 ], [ -6.62196, 50.084 ], [ -6.64854, 50.062 ], [ -6.66516, 50.045 ], [ -6.67836, 50.028 ], [ -6.68963, 50.009 ], [ -6.69795, 49.989 ], [ -6.70293, 49.969 ], [ -6.70474, 49.949 ], [ -6.7037, 49.931 ], [ -6.70012, 49.913 ], [ -6.68874, 49.884 ], [ -6.6832, 49.858 ], [ -6.66833, 49.816 ], [ -6.6577, 49.797 ], [ -6.64349, 49.778 ], [ -6.6262, 49.76 ], [ -6.60704, 49.744 ], [ -6.5729, 49.722 ], [ -6.53473, 49.704 ], [ -6.49295, 49.69 ], [ -6.44688, 49.68 ], [ -6.40267, 49.675 ], [ -6.37541, 49.674 ], [ -6.33868, 49.675 ], [ -6.30092, 49.679 ], [ -6.25994, 49.687 ], [ -6.20157, 49.704 ], [ -6.16695, 49.717 ], [ -6.08412, 49.758 ], [ -6.05268, 49.777 ], [ -6.02738, 49.797 ], [ -6.0105, 49.814 ], [ -5.98793, 49.833 ], [ -5.97275, 49.849 ], [ -5.9525, 49.878 ], [ -5.93953, 49.909 ], [ -5.89465, 49.89 ], [ -5.86803, 49.876 ], [ -5.83508, 49.862 ], [ -5.79722, 49.85 ], [ -5.76066, 49.842 ], [ -5.71035, 49.836 ], [ -5.683, 49.835 ], [ -5.64089, 49.836 ], [ -5.60301, 49.84 ], [ -5.52168, 49.855 ], [ -5.49734, 49.858 ], [ -5.46205, 49.832 ], [ -5.40591, 49.801 ], [ -5.36864, 49.785 ], [ -5.32569, 49.772 ], [ -5.27745, 49.763 ], [ -5.21951, 49.759 ], [ -5.16726, 49.76 ], [ -5.11703, 49.766 ], [ -5.06978, 49.777 ], [ -5.01696, 49.795 ], [ -4.98545, 49.81 ], [ -4.95606, 49.828 ], [ -4.90822, 49.848 ], [ -4.87431, 49.868 ], [ -4.84751, 49.889 ], [ -4.8098, 49.924 ], [ -4.79491, 49.94 ], [ -4.78139, 49.958 ], [ -4.76566, 49.984 ], [ -4.75792, 50.0 ], [ -4.75238, 50.016 ], [ -4.74418, 50.022 ], [ -4.70763, 50.028 ], [ -4.67791, 50.035 ], [ -4.64636, 50.045 ], [ -4.61461, 50.058 ], [ -4.58769, 50.072 ], [ -4.56311, 50.088 ], [ -4.54218, 50.105 ], [ -4.52347, 50.124 ], [ -4.48265, 50.127 ], [ -4.43749, 50.134 ], [ -4.39129, 50.139 ], [ -4.38165, 50.139 ], [ -4.3397, 50.126 ], [ -4.2943, 50.117 ], [ -4.2562, 50.113 ], [ -4.18376, 50.112 ], [ -4.12797, 50.101 ], [ -4.0845, 50.095 ], [ -4.04618, 50.074 ], [ -3.97412, 50.042 ], [ -3.93095, 50.029 ], [ -3.86611, 50.016 ], [ -3.76691, 50.004 ], [ -3.72669, 50.002 ], [ -3.67539, 50.004 ], [ -3.6221, 50.012 ], [ -3.57326, 50.025 ], [ -3.51861, 50.037 ], [ -3.47403, 50.052 ], [ -3.44757, 50.064 ], [ -3.42431, 50.077 ], [ -3.40236, 50.092 ], [ -3.38224, 50.109 ], [ -3.36697, 50.125 ], [ -3.35399, 50.142 ], [ -3.34342, 50.16 ], [ -3.33571, 50.178 ], [ -3.29453, 50.204 ], [ -3.25344, 50.239 ], [ -3.23448, 50.261 ], [ -3.21543, 50.292 ], [ -3.1925, 50.322 ], [ -3.18081, 50.343 ], [ -3.17276, 50.365 ], [ -3.16914, 50.383 ], [ -3.16807, 50.403 ], [ -3.15988, 50.427 ], [ -3.15567, 50.453 ], [ -3.11816, 50.468 ], [ -3.08547, 50.485 ], [ -3.02495, 50.49 ], [ -2.97529, 50.5 ], [ -2.92911, 50.506 ], [ -2.8715, 50.517 ], [ -2.86522, 50.517 ], [ -2.83444, 50.506 ], [ -2.76899, 50.477 ], [ -2.75313, 50.443 ], [ -2.73049, 50.413 ], [ -2.69934, 50.385 ], [ -2.66182, 50.361 ], [ -2.62563, 50.344 ], [ -2.58791, 50.331 ], [ -2.54567, 50.321 ], [ -2.50215, 50.315 ], [ -2.4522, 50.313 ], [ -2.41172, 50.315 ], [ -2.37376, 50.32 ], [ -2.33308, 50.329 ], [ -2.29592, 50.341 ], [ -2.26362, 50.355 ], [ -2.22507, 50.376 ], [ -2.19532, 50.397 ], [ -2.15593, 50.387 ], [ -2.12037, 50.381 ], [ -2.08934, 50.378 ], [ -2.04942, 50.377 ], [ -1.99073, 50.381 ], [ -1.93464, 50.391 ], [ -1.86608, 50.4 ], [ -1.81911, 50.412 ], [ -1.77113, 50.43 ], [ -1.73285, 50.45 ], [ -1.69903, 50.47435 ], [ -1.64627, 50.46535 ], [ -1.56956, 50.459 ], [ -1.54729, 50.448 ], [ -1.51285, 50.426 ], [ -1.48662, 50.413 ], [ -1.44726, 50.398 ], [ -1.40353, 50.386 ], [ -1.3706, 50.38 ], [ -1.33229, 50.376 ], [ -1.29005, 50.375 ], [ -1.26239, 50.376 ], [ -1.19213, 50.384 ], [ -1.15168, 50.391 ], [ -1.07768, 50.409 ], [ -1.02317, 50.426 ], [ -0.98679, 50.442 ], [ -0.95385, 50.461 ], [ -0.92371, 50.484 ], [ -0.89885, 50.51 ], [ -0.86692, 50.52792 ], [ -0.82241, 50.523 ], [ -0.78234, 50.522 ], [ -0.74168, 50.524 ], [ -0.69273, 50.531 ], [ -0.65213, 50.541 ], [ -0.61276, 50.555 ], [ -0.57767, 50.572 ], [ -0.54521, 50.593 ], [ -0.49714, 50.601 ], [ -0.42135, 50.603 ], [ -0.33738, 50.609 ], [ -0.29131, 50.615 ], [ -0.23469, 50.626 ], [ -0.19571, 50.617 ], [ -0.14632, 50.61 ], [ -0.04379, 50.587 ], [ 0.01301, 50.57 ], [ 0.06596, 50.56 ], [ 0.09904, 50.551 ], [ 0.14052, 50.543 ], [ 0.19537, 50.536 ], [ 0.23605, 50.534 ], [ 0.28538, 50.536 ], [ 0.32351, 50.541 ], [ 0.38486, 50.554 ], [ 0.41313, 50.563 ], [ 0.44061, 50.574 ], [ 0.48064, 50.595 ], [ 0.50266, 50.61 ], [ 0.52315, 50.627 ], [ 0.54998, 50.642 ], [ 0.60717, 50.653 ], [ 0.67575, 50.661 ], [ 0.73731, 50.674 ], [ 0.80843, 50.693 ], [ 0.83877, 50.704 ], [ 0.86707, 50.717 ], [ 0.92373, 50.712 ], [ 0.97501, 50.711 ], [ 1.00288, 50.712 ], [ 1.06066, 50.719 ], [ 1.1156, 50.732 ], [ 1.16107, 50.749 ], [ 1.20242, 50.771 ], [ 1.23632, 50.796 ], [ 1.25209, 50.811 ], [ 1.2635, 50.82439 ], [ 1.26277, 50.82117 ], [ 1.26879, 50.80409 ], [ 1.26125, 50.78729 ], [ 1.24529, 50.74073 ], [ 1.24247, 50.72418 ], [ 1.24183, 50.70754 ], [ 1.2523, 50.61952 ], [ 1.24423, 50.59463 ], [ 1.24125, 50.57698 ], [ 1.24061, 50.56033 ], [ 1.24248, 50.54164 ], [ 1.25218, 50.49805 ], [ 1.24512, 50.46788 ], [ 1.22962, 50.43868 ], [ 1.21891, 50.40807 ], [ 1.21639, 50.39276 ], [ 1.21576, 50.37612 ], [ 1.21898, 50.34613 ], [ 1.19762, 50.32041 ], [ 1.18339, 50.29555 ], [ 1.17279, 50.27068 ], [ 1.16785, 50.25434 ], [ 1.16505, 50.23779 ], [ 1.16439, 50.22126 ], [ 1.12362, 50.20274 ], [ 1.10398, 50.19188 ], [ 1.04268, 50.1531 ], [ 0.98581, 50.12604 ], [ 0.93887, 50.12515 ], [ 0.88786, 50.11961 ], [ 0.83391, 50.10782 ], [ 0.78729, 50.09246 ], [ 0.78367, 50.08938 ], [ 0.74416, 50.08353 ], [ 0.71118, 50.07576 ], [ 0.6594, 50.07326 ], [ 0.56545, 50.06065 ], [ 0.47038, 50.04185 ], [ 0.42464, 50.02792 ], [ 0.37919, 50.01165 ], [ 0.35924, 50.00305 ], [ 0.29963, 49.97287 ], [ 0.28581, 49.96744 ], [ 0.22124, 49.94727 ], [ 0.17619, 49.92809 ], [ 0.13686, 49.91655 ], [ 0.11386, 49.90749 ], [ 0.05651, 49.8912 ], [ 0.0136, 49.87281 ], [ -0.01963, 49.85421 ], [ -0.04175, 49.83934 ], [ -0.06806, 49.82727 ], [ -0.10559, 49.80451 ], [ -0.13671, 49.77804 ], [ -0.15528, 49.75719 ], [ -0.16626, 49.74215 ], [ -0.17528, 49.72654 ], [ -0.18224, 49.71052 ], [ -0.18713, 49.69417 ], [ -0.18989, 49.67762 ], [ -0.18968, 49.65033 ], [ -0.19986, 49.63628 ], [ -0.22817, 49.5872 ], [ -0.23676, 49.56643 ], [ -0.24329, 49.53633 ], [ -0.28659, 49.54699 ], [ -0.33672, 49.55356 ], [ -0.39445, 49.5571 ], [ -0.43812, 49.55581 ], [ -0.50039, 49.56082 ], [ -0.62681, 49.56148 ], [ -0.67765, 49.5559 ], [ -0.70444, 49.55051 ], [ -0.7218, 49.55186 ], [ -0.73292, 49.55368 ], [ -0.77223, 49.56803 ], [ -0.81532, 49.5804 ], [ -0.85972, 49.58917 ], [ -0.88455, 49.60872 ], [ -0.91287, 49.64673 ], [ -0.9186, 49.66856 ], [ -0.92986, 49.69851 ], [ -0.96204, 49.75767 ], [ -0.98449, 49.7876 ], [ -1.00912, 49.81425 ], [ -1.04236, 49.83963 ], [ -1.06132, 49.85089 ], [ -1.10312, 49.87117 ], [ -1.14815, 49.88802 ], [ -1.22058, 49.90656 ], [ -1.32792, 49.92153 ], [ -1.38911, 49.92215 ], [ -1.43992, 49.91661 ], [ -1.48665, 49.90623 ], [ -1.55183, 49.89583 ], [ -1.67226, 49.88762 ], [ -1.71004, 49.90166 ], [ -1.75813, 49.91358 ], [ -1.81514, 49.92046 ], [ -1.84102, 49.92614 ], [ -1.89155, 49.93271 ], [ -1.94038, 49.93451 ], [ -1.96615, 49.93381 ], [ -2.01698, 49.92827 ], [ -2.05466, 49.92014 ], [ -2.05028, 49.80851 ], [ -2.05972, 49.75128 ], [ -2.06583, 49.681 ], [ -2.08305, 49.64989 ], [ -2.085, 49.64128 ], [ -2.13194, 49.54544 ], [ -2.13888, 49.53989 ], [ -2.09888, 49.45961 ], [ -1.99387, 49.36372 ], [ -1.89304, 49.31572 ], [ -1.8347, 49.24988 ], [ -1.8347, 49.18238 ], [ -1.86053, 49.06488 ], [ -1.94421, 48.96371 ], [ -1.98471, 48.94071 ], [ -1.98469, 48.88237 ], [ -2.0847, 48.8712 ], [ -2.24303, 48.8712 ], [ -2.52671, 48.92687 ], [ -2.52671, 49.05854 ], [ -2.56055, 49.21987 ], [ -2.69389, 49.25904 ], [ -2.73805, 49.27043 ], [ -2.77861, 49.27876 ], [ -2.93317, 49.30344 ], [ -2.9862, 49.28857 ], [ -3.02859, 49.27018 ], [ -3.06568, 49.24743 ], [ -3.0961, 49.22306 ], [ -3.11574, 49.20364 ], [ -3.13425, 49.17994 ], [ -3.15005, 49.14832 ], [ -3.15488, 49.13197 ], [ -3.15742, 49.11659 ], [ -3.2118, 49.11033 ], [ -3.41319, 49.10443 ], [ -3.4588, 49.10685 ], [ -3.4937, 49.10625 ], [ -3.54367, 49.10071 ], [ -3.58751, 49.09082 ], [ -3.69819, 49.07737 ], [ -3.74727, 49.0691 ], [ -3.79355, 49.05558 ], [ -3.82517, 49.04222 ], [ -4.1188, 48.95402 ], [ -4.15712, 48.9447 ], [ -4.59202, 48.8557 ], [ -4.6428, 48.84727 ], [ -4.66626, 48.84114 ], [ -4.68887, 48.83375 ], [ -4.71979, 48.82087 ], [ -4.76935, 48.80656 ], [ -4.82137, 48.78426 ], [ -4.85693, 48.7756 ], [ -4.90544, 48.75749 ], [ -5.17024, 48.6815 ], [ -5.22314, 48.67289 ], [ -5.26905, 48.65936 ], [ -5.3109, 48.64097 ], [ -5.32994, 48.6301 ], [ -5.35238, 48.61434 ], [ -5.37794, 48.59173 ], [ -5.41597, 48.54666 ], [ -5.4355, 48.516 ], [ -5.44642, 48.48589 ], [ -5.44978, 48.46707 ], [ -5.45177, 48.44154 ], [ -5.45031, 48.42493 ], [ -5.44677, 48.40843 ], [ -5.44119, 48.39219 ], [ -5.31893, 48.08392 ], [ -5.32176, 48.05363 ], [ -5.32031, 48.037 ], [ -5.31679, 48.02051 ], [ -5.31125, 48.00428 ], [ -5.29405, 47.97265 ], [ -5.27844, 47.95157 ], [ -5.26531, 47.93744 ], [ -5.23408, 47.91163 ], [ -5.21617, 47.90011 ], [ -5.17644, 47.88027 ], [ -5.13238, 47.86512 ], [ -5.10238, 47.85822 ], [ -4.71697, 47.69425 ], [ -4.50039, 47.60023 ], [ -4.47895, 47.59204 ], [ -4.43342, 47.5794 ], [ -4.4094, 47.575 ], [ -4.33833, 47.56643 ], [ -4.26109, 47.54554 ], [ -4.23447, 47.5237 ], [ -4.1976, 47.50172 ], [ -4.17726, 47.49234 ], [ -4.13352, 47.47719 ], [ -4.08673, 47.46716 ], [ -4.06255, 47.46415 ], [ -4.01355, 47.46225 ], [ -3.96477, 47.46587 ], [ -3.91171, 47.47647 ], [ -3.66771, 47.44394 ], [ -3.57705, 47.31179 ], [ -3.55647, 47.27944 ], [ -3.51542, 47.22176 ], [ -3.49669, 47.19713 ], [ -3.48581, 47.18555 ], [ -3.45844, 47.16377 ], [ -3.43054, 47.14579 ], [ -3.39844, 47.13054 ], [ -3.35153, 47.11225 ], [ -3.29692, 47.09748 ], [ -3.13473, 47.07936 ], [ -3.0853, 47.07742 ], [ -3.03686, 47.08104 ], [ -2.87879, 47.10796 ], [ -2.68842, 47.03327 ], [ -2.67008, 47.00915 ], [ -2.69695, 46.76573 ], [ -2.70261, 46.73793 ], [ -2.70321, 46.72127 ], [ -2.7018, 46.70464 ], [ -2.69838, 46.68815 ], [ -2.68564, 46.65603 ], [ -2.67641, 46.64063 ], [ -2.65255, 46.61169 ], [ -2.62599, 46.58592 ], [ -2.59344, 46.56113 ], [ -2.56878, 46.54538 ], [ -2.53616, 46.52921 ], [ -2.51514, 46.52102 ], [ -2.46016, 46.50481 ], [ -2.04464, 46.34462 ], [ -2.03673, 46.33938 ], [ -1.8449, 46.1504 ], [ -1.82154, 46.12265 ], [ -1.78078, 46.08425 ], [ -1.72983, 46.0449 ], [ -1.70079, 45.99564 ], [ -1.69562, 45.97852 ], [ -1.69413, 45.95987 ], [ -1.69076, 45.94337 ], [ -1.68543, 45.92713 ], [ -1.66174, 45.87182 ], [ -1.65264, 45.85642 ], [ -1.62913, 45.82747 ], [ -1.61429, 45.81356 ], [ -1.5902, 45.79544 ], [ -1.55822, 45.7275 ], [ -1.57052, 45.70042 ], [ -1.57505, 45.68407 ], [ -1.57823, 45.65072 ], [ -1.5735, 45.61758 ], [ -1.56097, 45.58533 ], [ -1.541, 45.55497 ], [ -1.52593, 45.53829 ], [ -1.49847, 45.5149 ], [ -1.46692, 45.49515 ], [ -1.45607, 45.48184 ], [ -1.44397, 45.44937 ], [ -1.44876, 45.41347 ], [ -1.44639, 45.3794 ], [ -1.44812, 45.31499 ], [ -1.4717, 45.16951 ], [ -1.49076, 44.9882 ], [ -1.50122, 44.9252 ], [ -1.50857, 44.86765 ], [ -1.51581, 44.83645 ], [ -1.518, 44.81305 ], [ -1.5324, 44.74002 ], [ -1.54117, 44.71098 ], [ -1.54721, 44.67429 ], [ -1.54853, 44.65131 ], [ -1.5473, 44.63601 ], [ -1.55582, 44.6142 ], [ -1.56283, 44.58114 ], [ -1.56342, 44.56448 ], [ -1.55878, 44.53134 ], [ -1.54411, 44.4821 ], [ -1.53854, 44.46937 ], [ -1.54139, 44.43464 ], [ -1.58931, 44.17197 ], [ -1.65605, 43.92396 ], [ -1.68365, 43.84647 ], [ -1.69927, 43.79415 ], [ -1.71401, 43.73726 ], [ -1.71995, 43.69134 ], [ -1.73893, 43.66457 ], [ -1.76506, 43.63944 ], [ -1.7833, 43.61482 ], [ -1.80405, 43.59487 ], [ -1.81181, 43.59789 ], [ -1.85375, 43.59359 ], [ -2.19245, 43.52406 ], [ -2.65989, 43.64767 ], [ -2.7089, 43.65694 ], [ -2.74517, 43.65953 ], [ -2.78159, 43.65865 ], [ -2.94297, 43.64399 ], [ -3.36937, 43.66451 ], [ -3.49273, 43.7037 ], [ -3.52771, 43.71115 ], [ -3.58194, 43.71595 ], [ -3.61836, 43.71482 ], [ -3.8604, 43.69318 ], [ -4.00754, 43.66997 ], [ -4.35666, 43.61097 ], [ -4.872, 43.66101 ], [ -5.2245, 43.73005 ], [ -5.33567, 43.74896 ], [ -5.75262, 43.85201 ], [ -5.81326, 43.86247 ], [ -5.84943, 43.86586 ], [ -5.88591, 43.86579 ], [ -5.92205, 43.86227 ], [ -6.28835, 43.79626 ], [ -6.63751, 43.77751 ], [ -6.89478, 43.77791 ], [ -7.58995, 43.97969 ], [ -7.6426, 43.99032 ], [ -7.67886, 43.99318 ], [ -7.71533, 43.99258 ], [ -7.89275, 43.981 ], [ -7.94619, 43.97361 ], [ -7.98039, 43.96451 ], [ -8.01945, 43.95172 ], [ -8.17711, 43.89225 ], [ -8.21389, 43.8754 ], [ -8.4643, 43.73919 ], [ -8.99528, 43.53316 ], [ -9.33668, 43.35139 ], [ -9.39115, 43.31863 ], [ -9.42853, 43.29085 ], [ -9.45335, 43.26432 ], [ -9.54237, 43.1501 ], [ -9.55692, 43.12603 ], [ -9.56705, 43.10077 ], [ -9.5722, 43.07966 ], [ -9.5754, 43.05344 ], [ -9.57291, 42.91281 ], [ -9.56909, 42.88663 ], [ -9.55551, 42.84259 ], [ -9.55073, 42.82989 ], [ -9.53785, 42.80531 ], [ -9.34415, 42.49827 ], [ -9.18349, 42.16518 ], [ -9.16768, 42.08196 ], [ -9.15498, 42.03388 ], [ -9.14378, 41.97873 ], [ -9.1399, 41.9146 ], [ -9.15673, 41.87261 ], [ -9.0507, 41.86519 ], [ -8.87097, 41.86393 ], [ -8.86743, 41.85752 ], [ -8.86683, 41.84839 ], [ -8.86855, 41.84487 ], [ -8.87535, 41.84116 ], [ -8.87686, 41.82966 ], [ -8.87352, 41.8273 ], [ -8.87509, 41.82301 ], [ -8.87371, 41.82216 ], [ -8.87433, 41.81988 ], [ -8.87012, 41.81586 ], [ -8.8706, 41.81344 ], [ -8.86707, 41.81428 ], [ -8.86497, 41.8125 ], [ -8.86708, 41.80506 ], [ -8.87524, 41.79774 ], [ -8.87337, 41.79704 ], [ -8.87456, 41.7959 ], [ -8.87137, 41.78852 ], [ -8.87246, 41.78444 ], [ -8.87131, 41.77983 ], [ -8.8744, 41.77011 ], [ -8.87779, 41.76618 ], [ -8.87797, 41.75703 ], [ -8.88096, 41.75278 ], [ -8.87758, 41.74717 ], [ -8.87723, 41.74358 ], [ -8.87865, 41.74246 ], [ -8.87546, 41.73958 ], [ -8.87193, 41.7312 ], [ -8.87195, 41.7266 ], [ -8.86926, 41.72621 ], [ -8.86703, 41.72251 ], [ -8.86589, 41.71736 ], [ -8.86176, 41.71204 ], [ -8.85686, 41.70002 ], [ -8.85289, 41.6992 ], [ -8.85065, 41.69625 ], [ -8.84445, 41.67398 ], [ -8.84658, 41.68166 ], [ -8.84134, 41.68389 ], [ -8.83873, 41.68336 ], [ -8.83637, 41.68046 ], [ -8.83747, 41.67768 ], [ -8.83645, 41.67979 ], [ -8.8338, 41.67934 ], [ -8.82605, 41.67247 ], [ -8.82439, 41.66663 ], [ -8.82656, 41.64935 ], [ -8.82085, 41.63645 ], [ -8.8223, 41.62885 ], [ -8.81981, 41.62818 ], [ -8.81539, 41.62309 ], [ -8.81233, 41.61817 ], [ -8.81124, 41.61182 ], [ -8.8101, 41.61201 ], [ -8.8095, 41.61244 ], [ -8.80683, 41.60434 ], [ -8.80473, 41.58368 ], [ -8.79849, 41.57326 ], [ -8.79262, 41.55191 ], [ -8.79374, 41.54159 ], [ -8.79152, 41.54099 ], [ -8.79039, 41.53706 ], [ -8.79213, 41.52515 ], [ -8.7938, 41.52441 ], [ -8.79177, 41.52477 ], [ -8.7893, 41.52203 ], [ -8.78754, 41.51612 ], [ -8.7896, 41.51539 ], [ -8.78665, 41.5156 ], [ -8.78584, 41.51323 ], [ -8.78853, 41.50167 ], [ -8.78984, 41.5015 ], [ -8.78818, 41.50135 ], [ -8.78585, 41.49644 ], [ -8.78429, 41.48918 ], [ -8.77676, 41.48161 ], [ -8.77595, 41.47891 ], [ -8.7755, 41.46771 ], [ -8.7783, 41.45003 ], [ -8.78018, 41.44118 ], [ -8.78437, 41.43324 ], [ -8.78401, 41.42569 ], [ -8.78791, 41.41655 ], [ -8.78802, 41.41254 ], [ -8.78363, 41.4097 ], [ -8.77921, 41.40325 ], [ -8.77849, 41.40029 ], [ -8.78056, 41.39559 ], [ -8.77526, 41.39189 ], [ -8.77483, 41.386 ], [ -8.77212, 41.38429 ], [ -8.76913, 41.37884 ], [ -8.76896, 41.37497 ], [ -8.7717, 41.37059 ], [ -8.76895, 41.37388 ], [ -8.76647, 41.37388 ], [ -8.7677, 41.37454 ], [ -8.76648, 41.37519 ], [ -8.76719, 41.37714 ], [ -8.7624, 41.37426 ], [ -8.76446, 41.36899 ], [ -8.768, 41.37203 ], [ -8.76705, 41.37057 ], [ -8.76576, 41.36942 ], [ -8.76182, 41.36804 ], [ -8.76182, 41.36645 ], [ -8.76356, 41.36691 ], [ -8.76285, 41.36542 ], [ -8.76137, 41.36522 ], [ -8.76105, 41.36191 ], [ -8.75737, 41.35954 ], [ -8.7549, 41.35493 ], [ -8.75572, 41.35109 ], [ -8.75434, 41.35059 ], [ -8.75517, 41.34815 ], [ -8.75389, 41.34736 ], [ -8.75523, 41.34292 ], [ -8.75019, 41.34028 ], [ -8.7498, 41.33665 ], [ -8.74964, 41.33662 ], [ -8.7493, 41.3375 ], [ -8.74934, 41.33903 ], [ -8.74593, 41.33982 ], [ -8.74025, 41.33418 ], [ -8.73918, 41.32015 ], [ -8.74045, 41.31197 ], [ -8.74195, 41.31035 ], [ -8.73947, 41.30734 ], [ -8.73676, 41.29545 ], [ -8.73325, 41.29119 ], [ -8.73162, 41.28206 ], [ -8.72866, 41.27887 ], [ -8.72904, 41.27303 ], [ -8.72724, 41.26854 ], [ -8.72842, 41.26494 ], [ -8.72421, 41.25817 ], [ -8.72626, 41.24556 ], [ -8.72752, 41.24324 ], [ -8.72968, 41.24287 ], [ -8.72451, 41.23824 ], [ -8.72517, 41.23592 ], [ -8.72223, 41.23171 ], [ -8.72173, 41.228 ], [ -8.71668, 41.22527 ], [ -8.71537, 41.21247 ], [ -8.71707, 41.20527 ], [ -8.71515, 41.20433 ], [ -8.71622, 41.20286 ], [ -8.71215, 41.19964 ], [ -8.71235, 41.19692 ], [ -8.71041, 41.1965 ], [ -8.70674, 41.19001 ], [ -8.70754, 41.18625 ], [ -8.71215, 41.18246 ], [ -8.70805, 41.17257 ], [ -8.70833, 41.16967 ], [ -8.70767, 41.17255 ], [ -8.70922, 41.17863 ], [ -8.70275, 41.17639 ], [ -8.6976, 41.17888 ], [ -8.69445, 41.17694 ], [ -8.68938, 41.17187 ], [ -8.68884, 41.17003 ], [ -8.69104, 41.16894 ], [ -8.69093, 41.16704 ], [ -8.68644, 41.16295 ], [ -8.68557, 41.15768 ], [ -8.68223, 41.15666 ], [ -8.67729, 41.15041 ], [ -8.67572, 41.14744 ], [ -8.67736, 41.14668 ], [ -8.67515, 41.14752 ], [ -8.67983, 41.14482 ], [ -8.67955, 41.14461 ], [ -8.67664, 41.14656 ], [ -8.67341, 41.14229 ], [ -8.67031, 41.14255 ], [ -8.66804, 41.14025 ], [ -8.6708, 41.13451 ], [ -8.66742, 41.12631 ], [ -8.66839, 41.12168 ], [ -8.66426, 41.11871 ], [ -8.66536, 41.11328 ], [ -8.66335, 41.11206 ], [ -8.66398, 41.10553 ], [ -8.66211, 41.10423 ], [ -8.65708, 41.09062 ], [ -8.65895, 41.06869 ], [ -8.65702, 41.06623 ], [ -8.65602, 41.05405 ], [ -8.65702, 41.04904 ], [ -8.65663, 41.04735 ], [ -8.65551, 41.04866 ], [ -8.6532, 41.047 ], [ -8.64622, 41.03269 ], [ -8.64454, 41.02145 ], [ -8.64592, 41.01693 ], [ -8.64497, 41.01597 ], [ -8.64963, 41.00865 ], [ -8.64664, 41.00855 ], [ -8.64682, 41.00333 ], [ -8.64873, 40.99874 ], [ -8.65072, 40.99842 ], [ -8.64962, 40.99803 ], [ -8.64797, 40.99874 ], [ -8.64617, 40.99599 ], [ -8.64752, 40.99013 ], [ -8.64971, 40.98935 ], [ -8.64692, 40.98773 ], [ -8.64903, 40.98227 ], [ -8.65154, 40.98176 ], [ -8.64906, 40.98074 ], [ -8.65057, 40.97462 ], [ -8.65278, 40.97392 ], [ -8.65034, 40.97229 ], [ -8.65324, 40.96405 ], [ -8.6575, 40.95776 ], [ -8.65553, 40.95717 ], [ -8.65727, 40.95131 ], [ -8.65916, 40.95003 ], [ -8.65694, 40.94935 ], [ -8.65776, 40.9445 ], [ -8.65906, 40.94033 ], [ -8.66103, 40.94007 ], [ -8.65861, 40.93979 ], [ -8.65838, 40.93842 ], [ -8.66121, 40.93127 ], [ -8.66242, 40.93135 ], [ -8.65988, 40.93095 ], [ -8.6595, 40.92929 ], [ -8.67086, 40.88895 ], [ -8.67538, 40.8775 ], [ -8.67924, 40.87344 ], [ -8.67778, 40.87257 ], [ -8.68029, 40.86837 ], [ -8.67831, 40.86623 ], [ -8.68001, 40.85996 ], [ -8.68726, 40.84157 ], [ -8.69319, 40.81977 ], [ -8.70343, 40.79461 ], [ -8.72434, 40.73276 ], [ -8.73739, 40.70199 ], [ -8.74853, 40.6683 ], [ -8.7579, 40.64579 ], [ -8.76555, 40.64238 ], [ -8.74962, 40.64039 ], [ -8.74939, 40.6334 ], [ -8.75727, 40.60874 ], [ -8.75552, 40.60555 ], [ -8.75871, 40.60004 ], [ -8.75755, 40.59873 ], [ -8.75837, 40.59342 ], [ -8.77098, 40.55941 ], [ -8.77241, 40.55943 ], [ -8.77085, 40.55755 ], [ -8.77518, 40.54938 ], [ -8.77294, 40.5479 ], [ -8.777, 40.53416 ], [ -8.78247, 40.52099 ], [ -8.78505, 40.51828 ], [ -8.78288, 40.5182 ], [ -8.78278, 40.51568 ], [ -8.79014, 40.49653 ], [ -8.79471, 40.48962 ], [ -8.79238, 40.48935 ], [ -8.79234, 40.48697 ], [ -8.80807, 40.44819 ], [ -8.80635, 40.44733 ], [ -8.81016, 40.44117 ], [ -8.80817, 40.44014 ], [ -8.80952, 40.43454 ], [ -8.84603, 40.32727 ], [ -8.87239, 40.26196 ], [ -8.90908, 40.18679 ], [ -8.90656, 40.17891 ], [ -8.89675, 40.17566 ], [ -8.87667, 40.16064 ], [ -8.87414, 40.15528 ], [ -8.87413, 40.14626 ], [ -8.87855, 40.14321 ], [ -8.86285, 40.14004 ], [ -8.86356, 40.12819 ], [ -8.86484, 40.12798 ], [ -8.86381, 40.12775 ], [ -8.86473, 40.12431 ], [ -8.86595, 40.1243 ], [ -8.86405, 40.12392 ], [ -8.86379, 40.12211 ], [ -8.87081, 40.10299 ], [ -8.87845, 40.09007 ], [ -8.87651, 40.08932 ], [ -8.87783, 40.08562 ], [ -8.89061, 40.05871 ], [ -8.89307, 40.05632 ], [ -8.8915, 40.05477 ], [ -8.89863, 40.03682 ], [ -8.92848, 39.97386 ], [ -8.94169, 39.94251 ], [ -8.95545, 39.91793 ], [ -8.95453, 39.9147 ], [ -8.96002, 39.90476 ], [ -8.96046, 39.90103 ], [ -9.00298, 39.81508 ], [ -9.03111, 39.7666 ], [ -9.0326, 39.756 ], [ -9.05155, 39.71821 ], [ -9.04934, 39.71524 ], [ -9.05198, 39.70711 ], [ -9.0513, 39.69995 ], [ -9.05934, 39.68528 ], [ -9.06024, 39.67736 ], [ -9.08368, 39.62449 ], [ -9.08602, 39.61445 ], [ -9.08585, 39.60437 ], [ -9.07686, 39.60338 ], [ -9.07442, 39.60002 ], [ -9.07478, 39.59363 ], [ -9.07679, 39.59083 ], [ -9.07445, 39.59034 ], [ -9.07552, 39.58852 ], [ -9.07248, 39.58683 ], [ -9.07333, 39.58589 ], [ -9.07283, 39.58559 ], [ -9.07165, 39.5863 ], [ -9.07195, 39.58373 ], [ -9.07317, 39.58255 ], [ -9.07313, 39.58452 ], [ -9.07422, 39.5828 ], [ -9.07375, 39.58475 ], [ -9.07484, 39.58307 ], [ -9.0761, 39.58369 ], [ -9.07408, 39.5865 ], [ -9.07722, 39.58744 ], [ -9.07798, 39.58996 ], [ -9.07828, 39.58849 ], [ -9.0776, 39.58668 ], [ -9.08449, 39.58065 ], [ -9.11224, 39.54745 ], [ -9.12512, 39.53767 ], [ -9.12867, 39.52856 ], [ -9.14095, 39.52031 ], [ -9.14517, 39.52151 ], [ -9.14123, 39.51499 ], [ -9.14382, 39.51035 ], [ -9.13746, 39.51308 ], [ -9.13586, 39.51105 ], [ -9.13566, 39.50762 ], [ -9.13765, 39.50464 ], [ -9.14145, 39.50279 ], [ -9.14551, 39.50299 ], [ -9.14889, 39.50462 ], [ -9.14547, 39.50909 ], [ -9.15271, 39.50958 ], [ -9.16027, 39.50636 ], [ -9.16151, 39.5043 ], [ -9.17155, 39.50107 ], [ -9.17121, 39.49733 ], [ -9.17654, 39.49553 ], [ -9.18081, 39.49162 ], [ -9.18329, 39.48665 ], [ -9.1875, 39.48474 ], [ -9.195, 39.47705 ], [ -9.19518, 39.4752 ], [ -9.20318, 39.47366 ], [ -9.20375, 39.468 ], [ -9.20969, 39.46021 ], [ -9.21176, 39.45415 ], [ -9.21783, 39.44932 ], [ -9.2176, 39.44761 ], [ -9.22033, 39.44621 ], [ -9.22067, 39.44378 ], [ -9.2273, 39.43601 ], [ -9.27036, 39.40429 ], [ -9.30999, 39.38079 ], [ -9.31756, 39.37897 ], [ -9.31719, 39.37794 ], [ -9.32182, 39.37582 ], [ -9.33653, 39.37343 ], [ -9.3398, 39.37452 ], [ -9.33981, 39.37763 ], [ -9.34151, 39.37895 ], [ -9.34188, 39.37281 ], [ -9.33852, 39.37104 ], [ -9.33957, 39.36795 ], [ -9.35343, 39.3611 ], [ -9.35899, 39.3605 ], [ -9.37072, 39.36319 ], [ -9.37405, 39.36706 ], [ -9.37186, 39.37083 ], [ -9.37717, 39.37347 ], [ -9.37832, 39.37608 ], [ -9.37908, 39.37449 ], [ -9.37668, 39.37188 ], [ -9.379, 39.36855 ], [ -9.3854, 39.37137 ], [ -9.38597, 39.37005 ], [ -9.38802, 39.37153 ], [ -9.39024, 39.37007 ], [ -9.39686, 39.37045 ], [ -9.40348, 39.36747 ], [ -9.40863, 39.36069 ], [ -9.40827, 39.35888 ], [ -9.40072, 39.35585 ], [ -9.3976, 39.35616 ], [ -9.39603, 39.35419 ], [ -9.39445, 39.35489 ], [ -9.39451, 39.35327 ], [ -9.38022, 39.35328 ], [ -9.37551, 39.34763 ], [ -9.37627, 39.35122 ], [ -9.37865, 39.35337 ], [ -9.37668, 39.35568 ], [ -9.37188, 39.35535 ], [ -9.37208, 39.35315 ], [ -9.36801, 39.35665 ], [ -9.36513, 39.35482 ], [ -9.36997, 39.35299 ], [ -9.36967, 39.35078 ], [ -9.37437, 39.34963 ], [ -9.36781, 39.35006 ], [ -9.36161, 39.34106 ], [ -9.3593, 39.32838 ], [ -9.36004, 39.32515 ], [ -9.3622, 39.32374 ], [ -9.35919, 39.32346 ], [ -9.35723, 39.31917 ], [ -9.35046, 39.31581 ], [ -9.34689, 39.31153 ], [ -9.3477, 39.30957 ], [ -9.34547, 39.30381 ], [ -9.34778, 39.30083 ], [ -9.34216, 39.29733 ], [ -9.34272, 39.29351 ], [ -9.34041, 39.29216 ], [ -9.34351, 39.28922 ], [ -9.34337, 39.2876 ], [ -9.3384, 39.2861 ], [ -9.33672, 39.28262 ], [ -9.33668, 39.26339 ], [ -9.34127, 39.24524 ], [ -9.34398, 39.24095 ], [ -9.34027, 39.23626 ], [ -9.33953, 39.23275 ], [ -9.34164, 39.23007 ], [ -9.33945, 39.22891 ], [ -9.34417, 39.21502 ], [ -9.34734, 39.21291 ], [ -9.34525, 39.20974 ], [ -9.34572, 39.2044 ], [ -9.35586, 39.18309 ], [ -9.35855, 39.18172 ], [ -9.35619, 39.17924 ], [ -9.35887, 39.17707 ], [ -9.35755, 39.17452 ], [ -9.35885, 39.17182 ], [ -9.36711, 39.16128 ], [ -9.3672, 39.15833 ], [ -9.37571, 39.14428 ], [ -9.3862, 39.13294 ], [ -9.38626, 39.12993 ], [ -9.39401, 39.12149 ], [ -9.39286, 39.11537 ], [ -9.39532, 39.11076 ], [ -9.40566, 39.09711 ], [ -9.41466, 39.08826 ], [ -9.41441, 39.08605 ], [ -9.42179, 39.07461 ], [ -9.41578, 39.06324 ], [ -9.41515, 39.05717 ], [ -9.41784, 39.05054 ], [ -9.41595, 39.04349 ], [ -9.41971, 39.03585 ], [ -9.41875, 39.03228 ], [ -9.42321, 39.02589 ], [ -9.42498, 39.01943 ], [ -9.42223, 39.01544 ], [ -9.42202, 39.01155 ], [ -9.42676, 39.00906 ], [ -9.42505, 39.00504 ], [ -9.42744, 39.00449 ], [ -9.42778, 39.00228 ], [ -9.42461, 38.99971 ], [ -9.42482, 38.99361 ], [ -9.41894, 38.9857 ], [ -9.42221, 38.98254 ], [ -9.42286, 38.97921 ], [ -9.42021, 38.97625 ], [ -9.42169, 38.97015 ], [ -9.42022, 38.96616 ], [ -9.42373, 38.96328 ], [ -9.41999, 38.96513 ], [ -9.4189, 38.96299 ], [ -9.42033, 38.96086 ], [ -9.41567, 38.95866 ], [ -9.41591, 38.95619 ], [ -9.41747, 38.95599 ], [ -9.41524, 38.94935 ], [ -9.41629, 38.9415 ], [ -9.41846, 38.94095 ], [ -9.42012, 38.93186 ], [ -9.42361, 38.92698 ], [ -9.42617, 38.9185 ], [ -9.43138, 38.91178 ], [ -9.4355, 38.90049 ], [ -9.43473, 38.89701 ], [ -9.43615, 38.89783 ], [ -9.43912, 38.89357 ], [ -9.4391, 38.8874 ], [ -9.44473, 38.87958 ], [ -9.44446, 38.87452 ], [ -9.45119, 38.86688 ], [ -9.44923, 38.86394 ], [ -9.45061, 38.86016 ], [ -9.46238, 38.84032 ], [ -9.46659, 38.83641 ], [ -9.47017, 38.82622 ], [ -9.47315, 38.82451 ], [ -9.4736, 38.82057 ], [ -9.47909, 38.81211 ], [ -9.48413, 38.80792 ], [ -9.48626, 38.80214 ], [ -9.48954, 38.80072 ], [ -9.48991, 38.79529 ], [ -9.49353, 38.79414 ], [ -9.49203, 38.79281 ], [ -9.4936, 38.79261 ], [ -9.49245, 38.79064 ], [ -9.4965, 38.78816 ], [ -9.49572, 38.78692 ], [ -9.50059, 38.78093 ], [ -9.49835, 38.77656 ] ], [ [ 14.85031, 55.49164 ], [ 14.52656, 55.28 ], [ 14.3444, 55.14763 ], [ 14.33534, 55.11809 ], [ 14.33362, 55.10487 ], [ 14.33474, 55.07838 ], [ 14.33756, 55.06522 ], [ 14.34765, 55.03936 ], [ 14.36511, 55.01215 ], [ 14.39007, 54.98508 ], [ 14.4027, 54.97398 ], [ 14.43157, 54.95333 ], [ 14.47906, 54.92721 ], [ 14.52018, 54.90689 ], [ 14.55725, 54.8912 ], [ 14.6274, 54.86794 ], [ 14.72569, 54.84655 ], [ 14.77484, 54.83015 ], [ 14.83641, 54.81394 ], [ 14.93715, 54.79685 ], [ 15.00573, 54.78741 ], [ 15.0572, 54.78395 ], [ 15.10769, 54.78443 ], [ 15.17319, 54.79104 ], [ 15.22018, 54.80045 ], [ 15.27253, 54.81652 ], [ 15.31834, 54.83656 ], [ 15.35362, 54.85724 ], [ 15.40285, 54.89164 ], [ 15.42807, 54.9138 ], [ 15.43875, 54.92555 ], [ 15.45667, 54.95102 ], [ 15.46318, 54.96374 ], [ 15.47126, 54.98738 ], [ 15.48423, 55.00364 ], [ 15.49872, 55.0288 ], [ 15.50832, 55.05728 ], [ 15.511, 55.08374 ], [ 15.50903, 55.10815 ], [ 15.51047, 55.13347 ], [ 15.50954, 55.14672 ], [ 15.50316, 55.17297 ], [ 15.48835, 55.2022 ], [ 15.51728, 55.23015 ], [ 15.53472, 55.2547 ], [ 15.54671, 55.2809 ], [ 15.55246, 55.3072 ], [ 15.55215, 55.3337 ], [ 15.54577, 55.35995 ], [ 15.53341, 55.3855 ], [ 15.52506, 55.39787 ], [ 15.50415, 55.42155 ], [ 15.47827, 55.44326 ], [ 15.4561, 55.45867 ], [ 15.42284, 55.47725 ], [ 15.38797, 55.49282 ], [ 15.34892, 55.50734 ], [ 15.30683, 55.51882 ], [ 15.26245, 55.52708 ], [ 15.21653, 55.53196 ], [ 15.16987, 55.53338 ], [ 15.12329, 55.53131 ], [ 15.0776, 55.5258 ], [ 15.03358, 55.51694 ], [ 14.992, 55.50488 ], [ 14.95358, 55.48983 ], [ 14.93256, 55.4795 ], [ 14.88332, 55.49095 ], [ 14.85031, 55.49164 ] ], [ [ 17.60271, 57.34491 ], [ 17.59124, 57.31505 ], [ 17.58822, 57.29832 ], [ 17.58753, 57.27979 ], [ 17.58901, 57.26588 ], [ 17.59458, 57.24521 ], [ 17.60423, 57.22448 ], [ 17.61695, 57.20477 ], [ 17.63338, 57.18588 ], [ 17.65412, 57.16738 ], [ 17.67739, 57.15075 ], [ 17.70371, 57.13553 ], [ 17.73279, 57.12188 ], [ 17.76405, 57.11004 ], [ 17.7835, 57.05012 ], [ 17.75865, 56.93583 ], [ 17.75771, 56.90724 ], [ 17.76094, 56.88625 ], [ 17.77293, 56.85333 ], [ 17.78971, 56.82705 ], [ 17.81298, 56.8023 ], [ 17.84226, 56.77956 ], [ 17.87698, 56.75927 ], [ 17.91343, 56.74286 ], [ 17.95647, 56.72817 ], [ 17.99094, 56.71939 ], [ 18.02689, 56.71262 ], [ 18.06391, 56.70795 ], [ 18.19216, 56.70122 ], [ 18.25516, 56.70424 ], [ 18.29218, 56.70891 ], [ 18.32811, 56.71568 ], [ 18.37263, 56.7275 ], [ 18.41497, 56.73535 ], [ 18.44973, 56.74381 ], [ 18.49324, 56.75808 ], [ 18.52958, 56.77379 ], [ 18.62285, 56.82683 ], [ 18.69132, 56.87302 ], [ 18.9933, 57.10336 ], [ 19.28441, 57.31233 ], [ 19.31188, 57.33587 ], [ 19.33306, 57.36125 ], [ 19.3492, 57.38927 ], [ 19.35742, 57.41392 ], [ 19.36087, 57.44093 ], [ 19.35844, 57.46874 ], [ 19.34885, 57.4961 ], [ 19.33225, 57.52246 ], [ 19.30793, 57.54839 ], [ 19.28401, 57.56741 ], [ 19.66444, 57.84984 ], [ 19.68419, 57.86788 ], [ 19.70031, 57.88692 ], [ 19.71263, 57.90675 ], [ 19.721, 57.92715 ], [ 19.72458, 57.94226 ], [ 19.72617, 57.96313 ], [ 19.72476, 57.98049 ], [ 19.72048, 57.99833 ], [ 19.72157, 58.0161 ], [ 19.72034, 58.03001 ], [ 19.71241, 58.05753 ], [ 19.69731, 58.08419 ], [ 19.68145, 58.10331 ], [ 19.6688, 58.11553 ], [ 19.65457, 58.12724 ], [ 19.63039, 58.14376 ], [ 19.58323, 58.16801 ], [ 19.53256, 58.18641 ], [ 19.55513, 58.19696 ], [ 19.58223, 58.21218 ], [ 19.63401, 58.24945 ], [ 19.66143, 58.27324 ], [ 19.68233, 58.29881 ], [ 19.6902, 58.3121 ], [ 19.69838, 58.33089 ], [ 19.7042, 58.35856 ], [ 19.70373, 58.37944 ], [ 19.70111, 58.3933 ], [ 19.69036, 58.42056 ], [ 19.68229, 58.43383 ], [ 19.66691, 58.45309 ], [ 19.64057, 58.47727 ], [ 19.60803, 58.49928 ], [ 19.54769, 58.53005 ], [ 19.51719, 58.54353 ], [ 19.47261, 58.55876 ], [ 19.43673, 58.56796 ], [ 19.35762, 58.58364 ], [ 19.31882, 58.58872 ], [ 19.21629, 58.5969 ], [ 19.16416, 58.59766 ], [ 19.11114, 58.59473 ], [ 19.05584, 58.5876 ], [ 19.00646, 58.57711 ], [ 18.9495, 58.55911 ], [ 18.90883, 58.54114 ], [ 18.88172, 58.52581 ], [ 18.85784, 58.50908 ], [ 18.83746, 58.49112 ], [ 18.81609, 58.46563 ], [ 18.80173, 58.43883 ], [ 18.79573, 58.41819 ], [ 18.79357, 58.3956 ], [ 18.79587, 58.37475 ], [ 18.80536, 58.34736 ], [ 18.81785, 58.32623 ], [ 18.84845, 58.28722 ], [ 18.86388, 58.26314 ], [ 18.88081, 58.24425 ], [ 18.90137, 58.2264 ], [ 18.92533, 58.20978 ], [ 18.95243, 58.19457 ], [ 18.98872, 58.17838 ], [ 18.61533, 58.12234 ], [ 18.5759, 58.1147 ], [ 18.53042, 58.10292 ], [ 18.48932, 58.08997 ], [ 18.45791, 58.07735 ], [ 18.42607, 58.0613 ], [ 18.37591, 58.03956 ], [ 18.32615, 58.01021 ], [ 18.24762, 57.9852 ], [ 18.21672, 57.97228 ], [ 18.18458, 57.9554 ], [ 18.14227, 57.9265 ], [ 18.1153, 57.90195 ], [ 18.07857, 57.85727 ], [ 18.05725, 57.82418 ], [ 18.03978, 57.80827 ], [ 18.01536, 57.78248 ], [ 17.9838, 57.76299 ], [ 17.95578, 57.7511 ], [ 17.91595, 57.73125 ], [ 17.88062, 57.71081 ], [ 17.82903, 57.67485 ], [ 17.77509, 57.62684 ], [ 17.75993, 57.60899 ], [ 17.75118, 57.59588 ], [ 17.73869, 57.56838 ], [ 17.7304, 57.52877 ], [ 17.7208, 57.50899 ], [ 17.71493, 57.48834 ], [ 17.71312, 57.46747 ], [ 17.71467, 57.45027 ], [ 17.71193, 57.43964 ], [ 17.68854, 57.42718 ], [ 17.66612, 57.41292 ], [ 17.64406, 57.39576 ], [ 17.62547, 57.37744 ], [ 17.6151, 57.36469 ], [ 17.60271, 57.34491 ] ], [ [ 33.74398, 34.98172 ], [ 33.74053, 34.98246 ], [ 33.74357, 34.97929 ], [ 33.74728, 34.97903 ], [ 33.74905, 34.98199 ], [ 33.74398, 34.98172 ] ], [ [ 33.74548, 34.98743 ], [ 33.74366, 34.98751 ], [ 33.74086, 34.98275 ], [ 33.74879, 34.98238 ], [ 33.74548, 34.98743 ] ], [ [ 33.77317, 34.99764 ], [ 33.76145, 35.00075 ], [ 33.75678, 34.99924 ], [ 33.76626, 34.99539 ], [ 33.76723, 34.99197 ], [ 33.77755, 34.98991 ], [ 33.78024, 34.98725 ], [ 33.78239, 34.98862 ], [ 33.78334, 34.98694 ], [ 33.78561, 34.9896 ], [ 33.79191, 34.98898 ], [ 33.78513, 34.99572 ], [ 33.77529, 34.99551 ], [ 33.77317, 34.99764 ] ], [ [ 33.74291, 35.02307 ], [ 33.73789, 35.02147 ], [ 33.73444, 35.01208 ], [ 33.74137, 35.0104 ], [ 33.7493, 35.01322 ], [ 33.74983, 35.02246 ], [ 33.74291, 35.02307 ] ], [ [ 32.07317, 35.22394 ], [ 32.05743, 35.20069 ], [ 32.04554, 35.17596 ], [ 32.0319, 35.13098 ], [ 32.02433, 35.0942 ], [ 32.02276, 35.06764 ], [ 32.02372, 35.03452 ], [ 32.02635, 35.00947 ], [ 32.03711, 34.96932 ], [ 32.06033, 34.91115 ], [ 32.06296, 34.88332 ], [ 32.0677, 34.85702 ], [ 32.07162, 34.84411 ], [ 32.08249, 34.81907 ], [ 32.10595, 34.78423 ], [ 32.13854, 34.7508 ], [ 32.17807, 34.67481 ], [ 32.19274, 34.65114 ], [ 32.22142, 34.6191 ], [ 32.25708, 34.59228 ], [ 32.36102, 34.53313 ], [ 32.40379, 34.51481 ], [ 32.57413, 34.46364 ], [ 32.64416, 34.44475 ], [ 32.6917, 34.43867 ], [ 32.74415, 34.439 ], [ 32.77673, 34.60399 ], [ 32.75451, 34.64955 ], [ 32.75979, 34.68136 ], [ 32.76785, 34.6818 ], [ 32.77449, 34.67832 ], [ 32.78997, 34.67895 ], [ 32.79251, 34.67685 ], [ 32.79837, 34.68312 ], [ 32.79953, 34.68947 ], [ 32.80359, 34.69246 ], [ 32.80903, 34.69212 ], [ 32.81864, 34.6962 ], [ 32.82483, 34.70593 ], [ 32.8516, 34.70559 ], [ 32.85816, 34.70482 ], [ 32.85814, 34.69595 ], [ 32.86104, 34.68761 ], [ 32.87891, 34.67771 ], [ 32.88918, 34.66818 ], [ 32.89648, 34.66514 ], [ 32.90962, 34.66412 ], [ 32.91571, 34.67377 ], [ 32.93026, 34.67095 ], [ 32.92832, 34.66821 ], [ 32.93346, 34.66424 ], [ 32.93598, 34.66539 ], [ 32.93757, 34.67073 ], [ 32.93986, 34.67033 ], [ 32.9413, 34.67422 ], [ 32.95555, 34.68397 ], [ 32.98968, 34.67981 ], [ 32.98799, 34.67122 ], [ 32.9899, 34.6553 ], [ 32.98041, 34.65335 ], [ 32.97298, 34.65379 ], [ 32.96374, 34.65854 ], [ 32.95272, 34.65099 ], [ 32.95448, 34.64704 ], [ 32.95291, 34.64654 ], [ 32.95549, 34.64306 ], [ 32.9535, 34.64091 ], [ 32.95514, 34.63533 ], [ 32.95662, 34.63588 ], [ 32.96311, 34.63234 ], [ 32.9673, 34.63456 ], [ 32.96906, 34.63913 ], [ 32.97814, 34.64133 ], [ 33.00283, 34.64468 ], [ 33.01392, 34.64433 ], [ 33.067, 34.61713 ], [ 33.11922, 34.61298 ], [ 33.15146, 34.60631 ], [ 33.17106, 34.59365 ], [ 33.20532, 34.56788 ], [ 33.23099, 34.54491 ], [ 33.26773, 34.49929 ], [ 33.31066, 34.50605 ], [ 33.39158, 34.52384 ], [ 33.46314, 34.54351 ], [ 33.72822, 34.64287 ], [ 33.76743, 34.66607 ], [ 33.79021, 34.68486 ], [ 33.80984, 34.70594 ], [ 33.83574, 34.74014 ], [ 33.7729, 34.85795 ], [ 33.7593, 34.87975 ], [ 33.74316, 34.89408 ], [ 33.71616, 34.92368 ], [ 33.70101, 34.97894 ], [ 33.70095, 34.99813 ], [ 33.7028, 34.99886 ], [ 33.71022, 34.99643 ], [ 33.71353, 35.00353 ], [ 33.71174, 35.00852 ], [ 33.69812, 35.01399 ], [ 33.69762, 35.01746 ], [ 33.69572, 35.01822 ], [ 33.6959, 35.02043 ], [ 33.7041, 35.02612 ], [ 33.70433, 35.02966 ], [ 33.68858, 35.03801 ], [ 33.67919, 35.03946 ], [ 33.67463, 35.04509 ], [ 33.67352, 35.04933 ], [ 33.67436, 35.05736 ], [ 33.67738, 35.063 ], [ 33.69334, 35.06615 ], [ 33.70539, 35.07563 ], [ 33.71247, 35.07427 ], [ 33.71658, 35.07013 ], [ 33.70907, 35.04798 ], [ 33.70569, 35.04925 ], [ 33.70294, 35.04835 ], [ 33.70799, 35.04517 ], [ 33.70538, 35.03862 ], [ 33.71205, 35.03804 ], [ 33.71227, 35.04101 ], [ 33.71738, 35.04266 ], [ 33.73772, 35.0562 ], [ 33.74073, 35.05311 ], [ 33.76433, 35.03936 ], [ 33.7733, 35.04859 ], [ 33.78184, 35.04607 ], [ 33.78996, 35.04855 ], [ 33.79671, 35.05953 ], [ 33.81926, 35.07273 ], [ 33.82568, 35.07144 ], [ 33.8394, 35.06234 ], [ 33.8471, 35.06368 ], [ 33.85565, 35.06778 ], [ 33.8612, 35.07145 ], [ 33.867, 35.07854 ], [ 33.87343, 35.08245 ], [ 33.86769, 35.09476 ], [ 33.86855, 35.09674 ], [ 33.86676, 35.10119 ], [ 33.87239, 35.12372 ], [ 33.88391, 35.12362 ], [ 33.886, 35.11602 ], [ 33.89359, 35.11416 ], [ 33.89943, 35.10378 ], [ 33.90023, 35.09696 ], [ 33.90176, 35.09577 ], [ 33.90577, 35.09802 ], [ 33.9165, 35.08677 ], [ 33.91102, 35.08065 ], [ 33.90242, 35.07717 ], [ 33.8932, 35.06789 ], [ 33.87427, 35.08127 ], [ 33.86823, 35.07828 ], [ 33.86328, 35.07149 ], [ 33.8551, 35.06596 ], [ 33.83992, 35.06114 ], [ 33.82945, 35.0685 ], [ 33.82041, 35.07147 ], [ 33.7975, 35.05884 ], [ 33.79198, 35.04848 ], [ 33.82082, 35.03797 ], [ 33.82673, 35.03159 ], [ 33.82752, 35.00861 ], [ 33.83286, 35.00679 ], [ 33.83656, 35.00319 ], [ 33.8537, 35.00242 ], [ 33.85491, 34.98455 ], [ 33.8462, 34.98508 ], [ 33.83993, 34.97765 ], [ 33.83775, 34.97845 ], [ 33.83462, 34.97456 ], [ 33.84029, 34.97177 ], [ 33.86006, 34.97376 ], [ 33.9121, 34.96186 ], [ 33.92078, 34.95835 ], [ 33.93905, 34.93774 ], [ 33.98072, 34.87515 ], [ 33.98322, 34.85468 ], [ 33.98652, 34.76597 ], [ 34.03576, 34.7563 ], [ 34.06769, 34.75274 ], [ 34.09991, 34.75264 ], [ 34.13187, 34.756 ], [ 34.16303, 34.76277 ], [ 34.20712, 34.77905 ], [ 34.23401, 34.79371 ], [ 34.25836, 34.81113 ], [ 34.28924, 34.8418 ], [ 34.30553, 34.86475 ], [ 34.31642, 34.88547 ], [ 34.32508, 34.90696 ], [ 34.33157, 34.93301 ], [ 34.33388, 34.95953 ], [ 34.33346, 34.97283 ], [ 34.32944, 34.99922 ], [ 34.32587, 35.01219 ], [ 34.30601, 35.06606 ], [ 34.27997, 35.11194 ], [ 34.23052, 35.17665 ], [ 34.26263, 35.20467 ], [ 34.28818, 35.23787 ], [ 34.46094, 35.33233 ], [ 34.55484, 35.39155 ], [ 34.71071, 35.47953 ], [ 34.74661, 35.50647 ], [ 34.76679, 35.52582 ], [ 34.78515, 35.54777 ], [ 34.82975, 35.6205 ], [ 34.84118, 35.6427 ], [ 34.84997, 35.66831 ], [ 34.8546, 35.69463 ], [ 34.85497, 35.72121 ], [ 34.85356, 35.73447 ], [ 34.84756, 35.7606 ], [ 34.83743, 35.78587 ], [ 34.82332, 35.80985 ], [ 34.81486, 35.82122 ], [ 34.78423, 35.8523 ], [ 34.74672, 35.8779 ], [ 34.70378, 35.89704 ], [ 34.65705, 35.90898 ], [ 34.60836, 35.91325 ], [ 34.55958, 35.90969 ], [ 34.51339, 35.8987 ], [ 34.33726, 35.84109 ], [ 34.068, 35.74407 ], [ 34.02641, 35.72314 ], [ 33.93713, 35.6664 ], [ 33.67315, 35.60166 ], [ 33.55345, 35.56203 ], [ 33.30202, 35.55383 ], [ 33.15606, 35.56946 ], [ 32.94997, 35.60396 ], [ 32.90119, 35.60495 ], [ 32.86895, 35.60127 ], [ 32.83758, 35.59416 ], [ 32.80762, 35.58377 ], [ 32.76644, 35.56241 ], [ 32.74218, 35.54469 ], [ 32.71163, 35.51364 ], [ 32.69566, 35.49048 ], [ 32.6891, 35.4783 ], [ 32.67897, 35.45304 ], [ 32.67296, 35.4269 ], [ 32.67119, 35.39912 ], [ 32.62472, 35.39853 ], [ 32.59257, 35.39477 ], [ 32.56006, 35.38921 ], [ 32.47167, 35.36809 ], [ 32.44184, 35.35761 ], [ 32.41394, 35.34402 ], [ 32.38846, 35.32755 ], [ 32.36282, 35.30542 ], [ 32.326, 35.31354 ], [ 32.29378, 35.31664 ], [ 32.24521, 35.31476 ], [ 32.21349, 35.30918 ], [ 32.16826, 35.29458 ], [ 32.14043, 35.28092 ], [ 32.11503, 35.2644 ], [ 32.09247, 35.2453 ], [ 32.07317, 35.22394 ] ], [ [ 25.47453, 35.59011 ], [ 25.47919, 35.57396 ], [ 25.48778, 35.55892 ], [ 25.49995, 35.54561 ], [ 25.51519, 35.53459 ], [ 25.53286, 35.52632 ], [ 25.55373, 35.52043 ], [ 25.57405, 35.51834 ], [ 25.59444, 35.51961 ], [ 25.61447, 35.52436 ], [ 25.63265, 35.53221 ], [ 25.64847, 35.54293 ], [ 25.66148, 35.55635 ], [ 25.67103, 35.57211 ], [ 25.67598, 35.58792 ], [ 25.67701, 35.60315 ], [ 25.67456, 35.6182 ], [ 25.66871, 35.6326 ], [ 25.65966, 35.64587 ], [ 25.64773, 35.65754 ], [ 25.63299, 35.66741 ], [ 25.61631, 35.6748 ], [ 25.59776, 35.67968 ], [ 25.57987, 35.68175 ], [ 25.5603, 35.68112 ], [ 25.54083, 35.6773 ], [ 25.52375, 35.67092 ], [ 25.50859, 35.66217 ], [ 25.49555, 35.65116 ], [ 25.48532, 35.63845 ], [ 25.47808, 35.62421 ], [ 25.47414, 35.60795 ], [ 25.47453, 35.59011 ] ], [ [ 26.72238, 35.42539 ], [ 26.72566, 35.40985 ], [ 26.73228, 35.39539 ], [ 26.725, 35.37689 ], [ 26.7232, 35.35728 ], [ 26.72616, 35.34093 ], [ 26.73334, 35.3249 ], [ 26.74742, 35.30722 ], [ 26.7656, 35.29356 ], [ 26.8021, 35.27501 ], [ 26.8421, 35.26165 ], [ 26.85751, 35.25933 ], [ 26.88654, 35.25808 ], [ 26.90575, 35.26007 ], [ 26.92487, 35.2652 ], [ 26.94305, 35.27373 ], [ 26.95844, 35.28485 ], [ 26.97338, 35.28935 ], [ 26.98827, 35.29629 ], [ 27.00148, 35.30521 ], [ 27.01388, 35.31712 ], [ 27.03671, 35.32639 ], [ 27.06081, 35.34157 ], [ 27.07824, 35.3293 ], [ 27.09774, 35.32085 ], [ 27.11905, 35.31612 ], [ 27.1411, 35.31532 ], [ 27.16717, 35.31921 ], [ 27.1879, 35.32595 ], [ 27.20342, 35.33398 ], [ 27.22682, 35.35073 ], [ 27.25244, 35.3757 ], [ 27.26662, 35.39777 ], [ 27.29361, 35.4108 ], [ 27.31292, 35.42759 ], [ 27.3202, 35.43749 ], [ 27.33487, 35.46346 ], [ 27.34165, 35.48501 ], [ 27.34222, 35.50039 ], [ 27.3388, 35.51788 ], [ 27.33006, 35.53624 ], [ 27.31925, 35.55134 ], [ 27.31724, 35.56329 ], [ 27.31288, 35.57555 ], [ 27.30111, 35.59386 ], [ 27.29142, 35.61295 ], [ 27.2823, 35.62383 ], [ 27.27182, 35.63297 ], [ 27.28505, 35.65125 ], [ 27.29214, 35.67222 ], [ 27.30605, 35.68847 ], [ 27.31583, 35.70818 ], [ 27.31974, 35.72946 ], [ 27.31701, 35.75677 ], [ 27.32779, 35.77694 ], [ 27.33294, 35.80096 ], [ 27.3387, 35.81903 ], [ 27.34102, 35.85415 ], [ 27.33715, 35.87465 ], [ 27.34085, 35.89165 ], [ 27.34088, 35.90946 ], [ 27.33557, 35.92911 ], [ 27.32429, 35.94728 ], [ 27.31341, 35.95822 ], [ 27.30162, 35.9667 ], [ 27.28833, 35.97357 ], [ 27.26947, 35.98033 ], [ 27.23557, 35.98672 ], [ 27.2044, 35.98468 ], [ 27.17964, 35.9769 ], [ 27.16213, 35.9687 ], [ 27.14857, 35.95999 ], [ 27.13181, 35.94317 ], [ 27.12137, 35.924 ], [ 27.1017, 35.90495 ], [ 27.09407, 35.89295 ], [ 27.08911, 35.88091 ], [ 27.0862, 35.86723 ], [ 27.08611, 35.85443 ], [ 27.07343, 35.83866 ], [ 27.06554, 35.82077 ], [ 27.06313, 35.80696 ], [ 27.06462, 35.7879 ], [ 27.06118, 35.759 ], [ 27.05256, 35.74849 ], [ 27.04507, 35.73475 ], [ 27.0349, 35.72053 ], [ 27.02007, 35.68551 ], [ 27.00067, 35.66699 ], [ 26.98625, 35.6575 ], [ 26.97429, 35.64655 ], [ 26.96322, 35.63107 ], [ 26.95692, 35.61524 ], [ 26.95496, 35.60382 ], [ 26.955, 35.59229 ], [ 26.96079, 35.57034 ], [ 26.97041, 35.55346 ], [ 26.99793, 35.51965 ], [ 26.98831, 35.518 ], [ 26.98042, 35.51898 ], [ 26.95757, 35.53252 ], [ 26.93132, 35.54024 ], [ 26.90649, 35.54189 ], [ 26.88347, 35.53887 ], [ 26.85843, 35.5312 ], [ 26.84317, 35.52455 ], [ 26.8037, 35.51645 ], [ 26.768, 35.5 ], [ 26.7543, 35.49134 ], [ 26.74256, 35.48079 ], [ 26.73332, 35.46885 ], [ 26.72713, 35.45684 ], [ 26.72295, 35.44194 ], [ 26.72238, 35.42539 ] ], [ [ 26.12268, 35.84557 ], [ 26.12761, 35.82822 ], [ 26.13706, 35.81217 ], [ 26.15118, 35.79759 ], [ 26.16836, 35.78603 ], [ 26.18795, 35.77795 ], [ 26.20924, 35.77354 ], [ 26.22983, 35.77293 ], [ 26.2499, 35.77569 ], [ 26.2683, 35.78141 ], [ 26.28601, 35.7906 ], [ 26.30812, 35.80553 ], [ 26.32192, 35.81923 ], [ 26.33261, 35.83688 ], [ 26.33782, 35.85608 ], [ 26.33791, 35.87209 ], [ 26.33437, 35.88731 ], [ 26.32734, 35.90168 ], [ 26.31658, 35.91528 ], [ 26.30344, 35.92643 ], [ 26.28793, 35.93535 ], [ 26.26959, 35.94204 ], [ 26.25094, 35.94579 ], [ 26.23187, 35.94663 ], [ 26.20886, 35.9445 ], [ 26.1909, 35.94018 ], [ 26.17425, 35.93323 ], [ 26.16035, 35.92455 ], [ 26.14768, 35.91318 ], [ 26.13376, 35.89511 ], [ 26.12639, 35.8808 ], [ 26.12224, 35.86355 ], [ 26.12268, 35.84557 ] ], [ [ 26.71599, 35.87108 ], [ 26.7257, 35.84811 ], [ 26.74154, 35.82639 ], [ 26.75725, 35.81224 ], [ 26.77661, 35.80145 ], [ 26.79875, 35.79457 ], [ 26.82183, 35.79209 ], [ 26.84499, 35.79401 ], [ 26.86728, 35.8003 ], [ 26.88871, 35.8112 ], [ 26.90554, 35.82471 ], [ 26.91584, 35.83743 ], [ 26.92302, 35.85149 ], [ 26.92644, 35.86382 ], [ 26.92747, 35.87575 ], [ 26.93505, 35.8948 ], [ 26.93681, 35.90865 ], [ 26.93508, 35.92503 ], [ 26.9294, 35.94064 ], [ 26.92072, 35.95419 ], [ 26.9081, 35.96697 ], [ 26.89315, 35.97719 ], [ 26.87525, 35.98521 ], [ 26.85607, 35.99005 ], [ 26.83718, 35.9917 ], [ 26.81981, 35.99066 ], [ 26.80171, 35.98685 ], [ 26.78602, 35.98096 ], [ 26.77181, 35.97296 ], [ 26.73345, 35.94077 ], [ 26.72345, 35.92661 ], [ 26.71743, 35.91209 ], [ 26.71361, 35.89097 ], [ 26.71599, 35.87108 ] ], [ [ 26.29053, 36.07933 ], [ 26.29223, 36.06613 ], [ 26.29709, 36.05063 ], [ 26.31938, 36.00941 ], [ 26.33539, 35.9909 ], [ 26.33881, 35.97414 ], [ 26.34503, 35.96 ], [ 26.35623, 35.94502 ], [ 26.37127, 35.93224 ], [ 26.38938, 35.92241 ], [ 26.40989, 35.91595 ], [ 26.41396, 35.90051 ], [ 26.39491, 35.89161 ], [ 26.37962, 35.88057 ], [ 26.36546, 35.86503 ], [ 26.35673, 35.85017 ], [ 26.35181, 35.83387 ], [ 26.35116, 35.81623 ], [ 26.3548, 35.8001 ], [ 26.36311, 35.78378 ], [ 26.37558, 35.76931 ], [ 26.39396, 35.75557 ], [ 26.41334, 35.74656 ], [ 26.43565, 35.74105 ], [ 26.45736, 35.73984 ], [ 26.49009, 35.74266 ], [ 26.5121, 35.74922 ], [ 26.53162, 35.75978 ], [ 26.54355, 35.76922 ], [ 26.55431, 35.78034 ], [ 26.56212, 35.79181 ], [ 26.56762, 35.80429 ], [ 26.57061, 35.81758 ], [ 26.57095, 35.83027 ], [ 26.56885, 35.84285 ], [ 26.56389, 35.85593 ], [ 26.57865, 35.86528 ], [ 26.59101, 35.87672 ], [ 26.60051, 35.88984 ], [ 26.60682, 35.90416 ], [ 26.60996, 35.92018 ], [ 26.60934, 35.93531 ], [ 26.60477, 35.95133 ], [ 26.59709, 35.9653 ], [ 26.5863, 35.97784 ], [ 26.57155, 35.98931 ], [ 26.55403, 35.99819 ], [ 26.53576, 36.00374 ], [ 26.53369, 36.01789 ], [ 26.52875, 36.03116 ], [ 26.52078, 36.04402 ], [ 26.51031, 36.05544 ], [ 26.50345, 36.09357 ], [ 26.49611, 36.11157 ], [ 26.48839, 36.12259 ], [ 26.47764, 36.13335 ], [ 26.46607, 36.14168 ], [ 26.45063, 36.14975 ], [ 26.42754, 36.15895 ], [ 26.40453, 36.16335 ], [ 26.38087, 36.16325 ], [ 26.35806, 36.15878 ], [ 26.33759, 36.15068 ], [ 26.31872, 36.13824 ], [ 26.3045, 36.12313 ], [ 26.2949, 36.10544 ], [ 26.29135, 36.09207 ], [ 26.29053, 36.07933 ] ], [ [ 29.6147, 36.16824 ], [ 29.59148, 36.1761 ], [ 29.56564, 36.16093 ], [ 29.53711, 36.163 ], [ 29.51131, 36.18387 ], [ 29.46683, 36.16555 ], [ 29.38707, 36.1611 ], [ 29.38745, 36.14001 ], [ 29.39462, 36.11937 ], [ 29.40826, 36.10098 ], [ 29.42743, 36.08614 ], [ 29.45339, 36.07495 ], [ 29.48257, 36.07018 ], [ 29.50128, 36.05601 ], [ 29.52348, 36.04618 ], [ 29.54778, 36.04117 ], [ 29.57228, 36.04113 ], [ 29.59204, 36.03242 ], [ 29.61485, 36.02732 ], [ 29.63447, 36.02619 ], [ 29.65282, 36.02796 ], [ 29.63192, 36.05687 ], [ 29.68381, 36.08097 ], [ 29.6455, 36.12568 ], [ 29.61134, 36.14827 ], [ 29.6147, 36.16824 ] ], [ [ 25.62824, 36.35614 ], [ 25.63388, 36.33514 ], [ 25.64453, 36.31678 ], [ 25.65481, 36.30567 ], [ 25.66838, 36.29483 ], [ 25.68586, 36.28427 ], [ 25.70385, 36.27719 ], [ 25.71247, 36.26533 ], [ 25.72435, 36.25406 ], [ 25.73319, 36.23524 ], [ 25.74771, 36.21798 ], [ 25.76399, 36.20467 ], [ 25.78487, 36.19386 ], [ 25.80493, 36.18795 ], [ 25.82792, 36.18535 ], [ 25.85749, 36.18828 ], [ 25.87506, 36.18591 ], [ 25.89358, 36.186 ], [ 25.91982, 36.19016 ], [ 25.94111, 36.19838 ], [ 25.95926, 36.21027 ], [ 25.97981, 36.22915 ], [ 25.99219, 36.24976 ], [ 25.99553, 36.26091 ], [ 25.99688, 36.27233 ], [ 25.99356, 36.29487 ], [ 25.98812, 36.30731 ], [ 25.9797, 36.31964 ], [ 25.96902, 36.33039 ], [ 25.95653, 36.33932 ], [ 25.95813, 36.35437 ], [ 25.95618, 36.36961 ], [ 25.95063, 36.38611 ], [ 25.94147, 36.40081 ], [ 25.92987, 36.41278 ], [ 25.91568, 36.42278 ], [ 25.89042, 36.43343 ], [ 25.81148, 36.47706 ], [ 25.78772, 36.48366 ], [ 25.7625, 36.4853 ], [ 25.73647, 36.48211 ], [ 25.71221, 36.47371 ], [ 25.69146, 36.46043 ], [ 25.67737, 36.4455 ], [ 25.65662, 36.42735 ], [ 25.63932, 36.405 ], [ 25.63199, 36.39107 ], [ 25.62772, 36.37377 ], [ 25.62824, 36.35614 ] ], [ [ 26.03273, 36.54158 ], [ 26.03642, 36.5294 ], [ 26.05257, 36.49243 ], [ 26.06323, 36.47856 ], [ 26.07715, 36.4667 ], [ 26.0926, 36.45786 ], [ 26.1112, 36.45112 ], [ 26.13097, 36.44744 ], [ 26.14972, 36.44695 ], [ 26.16904, 36.44943 ], [ 26.18656, 36.45455 ], [ 26.21258, 36.4482 ], [ 26.23872, 36.44764 ], [ 26.25265, 36.4421 ], [ 26.29281, 36.43038 ], [ 26.32813, 36.42617 ], [ 26.37671, 36.42878 ], [ 26.39344, 36.43121 ], [ 26.41522, 36.43823 ], [ 26.4349, 36.44949 ], [ 26.45094, 36.44676 ], [ 26.46774, 36.44616 ], [ 26.49971, 36.45107 ], [ 26.49194, 36.43352 ], [ 26.4894, 36.41475 ], [ 26.49236, 36.39606 ], [ 26.49994, 36.37955 ], [ 26.51, 36.3666 ], [ 26.52372, 36.35481 ], [ 26.53875, 36.34608 ], [ 26.55634, 36.3395 ], [ 26.5672, 36.30677 ], [ 26.57655, 36.29211 ], [ 26.59083, 36.2778 ], [ 26.59483, 36.2594 ], [ 26.60378, 36.24225 ], [ 26.61243, 36.23187 ], [ 26.62349, 36.22229 ], [ 26.63573, 36.21452 ], [ 26.64945, 36.20832 ], [ 26.66883, 36.20299 ], [ 26.68916, 36.20096 ], [ 26.7172, 36.20372 ], [ 26.73279, 36.20162 ], [ 26.75699, 36.20099 ], [ 26.78918, 36.2069 ], [ 26.81188, 36.21706 ], [ 26.83103, 36.23184 ], [ 26.84207, 36.24559 ], [ 26.85857, 36.27601 ], [ 26.86239, 36.29333 ], [ 26.86133, 36.31173 ], [ 26.85599, 36.32814 ], [ 26.84574, 36.34431 ], [ 26.83233, 36.35747 ], [ 26.81587, 36.36829 ], [ 26.79751, 36.38613 ], [ 26.78381, 36.39449 ], [ 26.76741, 36.40123 ], [ 26.75853, 36.41128 ], [ 26.74758, 36.42028 ], [ 26.72286, 36.43305 ], [ 26.71876, 36.44608 ], [ 26.71132, 36.46036 ], [ 26.70283, 36.47125 ], [ 26.69146, 36.48157 ], [ 26.66717, 36.49526 ], [ 26.63756, 36.50281 ], [ 26.61068, 36.50328 ], [ 26.56688, 36.49668 ], [ 26.57515, 36.51483 ], [ 26.57789, 36.5338 ], [ 26.5763, 36.54776 ], [ 26.57206, 36.56055 ], [ 26.57489, 36.5748 ], [ 26.5744, 36.58991 ], [ 26.57134, 36.60213 ], [ 26.56538, 36.61499 ], [ 26.54752, 36.64181 ], [ 26.52514, 36.66239 ], [ 26.48305, 36.69249 ], [ 26.4556, 36.70825 ], [ 26.44159, 36.71445 ], [ 26.41532, 36.72177 ], [ 26.38731, 36.72558 ], [ 26.36395, 36.72465 ], [ 26.34151, 36.71938 ], [ 26.31996, 36.70933 ], [ 26.2977, 36.69236 ], [ 26.28132, 36.68531 ], [ 26.2644, 36.68574 ], [ 26.24873, 36.68406 ], [ 26.2335, 36.6804 ], [ 26.21926, 36.67488 ], [ 26.20055, 36.66354 ], [ 26.17387, 36.63974 ], [ 26.15406, 36.64236 ], [ 26.13334, 36.64175 ], [ 26.11515, 36.63826 ], [ 26.09629, 36.63139 ], [ 26.07224, 36.61936 ], [ 26.05727, 36.60842 ], [ 26.04458, 36.59419 ], [ 26.03569, 36.57756 ], [ 26.03161, 36.55908 ], [ 26.03273, 36.54158 ] ], [ [ 27.64536, 36.56416 ], [ 27.64771, 36.54342 ], [ 27.65683, 36.52347 ], [ 27.67215, 36.50614 ], [ 27.69324, 36.49223 ], [ 27.70864, 36.48563 ], [ 27.72657, 36.48103 ], [ 27.74369, 36.47925 ], [ 27.76201, 36.48 ], [ 27.78123, 36.46285 ], [ 27.80579, 36.44764 ], [ 27.84091, 36.43696 ], [ 27.86241, 36.43369 ], [ 27.89199, 36.4354 ], [ 27.91827, 36.44342 ], [ 27.94073, 36.45701 ], [ 27.95781, 36.47522 ], [ 27.92901, 36.53411 ], [ 27.92838, 36.55068 ], [ 27.92412, 36.56123 ], [ 27.91871, 36.59468 ], [ 27.9199, 36.61334 ], [ 27.92741, 36.6418 ], [ 27.92018, 36.65149 ], [ 27.90736, 36.69487 ], [ 27.87447, 36.70463 ], [ 27.83846, 36.70489 ], [ 27.82582, 36.70282 ], [ 27.80428, 36.70331 ], [ 27.77749, 36.69806 ], [ 27.76444, 36.69324 ], [ 27.75125, 36.67593 ], [ 27.74386, 36.66905 ], [ 27.73717, 36.65034 ], [ 27.71632, 36.62474 ], [ 27.698, 36.60597 ], [ 27.64724, 36.58026 ], [ 27.64536, 36.56416 ] ], [ [ 25.87633, 37.50312 ], [ 25.88443, 37.48193 ], [ 25.89608, 37.46576 ], [ 25.91315, 37.45101 ], [ 25.93228, 37.44067 ], [ 25.95297, 37.43424 ], [ 25.98449, 37.42959 ], [ 26.00899, 37.43089 ], [ 26.03278, 37.43701 ], [ 26.05431, 37.43543 ], [ 26.07158, 37.43612 ], [ 26.09594, 37.4412 ], [ 26.1305, 37.45537 ], [ 26.14404, 37.46406 ], [ 26.16199, 37.47897 ], [ 26.21767, 37.48487 ], [ 26.25167, 37.49373 ], [ 26.27767, 37.50405 ], [ 26.31217, 37.5256 ], [ 26.317, 37.50631 ], [ 26.32786, 37.48826 ], [ 26.34389, 37.47309 ], [ 26.36504, 37.46116 ], [ 26.35156, 37.44281 ], [ 26.34461, 37.42376 ], [ 26.34401, 37.40248 ], [ 26.34999, 37.38297 ], [ 26.36279, 37.36433 ], [ 26.38159, 37.34891 ], [ 26.40551, 37.33777 ], [ 26.43125, 37.33235 ], [ 26.42601, 37.30066 ], [ 26.42671, 37.28328 ], [ 26.43348, 37.25962 ], [ 26.44008, 37.24837 ], [ 26.44784, 37.23905 ], [ 26.47838, 37.21378 ], [ 26.50593, 37.19805 ], [ 26.52416, 37.19081 ], [ 26.54386, 37.18667 ], [ 26.56421, 37.18581 ], [ 26.58435, 37.18825 ], [ 26.60283, 37.19362 ], [ 26.61378, 37.17712 ], [ 26.62925, 37.16309 ], [ 26.6484, 37.15231 ], [ 26.66946, 37.14555 ], [ 26.68547, 37.12457 ], [ 26.71013, 37.10395 ], [ 26.71879, 37.08349 ], [ 26.73469, 37.06506 ], [ 26.7497, 37.0544 ], [ 26.7681, 37.046 ], [ 26.78726, 37.03254 ], [ 26.78204, 37.01192 ], [ 26.78298, 36.99196 ], [ 26.78624, 36.981 ], [ 26.79209, 36.9694 ], [ 26.80014, 36.95866 ], [ 26.80939, 36.94973 ], [ 26.81327, 36.92987 ], [ 26.82299, 36.91173 ], [ 26.81868, 36.88928 ], [ 26.82201, 36.86752 ], [ 26.8275, 36.85417 ], [ 26.8348, 36.84291 ], [ 26.84423, 36.83272 ], [ 26.85562, 36.82379 ], [ 26.84291, 36.8129 ], [ 26.83275, 36.8 ], [ 26.82606, 36.78647 ], [ 26.82017, 36.76683 ], [ 26.81809, 36.75417 ], [ 26.81922, 36.73637 ], [ 26.81737, 36.71829 ], [ 26.82092, 36.69731 ], [ 26.82965, 36.67765 ], [ 26.83592, 36.66737 ], [ 26.84427, 36.65682 ], [ 26.8675, 36.63311 ], [ 26.88583, 36.61792 ], [ 26.89752, 36.61034 ], [ 26.91138, 36.60387 ], [ 26.92988, 36.59783 ], [ 26.93033, 36.5811 ], [ 26.90868, 36.57155 ], [ 26.89134, 36.55874 ], [ 26.87578, 36.5415 ], [ 26.86418, 36.52025 ], [ 26.86043, 36.50415 ], [ 26.86103, 36.48651 ], [ 26.86645, 36.4693 ], [ 26.87627, 36.45363 ], [ 26.89468, 36.43665 ], [ 26.91823, 36.42446 ], [ 26.94874, 36.41739 ], [ 26.97621, 36.41664 ], [ 26.99354, 36.41911 ], [ 27.01107, 36.42398 ], [ 27.02462, 36.42993 ], [ 27.04063, 36.43958 ], [ 27.06368, 36.46036 ], [ 27.07252, 36.47292 ], [ 27.0785, 36.48533 ], [ 27.09872, 36.48834 ], [ 27.14944, 36.47891 ], [ 27.18216, 36.47707 ], [ 27.18555, 36.45951 ], [ 27.19386, 36.44175 ], [ 27.19231, 36.42206 ], [ 27.19674, 36.40152 ], [ 27.20813, 36.38181 ], [ 27.22561, 36.36478 ], [ 27.26244, 36.33951 ], [ 27.28068, 36.33159 ], [ 27.30187, 36.32667 ], [ 27.31703, 36.31454 ], [ 27.33411, 36.30566 ], [ 27.35611, 36.29914 ], [ 27.39089, 36.29434 ], [ 27.41049, 36.28502 ], [ 27.43255, 36.27943 ], [ 27.42483, 36.26764 ], [ 27.41938, 36.25437 ], [ 27.41694, 36.24186 ], [ 27.41598, 36.22185 ], [ 27.42272, 36.18514 ], [ 27.42885, 36.17227 ], [ 27.43771, 36.16026 ], [ 27.44826, 36.15006 ], [ 27.46161, 36.14083 ], [ 27.47649, 36.13372 ], [ 27.49266, 36.1288 ], [ 27.52064, 36.1258 ], [ 27.54865, 36.12925 ], [ 27.5695, 36.12551 ], [ 27.58909, 36.12526 ], [ 27.60106, 36.10456 ], [ 27.60441, 36.08924 ], [ 27.61111, 36.07509 ], [ 27.62191, 36.06121 ], [ 27.63656, 36.04898 ], [ 27.62618, 36.04019 ], [ 27.61716, 36.02988 ], [ 27.61024, 36.01857 ], [ 27.60558, 36.00651 ], [ 27.60311, 35.98643 ], [ 27.60704, 35.96602 ], [ 27.60051, 35.94521 ], [ 27.60122, 35.92249 ], [ 27.60605, 35.90782 ], [ 27.615, 35.89306 ], [ 27.63137, 35.87653 ], [ 27.65043, 35.86447 ], [ 27.65479, 35.8501 ], [ 27.66253, 35.83631 ], [ 27.6733, 35.82393 ], [ 27.68552, 35.81419 ], [ 27.70937, 35.80232 ], [ 27.73646, 35.79627 ], [ 27.77361, 35.7961 ], [ 27.80095, 35.80197 ], [ 27.84857, 35.82045 ], [ 27.87567, 35.83574 ], [ 27.89931, 35.84473 ], [ 27.9164, 35.85593 ], [ 27.93959, 35.87571 ], [ 27.95641, 35.89712 ], [ 27.97591, 35.91494 ], [ 28.01127, 35.9733 ], [ 28.0125, 35.97377 ], [ 28.03115, 35.95797 ], [ 28.05182, 35.94753 ], [ 28.07552, 35.94136 ], [ 28.10036, 35.94013 ], [ 28.12481, 35.94391 ], [ 28.14734, 35.95247 ], [ 28.16656, 35.96528 ], [ 28.18135, 35.98164 ], [ 28.18935, 35.99679 ], [ 28.19339, 36.01293 ], [ 28.19329, 36.02939 ], [ 28.18929, 36.04494 ], [ 28.19433, 36.06023 ], [ 28.19526, 36.08028 ], [ 28.19929, 36.09663 ], [ 28.19952, 36.10924 ], [ 28.19761, 36.12067 ], [ 28.21678, 36.13644 ], [ 28.23835, 36.16435 ], [ 28.24482, 36.17866 ], [ 28.24782, 36.19355 ], [ 28.26086, 36.20756 ], [ 28.26984, 36.22352 ], [ 28.27501, 36.24107 ], [ 28.27569, 36.25808 ], [ 28.29076, 36.27048 ], [ 28.30229, 36.2851 ], [ 28.31246, 36.30714 ], [ 28.31569, 36.32488 ], [ 28.33592, 36.34934 ], [ 28.34542, 36.37071 ], [ 28.34727, 36.38199 ], [ 28.34711, 36.39345 ], [ 28.34428, 36.407 ], [ 28.3392, 36.41891 ], [ 28.34069, 36.43992 ], [ 28.33702, 36.46225 ], [ 28.32884, 36.48237 ], [ 28.3144, 36.50007 ], [ 28.30161, 36.51008 ], [ 28.27917, 36.52375 ], [ 28.2568, 36.53337 ], [ 28.22634, 36.53857 ], [ 28.19552, 36.53602 ], [ 28.15335, 36.5177 ], [ 28.13761, 36.50325 ], [ 28.10807, 36.49933 ], [ 28.0644, 36.48241 ], [ 28.02376, 36.475 ], [ 28.00496, 36.46811 ], [ 27.98918, 36.45931 ], [ 27.97196, 36.45318 ], [ 27.95726, 36.44516 ], [ 27.92933, 36.4362 ], [ 27.91065, 36.42597 ], [ 27.8808, 36.41828 ], [ 27.86655, 36.41297 ], [ 27.80993, 36.38114 ], [ 27.79662, 36.36874 ], [ 27.78464, 36.35167 ], [ 27.77856, 36.35004 ], [ 27.76054, 36.35796 ], [ 27.73434, 36.3648 ], [ 27.71578, 36.36654 ], [ 27.69875, 36.36571 ], [ 27.67095, 36.35998 ], [ 27.65335, 36.3545 ], [ 27.63687, 36.34699 ], [ 27.62356, 36.33802 ], [ 27.59745, 36.32885 ], [ 27.54714, 36.3239 ], [ 27.55823, 36.33744 ], [ 27.56586, 36.35204 ], [ 27.56987, 36.36686 ], [ 27.57036, 36.38203 ], [ 27.56801, 36.3952 ], [ 27.56331, 36.40729 ], [ 27.5563, 36.41863 ], [ 27.54716, 36.42895 ], [ 27.53758, 36.44692 ], [ 27.51425, 36.4714 ], [ 27.49868, 36.48191 ], [ 27.481, 36.48959 ], [ 27.47016, 36.49956 ], [ 27.45734, 36.50802 ], [ 27.4347, 36.53449 ], [ 27.41271, 36.54937 ], [ 27.39456, 36.55687 ], [ 27.36901, 36.56279 ], [ 27.34597, 36.56401 ], [ 27.32414, 36.56121 ], [ 27.31116, 36.5635 ], [ 27.31425, 36.58646 ], [ 27.30983, 36.60866 ], [ 27.30504, 36.61895 ], [ 27.28998, 36.63387 ], [ 27.27364, 36.65672 ], [ 27.27245, 36.69001 ], [ 27.26538, 36.72536 ], [ 27.25611, 36.73536 ], [ 27.24482, 36.74422 ], [ 27.2668, 36.75057 ], [ 27.27896, 36.75143 ], [ 27.31097, 36.76731 ], [ 27.32637, 36.77279 ], [ 27.33761, 36.78018 ], [ 27.36095, 36.79198 ], [ 27.39091, 36.80327 ], [ 27.45566, 36.85463 ], [ 27.45524, 36.86756 ], [ 27.45204, 36.88079 ], [ 27.39048, 36.93214 ], [ 27.37072, 36.93804 ], [ 27.32098, 36.9203 ], [ 27.28408, 36.93643 ], [ 27.27008, 36.93798 ], [ 27.2486, 36.9362 ], [ 27.2263, 36.93695 ], [ 27.20383, 36.96408 ], [ 27.17902, 36.97444 ], [ 27.16826, 36.98201 ], [ 27.14345, 36.9909 ], [ 27.11827, 37.00837 ], [ 27.16547, 37.05007 ], [ 27.13518, 37.12418 ], [ 27.13377, 37.14325 ], [ 27.11908, 37.15233 ], [ 27.10368, 37.1587 ], [ 27.08714, 37.16285 ], [ 27.06837, 37.16471 ], [ 27.05105, 37.1639 ], [ 27.03386, 37.16063 ], [ 27.01782, 37.15507 ], [ 27.00247, 37.14688 ], [ 26.99525, 37.15884 ], [ 26.98476, 37.17067 ], [ 26.97458, 37.18716 ], [ 26.96488, 37.19732 ], [ 26.95414, 37.20556 ], [ 26.94873, 37.21828 ], [ 26.94024, 37.23066 ], [ 26.92846, 37.24236 ], [ 26.91443, 37.25202 ], [ 26.91282, 37.2699 ], [ 26.90613, 37.28726 ], [ 26.90992, 37.31031 ], [ 26.90932, 37.32534 ], [ 26.90518, 37.34 ], [ 26.89837, 37.35271 ], [ 26.88493, 37.36809 ], [ 26.8645, 37.38272 ], [ 26.84714, 37.41198 ], [ 26.8341, 37.42809 ], [ 26.78517, 37.47188 ], [ 26.76617, 37.48213 ], [ 26.74574, 37.4888 ], [ 26.72396, 37.49174 ], [ 26.70346, 37.491 ], [ 26.68028, 37.486 ], [ 26.65838, 37.47625 ], [ 26.64075, 37.46322 ], [ 26.62636, 37.44599 ], [ 26.61053, 37.45182 ], [ 26.63148, 37.47183 ], [ 26.6435, 37.49103 ], [ 26.6471, 37.50205 ], [ 26.64875, 37.51463 ], [ 26.64486, 37.54612 ], [ 26.6556, 37.55874 ], [ 26.66337, 37.57348 ], [ 26.66712, 37.58744 ], [ 26.66886, 37.60976 ], [ 26.68133, 37.61574 ], [ 26.68547, 37.60491 ], [ 26.69224, 37.59366 ], [ 26.70115, 37.58339 ], [ 26.71085, 37.57517 ], [ 26.72735, 37.56365 ], [ 26.7403, 37.55687 ], [ 26.75761, 37.55067 ], [ 26.7754, 37.54691 ], [ 26.8007, 37.54453 ], [ 26.82445, 37.54632 ], [ 26.84126, 37.55042 ], [ 26.85748, 37.55707 ], [ 26.88203, 37.55872 ], [ 26.9171, 37.5636 ], [ 26.93313, 37.56856 ], [ 26.94815, 37.5758 ], [ 26.94347, 37.61458 ], [ 26.94205, 37.64063 ], [ 26.96756, 37.66129 ], [ 26.99264, 37.68916 ], [ 27.00081, 37.69388 ], [ 27.01497, 37.69755 ], [ 27.02238, 37.69838 ], [ 27.02663, 37.69675 ], [ 27.0548, 37.69429 ], [ 27.05973, 37.6969 ], [ 27.07858, 37.69874 ], [ 27.09599, 37.70439 ], [ 27.10418, 37.71129 ], [ 27.12373, 37.73515 ], [ 27.13138, 37.75074 ], [ 27.1491, 37.76322 ], [ 27.1648, 37.78062 ], [ 27.1463, 37.81866 ], [ 27.13647, 37.83545 ], [ 27.13363, 37.83746 ], [ 27.12002, 37.84559 ], [ 27.1062, 37.85139 ], [ 27.0885, 37.85599 ], [ 27.06742, 37.85833 ], [ 27.04269, 37.87121 ], [ 27.01544, 37.87767 ], [ 26.99525, 37.87848 ], [ 26.97057, 37.87546 ], [ 26.94848, 37.87512 ], [ 26.93108, 37.8721 ], [ 26.91507, 37.86686 ], [ 26.88695, 37.87885 ], [ 26.86127, 37.88434 ], [ 26.74485, 37.89212 ], [ 26.7276, 37.89137 ], [ 26.70816, 37.88804 ], [ 26.67384, 37.8771 ], [ 26.65347, 37.87394 ], [ 26.6304, 37.86765 ], [ 26.60399, 37.85617 ], [ 26.58827, 37.84612 ], [ 26.56326, 37.83907 ], [ 26.53375, 37.82375 ], [ 26.51841, 37.81153 ], [ 26.48039, 37.77169 ], [ 26.47404, 37.7617 ], [ 26.46916, 37.74989 ], [ 26.46682, 37.73886 ], [ 26.46642, 37.72663 ], [ 26.45655, 37.72229 ], [ 26.44952, 37.73253 ], [ 26.44003, 37.7424 ], [ 26.41607, 37.75801 ], [ 26.38602, 37.76777 ], [ 26.35647, 37.77003 ], [ 26.32186, 37.76658 ], [ 26.30237, 37.76159 ], [ 26.27835, 37.75886 ], [ 26.25928, 37.75339 ], [ 26.22567, 37.73803 ], [ 26.18313, 37.71344 ], [ 26.15435, 37.71716 ], [ 26.10552, 37.71399 ], [ 26.07784, 37.71557 ], [ 26.05618, 37.71264 ], [ 26.03667, 37.70651 ], [ 26.01996, 37.69888 ], [ 25.98891, 37.68006 ], [ 25.95951, 37.65357 ], [ 25.93028, 37.62429 ], [ 25.89003, 37.57358 ], [ 25.88099, 37.55629 ], [ 25.87715, 37.54535 ], [ 25.874, 37.52374 ], [ 25.87633, 37.50312 ] ], [ [ 26.82554, 37.47484 ], [ 26.82685, 37.46241 ], [ 26.83026, 37.45112 ], [ 26.83703, 37.43809 ], [ 26.85707, 37.40954 ], [ 26.87212, 37.39348 ], [ 26.89478, 37.37894 ], [ 26.91262, 37.36407 ], [ 26.93657, 37.35268 ], [ 26.95348, 37.34832 ], [ 26.9702, 37.34642 ], [ 26.98705, 37.34678 ], [ 27.00326, 37.3493 ], [ 26.98997, 37.33062 ], [ 26.9836, 37.31724 ], [ 26.97941, 37.29585 ], [ 26.97933, 37.28193 ], [ 26.98365, 37.262 ], [ 26.98973, 37.24783 ], [ 27.00083, 37.23162 ], [ 27.01548, 37.21834 ], [ 27.03494, 37.20677 ], [ 27.05672, 37.19914 ], [ 27.08079, 37.19561 ], [ 27.10741, 37.19642 ], [ 27.13155, 37.20163 ], [ 27.15606, 37.21147 ], [ 27.17518, 37.22433 ], [ 27.18952, 37.23946 ], [ 27.19671, 37.25137 ], [ 27.20139, 37.26411 ], [ 27.18952, 37.28101 ], [ 27.17074, 37.29964 ], [ 27.13105, 37.3449 ], [ 27.10077, 37.3861 ], [ 27.06935, 37.38471 ], [ 27.07963, 37.40058 ], [ 27.09335, 37.41534 ], [ 27.10103, 37.42866 ], [ 27.09287, 37.49883 ], [ 27.06727, 37.5413 ], [ 27.04569, 37.55132 ], [ 27.01462, 37.56137 ], [ 26.99972, 37.56458 ], [ 26.97379, 37.56625 ], [ 26.92839, 37.56254 ], [ 26.90526, 37.556 ], [ 26.87582, 37.54396 ], [ 26.86283, 37.53694 ], [ 26.84265, 37.51956 ], [ 26.83031, 37.49942 ], [ 26.8267, 37.48728 ], [ 26.82554, 37.47484 ] ], [ [ 25.73465, 38.51952 ], [ 25.74011, 38.50764 ], [ 25.75217, 38.49186 ], [ 25.75938, 38.47648 ], [ 25.76944, 38.46008 ], [ 25.78424, 38.4432 ], [ 25.79702, 38.43271 ], [ 25.83188, 38.4111 ], [ 25.85675, 38.40093 ], [ 25.86781, 38.37289 ], [ 25.85234, 38.35851 ], [ 25.83071, 38.34925 ], [ 25.81488, 38.33902 ], [ 25.79598, 38.32238 ], [ 25.78494, 38.30772 ], [ 25.76779, 38.27184 ], [ 25.76345, 38.25511 ], [ 25.76452, 38.23442 ], [ 25.77336, 38.20914 ], [ 25.7821, 38.19616 ], [ 25.79417, 38.18435 ], [ 25.80433, 38.16922 ], [ 25.82049, 38.15461 ], [ 25.83571, 38.14576 ], [ 25.85321, 38.1392 ], [ 25.8729, 38.12622 ], [ 25.88975, 38.11943 ], [ 25.90333, 38.1082 ], [ 25.92033, 38.09889 ], [ 25.93404, 38.0787 ], [ 25.95394, 38.06272 ], [ 25.97596, 38.05259 ], [ 26.00021, 38.04715 ], [ 26.02227, 38.04645 ], [ 26.04266, 38.04927 ], [ 26.06255, 38.05542 ], [ 26.08072, 38.065 ], [ 26.09675, 38.07844 ], [ 26.10837, 38.09443 ], [ 26.11465, 38.11082 ], [ 26.11713, 38.13126 ], [ 26.13763, 38.1363 ], [ 26.1557, 38.14432 ], [ 26.1714, 38.15514 ], [ 26.18551, 38.16974 ], [ 26.20108, 38.19071 ], [ 26.17336, 38.25179 ], [ 26.17107, 38.25422 ], [ 26.17079, 38.26253 ], [ 26.18011, 38.29439 ], [ 26.19101, 38.31885 ], [ 26.22066, 38.34562 ], [ 26.21361, 38.36678 ], [ 26.21198, 38.38716 ], [ 26.21536, 38.40651 ], [ 26.22577, 38.42084 ], [ 26.23027, 38.43606 ], [ 26.24649, 38.44266 ], [ 26.28426, 38.45149 ], [ 26.30271, 38.46033 ], [ 26.32227, 38.47187 ], [ 26.33297, 38.48442 ], [ 26.3435, 38.4925 ], [ 26.34146, 38.502 ], [ 26.32748, 38.52645 ], [ 26.32356, 38.53934 ], [ 26.28288, 38.58179 ], [ 26.27734, 38.59061 ], [ 26.25423, 38.61265 ], [ 26.21793, 38.61961 ], [ 26.19991, 38.63107 ], [ 26.17884, 38.63922 ], [ 26.16368, 38.6424 ], [ 26.13788, 38.64495 ], [ 26.12427, 38.65501 ], [ 26.10838, 38.66296 ], [ 26.08728, 38.66919 ], [ 26.06613, 38.67827 ], [ 26.04326, 38.68313 ], [ 26.02588, 38.68394 ], [ 25.98763, 38.6817 ], [ 25.97027, 38.67866 ], [ 25.92793, 38.66731 ], [ 25.89536, 38.66742 ], [ 25.87221, 38.66527 ], [ 25.8373, 38.65816 ], [ 25.81224, 38.64991 ], [ 25.78835, 38.63733 ], [ 25.7701, 38.62216 ], [ 25.74138, 38.58197 ], [ 25.73348, 38.56318 ], [ 25.73101, 38.53874 ], [ 25.73465, 38.51952 ] ], [ [ 25.72086, 39.19131 ], [ 25.7243, 39.17808 ], [ 25.73121, 39.16464 ], [ 25.7632, 39.12803 ], [ 25.77756, 39.11666 ], [ 25.78979, 39.10947 ], [ 25.80779, 39.09286 ], [ 25.84269, 39.07446 ], [ 25.86839, 39.06524 ], [ 25.8777, 39.05529 ], [ 25.88774, 39.0474 ], [ 25.91566, 39.03345 ], [ 25.93196, 39.02881 ], [ 25.94906, 39.02642 ], [ 25.98655, 39.02804 ], [ 26.00455, 39.02244 ], [ 26.02474, 39.00949 ], [ 26.04961, 38.99998 ], [ 26.05657, 38.98948 ], [ 26.06635, 38.97873 ], [ 26.10235, 38.94673 ], [ 26.11884, 38.93753 ], [ 26.13762, 38.93104 ], [ 26.15763, 38.92767 ], [ 26.17967, 38.92767 ], [ 26.19968, 38.93105 ], [ 26.21959, 38.93791 ], [ 26.22955, 38.93503 ], [ 26.27182, 38.91235 ], [ 26.28989, 38.90486 ], [ 26.31086, 38.90013 ], [ 26.33881, 38.8982 ], [ 26.36379, 38.88948 ], [ 26.38372, 38.88551 ], [ 26.42783, 38.88431 ], [ 26.47383, 38.89208 ], [ 26.49654, 38.88718 ], [ 26.51992, 38.88655 ], [ 26.57029, 38.89523 ], [ 26.59347, 38.90322 ], [ 26.61441, 38.91639 ], [ 26.63053, 38.93374 ], [ 26.64978, 38.939 ], [ 26.66613, 38.94652 ], [ 26.68087, 38.95631 ], [ 26.6936, 38.96889 ], [ 26.69817, 39.01482 ], [ 26.70877, 39.06611 ], [ 26.70494, 39.07451 ], [ 26.68195, 39.10728 ], [ 26.66602, 39.12319 ], [ 26.65823, 39.1436 ], [ 26.64106, 39.1665 ], [ 26.63627, 39.18872 ], [ 26.60522, 39.20755 ], [ 26.58377, 39.21682 ], [ 26.55698, 39.22365 ], [ 26.53865, 39.23879 ], [ 26.51067, 39.27006 ], [ 26.49667, 39.27763 ], [ 26.49434, 39.28266 ], [ 26.48313, 39.34346 ], [ 26.47913, 39.35622 ], [ 26.48088, 39.38716 ], [ 26.47283, 39.40234 ], [ 26.46223, 39.40661 ], [ 26.44439, 39.42657 ], [ 26.43659, 39.42851 ], [ 26.38851, 39.42945 ], [ 26.34694, 39.43669 ], [ 26.33662, 39.43582 ], [ 26.29725, 39.43115 ], [ 26.27965, 39.42502 ], [ 26.2662, 39.42287 ], [ 26.22811, 39.42453 ], [ 26.19892, 39.41919 ], [ 26.17391, 39.41864 ], [ 26.11473, 39.40361 ], [ 26.07056, 39.3877 ], [ 26.05726, 39.38484 ], [ 26.03673, 39.37513 ], [ 26.01106, 39.37219 ], [ 25.97543, 39.36249 ], [ 25.9703, 39.36261 ], [ 25.94601, 39.37005 ], [ 25.91787, 39.37352 ], [ 25.89596, 39.37313 ], [ 25.87469, 39.36904 ], [ 25.85415, 39.36135 ], [ 25.83889, 39.35291 ], [ 25.80915, 39.33139 ], [ 25.77778, 39.30322 ], [ 25.7655, 39.2878 ], [ 25.75813, 39.27034 ], [ 25.73113, 39.23789 ], [ 25.72332, 39.22181 ], [ 25.7204, 39.20713 ], [ 25.72086, 39.19131 ] ] ], [ [ [ 8.87389, 47.66908 ], [ 8.87387, 47.66908 ], [ 8.87381, 47.66946 ], [ 8.87389, 47.66908 ] ] ], [ [ [ 9.78412, 46.33986 ], [ 9.78301, 46.33875 ], [ 9.78, 46.33692 ], [ 9.78428, 46.34021 ], [ 9.78412, 46.33986 ] ] ], [ [ [ 9.77958, 46.33634 ], [ 9.77951, 46.33632 ], [ 9.77964, 46.33645 ], [ 9.77958, 46.33634 ] ] ], [ [ [ 9.77925, 46.33606 ], [ 9.77842, 46.33516 ], [ 9.77875, 46.33577 ], [ 9.77925, 46.33606 ] ] ], [ [ [ 9.77656, 46.33479 ], [ 9.77652, 46.33481 ], [ 9.77663, 46.33481 ], [ 9.77656, 46.33479 ] ] ], [ [ [ 9.77532, 46.33509 ], [ 9.77487, 46.335 ], [ 9.77455, 46.33514 ], [ 9.77532, 46.33509 ] ] ], [ [ [ 9.7744, 46.33517 ], [ 9.77419, 46.33521 ], [ 9.77416, 46.33523 ], [ 9.7744, 46.33517 ] ] ], [ [ [ 9.76989, 46.33572 ], [ 9.77202, 46.3358 ], [ 9.77404, 46.33528 ], [ 9.76989, 46.33572 ] ] ], [ [ [ 9.76517, 46.33742 ], [ 9.76505, 46.33754 ], [ 9.76535, 46.3374 ], [ 9.76517, 46.33742 ] ] ], [ [ [ 9.76496, 46.33758 ], [ 9.76488, 46.33759 ], [ 9.76479, 46.33772 ], [ 9.76496, 46.33758 ] ] ], [ [ [ 9.76388, 46.33841 ], [ 9.76388, 46.33844 ], [ 9.76395, 46.33839 ], [ 9.76388, 46.33841 ] ] ], [ [ [ 9.76321, 46.33879 ], [ 9.76297, 46.33899 ], [ 9.76353, 46.33871 ], [ 9.76321, 46.33879 ] ] ], [ [ [ 9.76165, 46.33975 ], [ 9.76161, 46.33982 ], [ 9.76183, 46.33966 ], [ 9.76165, 46.33975 ] ] ], [ [ [ 9.76075, 46.34086 ], [ 9.7607, 46.34099 ], [ 9.76091, 46.34067 ], [ 9.76075, 46.34086 ] ] ], [ [ [ 9.75929, 46.34226 ], [ 9.75933, 46.34229 ], [ 9.7596, 46.3421 ], [ 9.75929, 46.34226 ] ] ], [ [ [ 9.75369, 46.3458 ], [ 9.75332, 46.34585 ], [ 9.75311, 46.34597 ], [ 9.75369, 46.3458 ] ] ], [ [ [ 9.75176, 46.34633 ], [ 9.75154, 46.34652 ], [ 9.75211, 46.34629 ], [ 9.75176, 46.34633 ] ] ], [ [ [ 9.75096, 46.34672 ], [ 9.75043, 46.34681 ], [ 9.75024, 46.34692 ], [ 9.75096, 46.34672 ] ] ], [ [ [ 9.74592, 46.34979 ], [ 9.7457, 46.34977 ], [ 9.74558, 46.34986 ], [ 9.74592, 46.34979 ] ] ], [ [ [ 9.74341, 46.35154 ], [ 9.74372, 46.35107 ], [ 9.74364, 46.3511 ], [ 9.74341, 46.35154 ] ] ], [ [ [ 9.74142, 46.35069 ], [ 9.74134, 46.35068 ], [ 9.74142, 46.35071 ], [ 9.74142, 46.35069 ] ] ], [ [ [ 9.74037, 46.3502 ], [ 9.74033, 46.35019 ], [ 9.7404, 46.35022 ], [ 9.74037, 46.3502 ] ] ], [ [ [ 9.73998, 46.35005 ], [ 9.7397, 46.35003 ], [ 9.74019, 46.35014 ], [ 9.73998, 46.35005 ] ] ], [ [ [ 9.73943, 46.34997 ], [ 9.73929, 46.34991 ], [ 9.73923, 46.34994 ], [ 9.73943, 46.34997 ] ] ], [ [ [ 9.73901, 46.34995 ], [ 9.7386, 46.35036 ], [ 9.73906, 46.34997 ], [ 9.73901, 46.34995 ] ] ], [ [ [ 9.73596, 46.3503 ], [ 9.736, 46.35034 ], [ 9.73615, 46.3504 ], [ 9.73596, 46.3503 ] ] ], [ [ [ 9.7333, 46.3476 ], [ 9.73334, 46.34776 ], [ 9.73336, 46.34755 ], [ 9.7323, 46.34724 ], [ 9.73259, 46.34741 ], [ 9.7333, 46.3476 ] ] ], [ [ [ 9.73084, 46.3461 ], [ 9.73068, 46.34601 ], [ 9.73112, 46.34632 ], [ 9.73084, 46.3461 ] ] ], [ [ [ 9.72877, 46.34491 ], [ 9.72893, 46.34492 ], [ 9.7285, 46.34485 ], [ 9.72877, 46.34491 ] ] ], [ [ [ 9.72796, 46.3447 ], [ 9.72789, 46.3447 ], [ 9.72805, 46.34474 ], [ 9.72796, 46.3447 ] ] ], [ [ [ 9.72634, 46.34383 ], [ 9.72494, 46.34296 ], [ 9.72664, 46.34415 ], [ 9.72634, 46.34383 ] ] ], [ [ [ 9.72469, 46.34248 ], [ 9.72463, 46.34245 ], [ 9.72468, 46.34252 ], [ 9.72469, 46.34248 ] ] ], [ [ [ 9.72461, 46.34226 ], [ 9.72444, 46.34213 ], [ 9.72461, 46.34242 ], [ 9.72461, 46.34226 ] ] ], [ [ [ 9.72401, 46.34154 ], [ 9.72399, 46.34153 ], [ 9.72405, 46.34161 ], [ 9.72401, 46.34154 ] ] ], [ [ [ 9.72302, 46.34059 ], [ 9.72294, 46.34071 ], [ 9.72297, 46.34072 ], [ 9.72302, 46.34059 ] ] ], [ [ [ 9.72353, 46.33992 ], [ 9.72363, 46.33975 ], [ 9.72328, 46.34023 ], [ 9.72353, 46.33992 ] ] ], [ [ [ 9.72421, 46.33895 ], [ 9.72469, 46.33826 ], [ 9.72414, 46.33904 ], [ 9.72421, 46.33895 ] ] ], [ [ [ 9.72552, 46.33727 ], [ 9.72549, 46.33713 ], [ 9.72535, 46.33778 ], [ 9.72552, 46.33727 ] ] ], [ [ [ 9.72566, 46.33679 ], [ 9.72566, 46.33678 ], [ 9.72562, 46.33685 ], [ 9.72566, 46.33679 ] ] ], [ [ [ 9.7258, 46.33602 ], [ 9.72576, 46.33597 ], [ 9.72577, 46.33609 ], [ 9.7258, 46.33602 ] ] ], [ [ [ 9.72611, 46.33517 ], [ 9.72617, 46.3349 ], [ 9.72582, 46.33556 ], [ 9.72611, 46.33517 ] ] ], [ [ [ 9.72734, 46.33301 ], [ 9.72741, 46.33285 ], [ 9.7271, 46.33317 ], [ 9.72734, 46.33301 ] ] ], [ [ [ 9.72689, 46.3323 ], [ 9.72684, 46.33229 ], [ 9.72708, 46.33242 ], [ 9.72689, 46.3323 ] ] ], [ [ [ 9.72609, 46.33195 ], [ 9.72604, 46.33194 ], [ 9.7261, 46.33196 ], [ 9.72609, 46.33195 ] ] ], [ [ [ 9.72475, 46.33132 ], [ 9.72413, 46.33127 ], [ 9.72515, 46.33163 ], [ 9.72475, 46.33132 ] ] ], [ [ [ 9.72372, 46.33112 ], [ 9.72326, 46.33067 ], [ 9.72347, 46.3291 ], [ 9.72302, 46.33031 ], [ 9.72316, 46.33072 ], [ 9.72372, 46.33112 ] ] ], [ [ [ 9.72206, 46.32811 ], [ 9.72183, 46.32778 ], [ 9.72129, 46.32773 ], [ 9.72206, 46.32811 ] ] ], [ [ [ 9.72091, 46.32762 ], [ 9.72076, 46.32759 ], [ 9.72091, 46.32763 ], [ 9.72091, 46.32762 ] ] ], [ [ [ 9.72, 46.3274 ], [ 9.72017, 46.32746 ], [ 9.72054, 46.32754 ], [ 9.72, 46.3274 ] ] ], [ [ [ 9.71938, 46.32716 ], [ 9.71936, 46.32715 ], [ 9.71941, 46.32719 ], [ 9.71938, 46.32716 ] ] ], [ [ [ 9.71846, 46.32633 ], [ 9.71828, 46.32597 ], [ 9.7181, 46.32583 ], [ 9.71846, 46.32633 ] ] ], [ [ [ 9.71808, 46.32569 ], [ 9.71799, 46.32565 ], [ 9.71808, 46.32579 ], [ 9.71808, 46.32569 ] ] ], [ [ [ 9.71776, 46.3247 ], [ 9.71783, 46.3254 ], [ 9.71795, 46.32558 ], [ 9.71776, 46.3247 ] ] ], [ [ [ 9.71735, 46.32371 ], [ 9.71728, 46.32397 ], [ 9.71734, 46.32407 ], [ 9.71735, 46.32371 ] ] ], [ [ [ 9.71742, 46.32348 ], [ 9.7178, 46.32319 ], [ 9.7179, 46.32298 ], [ 9.71742, 46.32348 ] ] ], [ [ [ 9.71777, 46.32195 ], [ 9.71775, 46.32239 ], [ 9.71808, 46.3216 ], [ 9.71802, 46.32163 ], [ 9.71777, 46.32195 ] ] ], [ [ [ 9.71953, 46.32123 ], [ 9.71967, 46.32122 ], [ 9.71975, 46.32118 ], [ 9.71953, 46.32123 ] ] ], [ [ [ 9.72089, 46.32114 ], [ 9.72178, 46.32129 ], [ 9.72199, 46.32125 ], [ 9.72089, 46.32114 ] ] ], [ [ [ 9.72201, 46.32125 ], [ 9.72207, 46.32127 ], [ 9.72214, 46.32126 ], [ 9.72201, 46.32125 ] ] ], [ [ [ 9.7235, 46.32093 ], [ 9.72411, 46.32047 ], [ 9.72334, 46.32094 ], [ 9.7235, 46.32093 ] ] ], [ [ [ 9.72591, 46.31968 ], [ 9.7257, 46.31973 ], [ 9.72582, 46.31972 ], [ 9.72591, 46.31968 ] ] ], [ [ [ 9.72617, 46.31898 ], [ 9.72598, 46.31802 ], [ 9.72586, 46.31796 ], [ 9.72617, 46.31898 ] ] ], [ [ [ 9.72569, 46.31685 ], [ 9.72567, 46.3167 ], [ 9.72568, 46.31695 ], [ 9.72569, 46.31685 ] ] ], [ [ [ 9.72598, 46.31415 ], [ 9.72596, 46.3141 ], [ 9.72597, 46.31416 ], [ 9.72598, 46.31415 ] ] ], [ [ [ 9.7259, 46.31373 ], [ 9.72596, 46.31339 ], [ 9.72582, 46.31322 ], [ 9.7259, 46.31373 ] ] ], [ [ [ 9.72568, 46.31282 ], [ 9.72557, 46.31268 ], [ 9.72568, 46.31288 ], [ 9.72568, 46.31282 ] ] ], [ [ [ 9.72551, 46.31256 ], [ 9.72488, 46.31112 ], [ 9.72493, 46.31151 ], [ 9.72551, 46.31256 ] ] ], [ [ [ 9.72495, 46.31072 ], [ 9.7248, 46.31042 ], [ 9.72488, 46.31111 ], [ 9.72495, 46.31072 ] ] ], [ [ [ 9.72474, 46.31025 ], [ 9.72462, 46.31014 ], [ 9.72474, 46.31029 ], [ 9.72474, 46.31025 ] ] ], [ [ [ 9.72456, 46.31006 ], [ 9.72444, 46.3099 ], [ 9.72427, 46.30983 ], [ 9.72456, 46.31006 ] ] ], [ [ [ 9.72416, 46.30965 ], [ 9.72205, 46.30918 ], [ 9.72427, 46.30983 ], [ 9.72416, 46.30965 ] ] ], [ [ [ 9.72181, 46.30877 ], [ 9.72172, 46.30878 ], [ 9.72197, 46.30909 ], [ 9.72181, 46.30877 ] ] ], [ [ [ 9.72152, 46.30854 ], [ 9.7206, 46.30771 ], [ 9.72038, 46.30773 ], [ 9.72152, 46.30854 ] ] ], [ [ [ 9.71975, 46.30684 ], [ 9.71869, 46.30655 ], [ 9.71994, 46.30727 ], [ 9.71975, 46.30684 ] ] ], [ [ [ 9.71812, 46.3062 ], [ 9.71807, 46.3053 ], [ 9.718, 46.30582 ], [ 9.71812, 46.3062 ] ] ], [ [ [ 9.71807, 46.30521 ], [ 9.71769, 46.30472 ], [ 9.71807, 46.30526 ], [ 9.71807, 46.30521 ] ] ], [ [ [ 9.71725, 46.30392 ], [ 9.71717, 46.30342 ], [ 9.7166, 46.30261 ], [ 9.71725, 46.30392 ] ] ], [ [ [ 9.71511, 46.29852 ], [ 9.71527, 46.29946 ], [ 9.71562, 46.30034 ], [ 9.71511, 46.29852 ] ] ], [ [ [ 9.7156, 46.29556 ], [ 9.7145, 46.29658 ], [ 9.71478, 46.29762 ], [ 9.7156, 46.29556 ] ] ], [ [ [ 9.71491, 46.29451 ], [ 9.71455, 46.29303 ], [ 9.71456, 46.29411 ], [ 9.71491, 46.29451 ] ] ], [ [ [ 9.71315, 46.29287 ], [ 9.71445, 46.29289 ], [ 9.71384, 46.29276 ], [ 9.71315, 46.29287 ] ] ], [ [ [ 9.71251, 46.29283 ], [ 9.71233, 46.29281 ], [ 9.71253, 46.29285 ], [ 9.71251, 46.29283 ] ] ], [ [ [ 9.71224, 46.29279 ], [ 9.71209, 46.29268 ], [ 9.7119, 46.29268 ], [ 9.71224, 46.29279 ] ] ], [ [ [ 9.70911, 46.29184 ], [ 9.70905, 46.29186 ], [ 9.70914, 46.29185 ], [ 9.70911, 46.29184 ] ] ], [ [ [ 9.70415, 46.29117 ], [ 9.70394, 46.29117 ], [ 9.70436, 46.29122 ], [ 9.70415, 46.29117 ] ] ], [ [ [ 9.70299, 46.29091 ], [ 9.70141, 46.29133 ], [ 9.70356, 46.29112 ], [ 9.70299, 46.29091 ] ] ], [ [ [ 9.70086, 46.2914 ], [ 9.70071, 46.29156 ], [ 9.70122, 46.2914 ], [ 9.70086, 46.2914 ] ] ], [ [ [ 9.70025, 46.2917 ], [ 9.7, 46.29167 ], [ 9.69957, 46.29172 ], [ 9.70025, 46.2917 ] ] ], [ [ [ 9.69944, 46.29173 ], [ 9.6992, 46.29169 ], [ 9.69894, 46.29173 ], [ 9.69944, 46.29173 ] ] ], [ [ [ 9.69755, 46.29215 ], [ 9.69719, 46.29235 ], [ 9.69705, 46.29245 ], [ 9.69755, 46.29215 ] ] ], [ [ [ 9.69688, 46.29257 ], [ 9.69634, 46.29287 ], [ 9.69622, 46.29305 ], [ 9.69688, 46.29257 ] ] ], [ [ [ 9.69429, 46.29353 ], [ 9.69416, 46.29355 ], [ 9.69404, 46.29361 ], [ 9.69429, 46.29353 ] ] ], [ [ [ 9.69145, 46.29367 ], [ 9.69217, 46.29386 ], [ 9.69323, 46.29378 ], [ 9.69145, 46.29367 ] ] ], [ [ [ 9.69144, 46.29366 ], [ 9.69115, 46.29355 ], [ 9.69106, 46.29356 ], [ 9.69144, 46.29366 ] ] ], [ [ [ 9.68739, 46.2941 ], [ 9.68739, 46.29393 ], [ 9.68716, 46.29425 ], [ 9.68739, 46.2941 ] ] ], [ [ [ 9.68521, 46.29539 ], [ 9.68521, 46.29541 ], [ 9.68525, 46.29539 ], [ 9.68521, 46.29539 ] ] ], [ [ [ 9.6823, 46.29667 ], [ 9.68179, 46.29691 ], [ 9.68269, 46.29657 ], [ 9.6823, 46.29667 ] ] ], [ [ [ 9.68123, 46.29983 ], [ 9.67917, 46.30134 ], [ 9.67914, 46.3015 ], [ 9.68123, 46.29983 ] ] ], [ [ [ 9.67848, 46.30174 ], [ 9.67862, 46.30183 ], [ 9.67912, 46.30151 ], [ 9.67848, 46.30174 ] ] ], [ [ [ 9.67807, 46.30183 ], [ 9.67781, 46.30177 ], [ 9.67765, 46.30184 ], [ 9.67807, 46.30183 ] ] ], [ [ [ 9.67746, 46.30183 ], [ 9.67746, 46.30184 ], [ 9.6775, 46.30184 ], [ 9.67746, 46.30183 ] ] ], [ [ [ 9.6756, 46.30294 ], [ 9.67697, 46.30313 ], [ 9.67743, 46.30191 ], [ 9.6756, 46.30294 ] ] ], [ [ [ 9.67408, 46.30215 ], [ 9.67496, 46.30276 ], [ 9.6738, 46.30181 ], [ 9.67408, 46.30215 ] ] ], [ [ [ 9.67061, 46.30001 ], [ 9.67051, 46.2991 ], [ 9.66963, 46.29796 ], [ 9.66996, 46.29983 ], [ 9.67061, 46.30001 ] ] ], [ [ [ 9.66951, 46.29741 ], [ 9.66945, 46.29633 ], [ 9.66885, 46.29603 ], [ 9.66951, 46.29741 ] ] ], [ [ [ 9.66764, 46.2959 ], [ 9.66764, 46.29592 ], [ 9.66766, 46.29591 ], [ 9.66764, 46.2959 ] ] ], [ [ [ 9.66707, 46.29619 ], [ 9.66708, 46.29626 ], [ 9.66715, 46.2962 ], [ 9.66707, 46.29619 ] ] ], [ [ [ 9.66297, 46.29676 ], [ 9.66266, 46.29666 ], [ 9.66242, 46.29667 ], [ 9.66297, 46.29676 ] ] ], [ [ [ 9.66052, 46.29586 ], [ 9.66036, 46.29593 ], [ 9.66076, 46.29595 ], [ 9.66052, 46.29586 ] ] ], [ [ [ 9.66013, 46.29591 ], [ 9.6601, 46.29592 ], [ 9.66022, 46.29592 ], [ 9.66013, 46.29591 ] ] ], [ [ [ 9.65931, 46.2955 ], [ 9.65913, 46.29532 ], [ 9.65903, 46.29533 ], [ 9.65931, 46.2955 ] ] ], [ [ [ 9.65886, 46.29524 ], [ 9.65882, 46.29524 ], [ 9.65888, 46.29527 ], [ 9.65886, 46.29524 ] ] ], [ [ [ 9.65846, 46.29509 ], [ 9.65841, 46.29503 ], [ 9.65836, 46.29502 ], [ 9.65846, 46.29509 ] ] ], [ [ [ 9.65823, 46.29491 ], [ 9.65818, 46.29489 ], [ 9.65825, 46.29494 ], [ 9.65823, 46.29491 ] ] ], [ [ [ 9.656, 46.29365 ], [ 9.65634, 46.29384 ], [ 9.65672, 46.29396 ], [ 9.656, 46.29365 ] ] ], [ [ [ 9.65587, 46.29348 ], [ 9.65585, 46.29348 ], [ 9.65589, 46.29352 ], [ 9.65587, 46.29348 ] ] ], [ [ [ 9.65522, 46.29304 ], [ 9.65468, 46.29305 ], [ 9.65525, 46.29309 ], [ 9.65522, 46.29304 ] ] ], [ [ [ 9.65285, 46.29319 ], [ 9.65245, 46.29289 ], [ 9.65196, 46.29287 ], [ 9.65285, 46.29319 ] ] ], [ [ [ 9.6506, 46.29214 ], [ 9.65059, 46.29215 ], [ 9.65075, 46.29224 ], [ 9.6506, 46.29214 ] ] ], [ [ [ 9.64993, 46.291 ], [ 9.64991, 46.29097 ], [ 9.6499, 46.29116 ], [ 9.64993, 46.291 ] ] ], [ [ [ 9.64982, 46.28971 ], [ 9.64951, 46.28967 ], [ 9.64987, 46.28984 ], [ 9.64982, 46.28971 ] ] ], [ [ [ 9.64717, 46.2889 ], [ 9.64698, 46.28877 ], [ 9.64696, 46.28878 ], [ 9.64717, 46.2889 ] ] ], [ [ [ 9.64679, 46.28876 ], [ 9.64677, 46.28877 ], [ 9.6468, 46.28877 ], [ 9.64679, 46.28876 ] ] ], [ [ [ 9.64503, 46.28855 ], [ 9.6447, 46.28832 ], [ 9.64426, 46.2881 ], [ 9.64503, 46.28855 ] ] ], [ [ [ 9.6423, 46.2869 ], [ 9.64223, 46.28691 ], [ 9.64235, 46.28695 ], [ 9.6423, 46.2869 ] ] ], [ [ [ 9.63687, 46.28618 ], [ 9.63652, 46.28623 ], [ 9.63713, 46.28628 ], [ 9.63687, 46.28618 ] ] ], [ [ [ 9.6364, 46.2862 ], [ 9.63622, 46.28619 ], [ 9.63644, 46.28622 ], [ 9.6364, 46.2862 ] ] ], [ [ [ 9.63376, 46.28626 ], [ 9.63367, 46.28629 ], [ 9.6338, 46.28629 ], [ 9.63376, 46.28626 ] ] ], [ [ [ 9.62754, 46.28772 ], [ 9.62752, 46.28772 ], [ 9.6276, 46.28775 ], [ 9.62754, 46.28772 ] ] ], [ [ [ 9.62512, 46.28823 ], [ 9.62576, 46.28784 ], [ 9.62528, 46.28811 ], [ 9.62287, 46.28788 ], [ 9.62406, 46.28839 ], [ 9.62512, 46.28823 ] ] ], [ [ [ 9.62153, 46.28775 ], [ 9.62135, 46.2877 ], [ 9.62125, 46.28774 ], [ 9.62153, 46.28775 ] ] ], [ [ [ 9.61969, 46.28763 ], [ 9.61964, 46.28763 ], [ 9.61972, 46.28765 ], [ 9.61969, 46.28763 ] ] ], [ [ [ 9.61827, 46.28824 ], [ 9.61837, 46.28781 ], [ 9.61878, 46.2875 ], [ 9.61869, 46.28736 ], [ 9.61837, 46.28772 ], [ 9.61779, 46.2888 ], [ 9.61793, 46.28872 ], [ 9.61827, 46.28824 ] ] ], [ [ [ 9.61691, 46.28939 ], [ 9.61763, 46.28892 ], [ 9.61635, 46.28953 ], [ 9.61664, 46.28949 ], [ 9.61691, 46.28939 ] ] ], [ [ [ 9.6161, 46.28956 ], [ 9.61611, 46.28957 ], [ 9.6162, 46.28956 ], [ 9.6161, 46.28956 ] ] ], [ [ [ 9.61539, 46.29003 ], [ 9.61554, 46.28986 ], [ 9.61525, 46.29011 ], [ 9.61539, 46.29003 ] ] ], [ [ [ 9.61501, 46.29023 ], [ 9.61498, 46.2902 ], [ 9.61467, 46.29055 ], [ 9.61501, 46.29023 ] ] ], [ [ [ 9.61431, 46.291 ], [ 9.61441, 46.29082 ], [ 9.61453, 46.29077 ], [ 9.61463, 46.29062 ], [ 9.6144, 46.2908 ], [ 9.61424, 46.29104 ], [ 9.61431, 46.291 ] ] ], [ [ [ 9.61363, 46.2914 ], [ 9.61363, 46.29141 ], [ 9.61379, 46.29131 ], [ 9.61363, 46.2914 ] ] ], [ [ [ 9.61317, 46.29172 ], [ 9.6129, 46.29188 ], [ 9.61326, 46.29168 ], [ 9.61317, 46.29172 ] ] ], [ [ [ 9.61276, 46.29196 ], [ 9.61265, 46.292 ], [ 9.61264, 46.29202 ], [ 9.61276, 46.29196 ] ] ], [ [ [ 9.6123, 46.29215 ], [ 9.61207, 46.29228 ], [ 9.6124, 46.29213 ], [ 9.6123, 46.29215 ] ] ], [ [ [ 9.61199, 46.29232 ], [ 9.612, 46.29235 ], [ 9.612, 46.29231 ], [ 9.61199, 46.29232 ] ] ], [ [ [ 9.61197, 46.29258 ], [ 9.61171, 46.29269 ], [ 9.61166, 46.29273 ], [ 9.61197, 46.29258 ] ] ], [ [ [ 9.61143, 46.29294 ], [ 9.61139, 46.293 ], [ 9.61158, 46.29281 ], [ 9.61143, 46.29294 ] ] ], [ [ [ 9.61099, 46.29387 ], [ 9.61118, 46.29342 ], [ 9.6112, 46.29334 ], [ 9.61099, 46.29387 ] ] ], [ [ [ 9.61082, 46.29402 ], [ 9.61088, 46.29396 ], [ 9.61098, 46.29389 ], [ 9.61088, 46.29392 ], [ 9.61082, 46.29402 ] ] ], [ [ [ 9.61079, 46.29405 ], [ 9.61059, 46.29421 ], [ 9.61042, 46.29449 ], [ 9.61079, 46.29405 ] ] ], [ [ [ 9.61036, 46.29458 ], [ 9.61026, 46.29448 ], [ 9.61009, 46.2945 ], [ 9.61036, 46.29458 ] ] ], [ [ [ 9.6099, 46.2944 ], [ 9.6096, 46.29436 ], [ 9.60995, 46.29446 ], [ 9.6099, 46.2944 ] ] ], [ [ [ 9.60906, 46.29417 ], [ 9.60901, 46.29418 ], [ 9.60921, 46.29417 ], [ 9.60906, 46.29417 ] ] ], [ [ [ 9.6086, 46.29437 ], [ 9.60899, 46.29419 ], [ 9.60814, 46.29435 ], [ 9.60705, 46.29416 ], [ 9.60786, 46.29436 ], [ 9.6086, 46.29437 ] ] ], [ [ [ 9.6066, 46.29421 ], [ 9.60652, 46.29424 ], [ 9.60695, 46.29417 ], [ 9.6066, 46.29421 ] ] ], [ [ [ 9.60361, 46.2948 ], [ 9.60325, 46.2948 ], [ 9.60375, 46.29485 ], [ 9.60361, 46.2948 ] ] ], [ [ [ 9.60312, 46.29473 ], [ 9.60293, 46.29461 ], [ 9.60282, 46.29464 ], [ 9.60312, 46.29473 ] ] ], [ [ [ 9.60197, 46.2949 ], [ 9.60168, 46.29499 ], [ 9.60148, 46.29508 ], [ 9.60197, 46.2949 ] ] ], [ [ [ 9.59881, 46.29555 ], [ 9.5987, 46.29552 ], [ 9.59885, 46.2956 ], [ 9.59881, 46.29555 ] ] ], [ [ [ 9.5977, 46.29503 ], [ 9.59752, 46.29496 ], [ 9.59736, 46.29496 ], [ 9.5977, 46.29503 ] ] ], [ [ [ 9.597, 46.29482 ], [ 9.59699, 46.29481 ], [ 9.59698, 46.29481 ], [ 9.597, 46.29482 ] ] ], [ [ [ 9.59484, 46.29414 ], [ 9.59469, 46.29394 ], [ 9.59468, 46.29394 ], [ 9.59484, 46.29414 ] ] ], [ [ [ 9.5943, 46.29387 ], [ 9.59415, 46.29389 ], [ 9.59454, 46.29391 ], [ 9.5943, 46.29387 ] ] ], [ [ [ 9.5935, 46.29385 ], [ 9.59359, 46.29386 ], [ 9.59339, 46.29376 ], [ 9.5935, 46.29385 ] ] ], [ [ [ 9.59337, 46.29374 ], [ 9.59323, 46.29361 ], [ 9.59291, 46.29358 ], [ 9.59337, 46.29374 ] ] ], [ [ [ 9.59215, 46.29372 ], [ 9.59205, 46.29383 ], [ 9.59253, 46.29361 ], [ 9.59215, 46.29372 ] ] ], [ [ [ 9.59151, 46.29407 ], [ 9.5915, 46.29409 ], [ 9.59161, 46.29404 ], [ 9.59151, 46.29407 ] ] ], [ [ [ 9.59052, 46.29474 ], [ 9.59086, 46.29459 ], [ 9.59094, 46.29451 ], [ 9.59052, 46.29474 ] ] ], [ [ [ 9.59039, 46.29481 ], [ 9.59015, 46.29487 ], [ 9.59013, 46.29493 ], [ 9.59039, 46.29481 ] ] ], [ [ [ 9.58989, 46.29511 ], [ 9.58989, 46.29508 ], [ 9.58962, 46.29503 ], [ 9.58989, 46.29511 ] ] ], [ [ [ 9.58841, 46.29478 ], [ 9.58861, 46.29486 ], [ 9.58871, 46.29486 ], [ 9.58841, 46.29478 ] ] ], [ [ [ 9.58632, 46.29531 ], [ 9.58605, 46.29506 ], [ 9.58594, 46.29507 ], [ 9.58601, 46.29508 ], [ 9.58632, 46.29533 ], [ 9.58652, 46.29529 ], [ 9.58632, 46.29531 ] ] ], [ [ [ 9.5857, 46.29503 ], [ 9.58546, 46.29476 ], [ 9.58537, 46.29475 ], [ 9.5857, 46.29503 ] ] ], [ [ [ 9.5847, 46.29453 ], [ 9.58462, 46.29454 ], [ 9.58478, 46.29457 ], [ 9.5847, 46.29453 ] ] ], [ [ [ 9.58447, 46.29452 ], [ 9.58432, 46.29447 ], [ 9.58422, 46.29449 ], [ 9.58447, 46.29452 ] ] ], [ [ [ 9.58367, 46.2944 ], [ 9.58358, 46.2944 ], [ 9.58374, 46.29442 ], [ 9.58367, 46.2944 ] ] ], [ [ [ 9.58347, 46.29435 ], [ 9.58333, 46.29436 ], [ 9.58348, 46.29438 ], [ 9.58347, 46.29435 ] ] ], [ [ [ 9.58277, 46.2947 ], [ 9.58258, 46.29477 ], [ 9.5826, 46.29481 ], [ 9.58277, 46.2947 ] ] ], [ [ [ 9.58231, 46.295 ], [ 9.58227, 46.29504 ], [ 9.58238, 46.29497 ], [ 9.58231, 46.295 ] ] ], [ [ [ 9.58168, 46.29534 ], [ 9.58164, 46.29529 ], [ 9.58158, 46.29529 ], [ 9.58168, 46.29534 ] ] ], [ [ [ 9.5812, 46.29521 ], [ 9.58096, 46.29513 ], [ 9.58061, 46.29509 ], [ 9.5812, 46.29521 ] ] ], [ [ [ 9.58058, 46.29508 ], [ 9.58016, 46.29504 ], [ 9.57991, 46.29509 ], [ 9.58058, 46.29508 ] ] ], [ [ [ 9.57955, 46.29509 ], [ 9.57954, 46.2951 ], [ 9.57958, 46.2951 ], [ 9.57955, 46.29509 ] ] ], [ [ [ 9.57807, 46.2957 ], [ 9.57818, 46.29544 ], [ 9.57802, 46.29552 ], [ 9.57807, 46.2957 ] ] ], [ [ [ 9.57742, 46.29633 ], [ 9.57751, 46.29625 ], [ 9.57755, 46.29618 ], [ 9.57742, 46.29633 ] ] ], [ [ [ 9.57584, 46.2972 ], [ 9.57494, 46.29788 ], [ 9.57522, 46.29773 ], [ 9.57584, 46.2972 ] ] ], [ [ [ 9.57468, 46.29792 ], [ 9.5746, 46.29796 ], [ 9.57487, 46.2979 ], [ 9.57468, 46.29792 ] ] ], [ [ [ 9.57441, 46.298 ], [ 9.57438, 46.29805 ], [ 9.57449, 46.298 ], [ 9.57441, 46.298 ] ] ], [ [ [ 9.57401, 46.29823 ], [ 9.57398, 46.29825 ], [ 9.57405, 46.29822 ], [ 9.57401, 46.29823 ] ] ], [ [ [ 9.57313, 46.2992 ], [ 9.5726, 46.29903 ], [ 9.57239, 46.29903 ], [ 9.57313, 46.2992 ] ] ], [ [ [ 9.57224, 46.29904 ], [ 9.57218, 46.29904 ], [ 9.57209, 46.29908 ], [ 9.57224, 46.29904 ] ] ], [ [ [ 9.57084, 46.29897 ], [ 9.571, 46.29898 ], [ 9.57091, 46.29895 ], [ 9.57084, 46.29897 ] ] ], [ [ [ 9.56969, 46.2995 ], [ 9.56958, 46.29958 ], [ 9.56976, 46.29948 ], [ 9.56969, 46.2995 ] ] ], [ [ [ 9.56871, 46.29995 ], [ 9.56892, 46.29994 ], [ 9.56912, 46.29983 ], [ 9.56871, 46.29995 ] ] ], [ [ [ 9.56805, 46.30026 ], [ 9.56803, 46.30028 ], [ 9.56821, 46.30022 ], [ 9.56805, 46.30026 ] ] ], [ [ [ 9.56604, 46.30162 ], [ 9.56602, 46.30159 ], [ 9.56594, 46.30161 ], [ 9.56604, 46.30162 ] ] ], [ [ [ 9.56543, 46.30161 ], [ 9.56541, 46.30163 ], [ 9.56545, 46.30161 ], [ 9.56543, 46.30161 ] ] ], [ [ [ 9.56382, 46.30196 ], [ 9.5638, 46.30198 ], [ 9.56391, 46.30196 ], [ 9.56382, 46.30196 ] ] ], [ [ [ 9.56366, 46.30203 ], [ 9.56363, 46.30207 ], [ 9.56368, 46.30203 ], [ 9.56366, 46.30203 ] ] ], [ [ [ 9.56321, 46.30223 ], [ 9.56316, 46.30229 ], [ 9.5633, 46.30224 ], [ 9.56321, 46.30223 ] ] ], [ [ [ 9.56297, 46.30235 ], [ 9.56236, 46.30257 ], [ 9.5623, 46.30274 ], [ 9.56297, 46.30235 ] ] ], [ [ [ 9.56206, 46.303 ], [ 9.5621, 46.30296 ], [ 9.56142, 46.30337 ], [ 9.56147, 46.30336 ], [ 9.56206, 46.303 ] ] ], [ [ [ 9.56108, 46.30339 ], [ 9.56092, 46.30349 ], [ 9.56119, 46.30394 ], [ 9.56122, 46.30341 ], [ 9.56108, 46.30339 ] ] ], [ [ [ 9.5611, 46.30442 ], [ 9.56098, 46.30454 ], [ 9.56096, 46.30468 ], [ 9.5611, 46.30442 ] ] ], [ [ [ 9.5605, 46.30577 ], [ 9.56045, 46.30557 ], [ 9.56048, 46.30578 ], [ 9.5605, 46.30577 ] ] ], [ [ [ 9.5589, 46.3062 ], [ 9.55884, 46.30629 ], [ 9.55963, 46.3062 ], [ 9.5589, 46.3062 ] ] ], [ [ [ 9.55853, 46.30643 ], [ 9.55806, 46.30637 ], [ 9.55674, 46.3064 ], [ 9.55739, 46.30655 ], [ 9.55853, 46.30643 ] ] ], [ [ [ 9.55624, 46.30639 ], [ 9.55655, 46.30635 ], [ 9.55613, 46.30634 ], [ 9.55624, 46.30639 ] ] ], [ [ [ 9.55567, 46.30614 ], [ 9.55548, 46.30616 ], [ 9.55579, 46.30621 ], [ 9.55567, 46.30614 ] ] ], [ [ [ 9.55516, 46.30607 ], [ 9.55511, 46.30615 ], [ 9.55515, 46.30615 ], [ 9.55516, 46.30607 ] ] ], [ [ [ 9.55451, 46.30575 ], [ 9.55452, 46.30576 ], [ 9.55464, 46.30581 ], [ 9.55451, 46.30575 ] ] ], [ [ [ 9.55427, 46.30536 ], [ 9.55419, 46.30518 ], [ 9.55417, 46.30518 ], [ 9.55427, 46.30536 ] ] ], [ [ [ 9.55348, 46.30449 ], [ 9.55386, 46.30477 ], [ 9.55354, 46.3045 ], [ 9.55348, 46.30449 ] ] ], [ [ [ 9.5534, 46.30441 ], [ 9.55327, 46.30433 ], [ 9.55343, 46.30445 ], [ 9.5534, 46.30441 ] ] ], [ [ [ 9.55301, 46.30415 ], [ 9.55296, 46.30408 ], [ 9.55287, 46.30401 ], [ 9.55301, 46.30415 ] ] ], [ [ [ 9.55268, 46.30375 ], [ 9.55258, 46.30367 ], [ 9.5527, 46.30381 ], [ 9.55268, 46.30375 ] ] ], [ [ [ 9.5522, 46.30349 ], [ 9.55215, 46.30348 ], [ 9.55207, 46.30351 ], [ 9.5522, 46.30349 ] ] ], [ [ [ 9.55198, 46.3035 ], [ 9.55187, 46.30347 ], [ 9.55199, 46.30352 ], [ 9.55198, 46.3035 ] ] ], [ [ [ 9.55166, 46.30336 ], [ 9.55162, 46.30336 ], [ 9.5517, 46.30339 ], [ 9.55166, 46.30336 ] ] ], [ [ [ 9.55148, 46.30327 ], [ 9.55139, 46.30323 ], [ 9.5515, 46.3033 ], [ 9.55148, 46.30327 ] ] ], [ [ [ 9.55119, 46.30308 ], [ 9.55114, 46.30307 ], [ 9.5513, 46.30317 ], [ 9.55119, 46.30308 ] ] ], [ [ [ 9.54955, 46.30235 ], [ 9.55056, 46.3027 ], [ 9.54978, 46.30236 ], [ 9.54955, 46.30235 ] ] ], [ [ [ 9.5479, 46.30305 ], [ 9.5477, 46.30314 ], [ 9.54639, 46.30387 ], [ 9.5479, 46.30305 ] ] ], [ [ [ 9.54156, 46.30666 ], [ 9.54148, 46.30674 ], [ 9.54256, 46.30601 ], [ 9.54156, 46.30666 ] ] ], [ [ [ 9.54031, 46.30767 ], [ 9.54057, 46.30753 ], [ 9.54066, 46.30747 ], [ 9.54031, 46.30767 ] ] ], [ [ [ 9.53948, 46.30802 ], [ 9.53999, 46.30783 ], [ 9.54015, 46.30775 ], [ 9.53948, 46.30802 ] ] ], [ [ [ 9.53827, 46.309 ], [ 9.53849, 46.30891 ], [ 9.53863, 46.30882 ], [ 9.53827, 46.309 ] ] ], [ [ [ 9.53667, 46.31 ], [ 9.53667, 46.31001 ], [ 9.53674, 46.30995 ], [ 9.53667, 46.31 ] ] ], [ [ [ 9.53656, 46.31031 ], [ 9.53661, 46.31025 ], [ 9.53665, 46.31006 ], [ 9.53656, 46.31031 ] ] ], [ [ [ 9.53646, 46.3108 ], [ 9.53649, 46.31077 ], [ 9.5365, 46.31072 ], [ 9.53646, 46.3108 ] ] ], [ [ [ 9.53625, 46.31103 ], [ 9.53634, 46.31096 ], [ 9.53638, 46.31091 ], [ 9.53625, 46.31103 ] ] ], [ [ [ 9.53592, 46.31129 ], [ 9.53594, 46.31129 ], [ 9.53595, 46.31127 ], [ 9.53592, 46.31129 ] ] ], [ [ [ 9.53526, 46.31147 ], [ 9.53521, 46.31152 ], [ 9.53545, 46.31137 ], [ 9.53526, 46.31147 ] ] ], [ [ [ 9.53492, 46.31164 ], [ 9.53477, 46.31171 ], [ 9.53507, 46.3116 ], [ 9.53492, 46.31164 ] ] ], [ [ [ 9.5345, 46.31184 ], [ 9.534, 46.31212 ], [ 9.53398, 46.31214 ], [ 9.5345, 46.31184 ] ] ], [ [ [ 9.53392, 46.3122 ], [ 9.53381, 46.31231 ], [ 9.53369, 46.31247 ], [ 9.53392, 46.3122 ] ] ], [ [ [ 9.53322, 46.31269 ], [ 9.53319, 46.31274 ], [ 9.53341, 46.31262 ], [ 9.53322, 46.31269 ] ] ], [ [ [ 9.53308, 46.31295 ], [ 9.53314, 46.31287 ], [ 9.53317, 46.31279 ], [ 9.53308, 46.31295 ] ] ], [ [ [ 9.53291, 46.31312 ], [ 9.53291, 46.31314 ], [ 9.533, 46.31304 ], [ 9.53291, 46.31312 ] ] ], [ [ [ 9.53284, 46.31324 ], [ 9.53263, 46.31336 ], [ 9.53255, 46.31343 ], [ 9.53284, 46.31324 ] ] ], [ [ [ 9.5321, 46.31388 ], [ 9.53184, 46.31393 ], [ 9.53207, 46.3139 ], [ 9.5321, 46.31388 ] ] ], [ [ [ 9.53165, 46.31419 ], [ 9.53166, 46.31418 ], [ 9.53166, 46.31408 ], [ 9.53165, 46.31419 ] ] ], [ [ [ 9.53137, 46.31468 ], [ 9.53142, 46.31465 ], [ 9.53144, 46.3145 ], [ 9.53137, 46.31468 ] ] ], [ [ [ 9.53119, 46.31487 ], [ 9.53116, 46.31489 ], [ 9.53112, 46.31497 ], [ 9.53119, 46.31487 ] ] ], [ [ [ 9.53023, 46.31576 ], [ 9.53015, 46.31593 ], [ 9.53029, 46.31572 ], [ 9.53023, 46.31576 ] ] ], [ [ [ 9.53007, 46.31604 ], [ 9.53009, 46.31603 ], [ 9.53011, 46.316 ], [ 9.53007, 46.31604 ] ] ], [ [ [ 9.5286, 46.31706 ], [ 9.52826, 46.31722 ], [ 9.52818, 46.31731 ], [ 9.5286, 46.31706 ] ] ], [ [ [ 9.5279, 46.31751 ], [ 9.52787, 46.31754 ], [ 9.52798, 46.31746 ], [ 9.5279, 46.31751 ] ] ], [ [ [ 9.52769, 46.31773 ], [ 9.52756, 46.31782 ], [ 9.52746, 46.31797 ], [ 9.52769, 46.31773 ] ] ], [ [ [ 9.52725, 46.31811 ], [ 9.52724, 46.31821 ], [ 9.5273, 46.31809 ], [ 9.52725, 46.31811 ] ] ], [ [ [ 9.52691, 46.31855 ], [ 9.52684, 46.31864 ], [ 9.52706, 46.31845 ], [ 9.52691, 46.31855 ] ] ], [ [ [ 9.52555, 46.31994 ], [ 9.52563, 46.31988 ], [ 9.52566, 46.31984 ], [ 9.52555, 46.31994 ] ] ], [ [ [ 9.52477, 46.32118 ], [ 9.52499, 46.321 ], [ 9.52517, 46.32057 ], [ 9.52477, 46.32118 ] ] ], [ [ [ 9.52451, 46.32134 ], [ 9.52448, 46.3214 ], [ 9.52463, 46.32128 ], [ 9.52451, 46.32134 ] ] ], [ [ [ 9.52441, 46.32184 ], [ 9.52445, 46.32177 ], [ 9.52441, 46.32157 ], [ 9.52441, 46.32184 ] ] ], [ [ [ 9.52413, 46.3222 ], [ 9.5241, 46.32226 ], [ 9.52426, 46.32208 ], [ 9.52413, 46.3222 ] ] ], [ [ [ 9.52275, 46.32345 ], [ 9.5227, 46.32349 ], [ 9.52263, 46.32357 ], [ 9.52275, 46.32345 ] ] ], [ [ [ 9.51878, 46.32678 ], [ 9.51918, 46.32651 ], [ 9.51942, 46.32612 ], [ 9.51878, 46.32678 ] ] ], [ [ [ 9.51821, 46.32774 ], [ 9.51794, 46.32863 ], [ 9.518, 46.32896 ], [ 9.51821, 46.32774 ] ] ], [ [ [ 9.51793, 46.32914 ], [ 9.51794, 46.32919 ], [ 9.51797, 46.32906 ], [ 9.51793, 46.32914 ] ] ], [ [ [ 9.51808, 46.33002 ], [ 9.51809, 46.32994 ], [ 9.51794, 46.32972 ], [ 9.51808, 46.33002 ] ] ], [ [ [ 9.51762, 46.33119 ], [ 9.51758, 46.33135 ], [ 9.51775, 46.33102 ], [ 9.51762, 46.33119 ] ] ], [ [ [ 9.51646, 46.33262 ], [ 9.51671, 46.33261 ], [ 9.51671, 46.3326 ], [ 9.51646, 46.33262 ] ] ], [ [ [ 9.51611, 46.33264 ], [ 9.51415, 46.33246 ], [ 9.51485, 46.33258 ], [ 9.51611, 46.33264 ] ] ], [ [ [ 9.51352, 46.33418 ], [ 9.51366, 46.33479 ], [ 9.51354, 46.3336 ], [ 9.51352, 46.33418 ] ] ], [ [ [ 9.51347, 46.33558 ], [ 9.51354, 46.33559 ], [ 9.51364, 46.33555 ], [ 9.51347, 46.33558 ] ] ], [ [ [ 9.51318, 46.33563 ], [ 9.51306, 46.33566 ], [ 9.51297, 46.3357 ], [ 9.51318, 46.33563 ] ] ], [ [ [ 9.51267, 46.33583 ], [ 9.51263, 46.33587 ], [ 9.51272, 46.3358 ], [ 9.51267, 46.33583 ] ] ], [ [ [ 9.51247, 46.33597 ], [ 9.5125, 46.33597 ], [ 9.51255, 46.33593 ], [ 9.51247, 46.33597 ] ] ], [ [ [ 9.51233, 46.33605 ], [ 9.51231, 46.33617 ], [ 9.51235, 46.33604 ], [ 9.51233, 46.33605 ] ] ], [ [ [ 9.51162, 46.3365 ], [ 9.51159, 46.33652 ], [ 9.51206, 46.33638 ], [ 9.51162, 46.3365 ] ] ], [ [ [ 9.5116, 46.33712 ], [ 9.51158, 46.33674 ], [ 9.51149, 46.3367 ], [ 9.51159, 46.33713 ], [ 9.51176, 46.33727 ], [ 9.5116, 46.33712 ] ] ], [ [ [ 9.51181, 46.33738 ], [ 9.51185, 46.33735 ], [ 9.51182, 46.33732 ], [ 9.51181, 46.33738 ] ] ], [ [ [ 9.51143, 46.33767 ], [ 9.51134, 46.3378 ], [ 9.51155, 46.33761 ], [ 9.51143, 46.33767 ] ] ], [ [ [ 9.51153, 46.33843 ], [ 9.5113, 46.33823 ], [ 9.5115, 46.33847 ], [ 9.51153, 46.33843 ] ] ], [ [ [ 9.51121, 46.33875 ], [ 9.51142, 46.33858 ], [ 9.51147, 46.33852 ], [ 9.51121, 46.33875 ] ] ], [ [ [ 9.51108, 46.33972 ], [ 9.5111, 46.33987 ], [ 9.51112, 46.33988 ], [ 9.51108, 46.33972 ] ] ], [ [ [ 9.51131, 46.34017 ], [ 9.51138, 46.34007 ], [ 9.51135, 46.34003 ], [ 9.51131, 46.34017 ] ] ], [ [ [ 9.51071, 46.34068 ], [ 9.5111, 46.34035 ], [ 9.5109, 46.34047 ], [ 9.51071, 46.34068 ] ] ], [ [ [ 9.51072, 46.34128 ], [ 9.51073, 46.34123 ], [ 9.5107, 46.34121 ], [ 9.51072, 46.34128 ] ] ], [ [ [ 9.51058, 46.34142 ], [ 9.51054, 46.34151 ], [ 9.51057, 46.34157 ], [ 9.51058, 46.34142 ] ] ], [ [ [ 9.51063, 46.34194 ], [ 9.51066, 46.34187 ], [ 9.51064, 46.3418 ], [ 9.51063, 46.34194 ] ] ], [ [ [ 9.5103, 46.34284 ], [ 9.51029, 46.34274 ], [ 9.51019, 46.34245 ], [ 9.51014, 46.34264 ], [ 9.5103, 46.34284 ] ] ], [ [ [ 9.51029, 46.34295 ], [ 9.51031, 46.34293 ], [ 9.51031, 46.3429 ], [ 9.51029, 46.34295 ] ] ], [ [ [ 9.51009, 46.34325 ], [ 9.51012, 46.34324 ], [ 9.51013, 46.3432 ], [ 9.51009, 46.34325 ] ] ], [ [ [ 9.50944, 46.34455 ], [ 9.50946, 46.34454 ], [ 9.50946, 46.34453 ], [ 9.50944, 46.34455 ] ] ], [ [ [ 9.5089, 46.34501 ], [ 9.50892, 46.34502 ], [ 9.50898, 46.3449 ], [ 9.5089, 46.34501 ] ] ], [ [ [ 9.50907, 46.34662 ], [ 9.50932, 46.34636 ], [ 9.50933, 46.34633 ], [ 9.50907, 46.34662 ] ] ], [ [ [ 9.50888, 46.34688 ], [ 9.50886, 46.34691 ], [ 9.50886, 46.34698 ], [ 9.50888, 46.34688 ] ] ], [ [ [ 9.50884, 46.34733 ], [ 9.50888, 46.34725 ], [ 9.50885, 46.34721 ], [ 9.50884, 46.34733 ] ] ], [ [ [ 9.50875, 46.34752 ], [ 9.50873, 46.34759 ], [ 9.50878, 46.34749 ], [ 9.50875, 46.34752 ] ] ], [ [ [ 9.50842, 46.34859 ], [ 9.50823, 46.34803 ], [ 9.50839, 46.34867 ], [ 9.50842, 46.34859 ] ] ], [ [ [ 9.50833, 46.34786 ], [ 9.50822, 46.34799 ], [ 9.50823, 46.34803 ], [ 9.50833, 46.34786 ] ] ], [ [ [ 9.50856, 46.3491 ], [ 9.50839, 46.34872 ], [ 9.50851, 46.34958 ], [ 9.5086, 46.34953 ], [ 9.50856, 46.3491 ] ] ], [ [ [ 9.50822, 46.34972 ], [ 9.50821, 46.34974 ], [ 9.5084, 46.34964 ], [ 9.50822, 46.34972 ] ] ], [ [ [ 9.50819, 46.34984 ], [ 9.50822, 46.34989 ], [ 9.50821, 46.34975 ], [ 9.50819, 46.34984 ] ] ], [ [ [ 9.50845, 46.35028 ], [ 9.50826, 46.34997 ], [ 9.50839, 46.35025 ], [ 9.50845, 46.35028 ] ] ], [ [ [ 9.5087, 46.35063 ], [ 9.50876, 46.35049 ], [ 9.50871, 46.35039 ], [ 9.5087, 46.35063 ] ] ], [ [ [ 9.50869, 46.35109 ], [ 9.50874, 46.35082 ], [ 9.5087, 46.35071 ], [ 9.50869, 46.35109 ] ] ], [ [ [ 9.50858, 46.35137 ], [ 9.50865, 46.35133 ], [ 9.50868, 46.35113 ], [ 9.50858, 46.35137 ] ] ], [ [ [ 9.50821, 46.35166 ], [ 9.5083, 46.35166 ], [ 9.50837, 46.35154 ], [ 9.50821, 46.35166 ] ] ], [ [ [ 9.50759, 46.35184 ], [ 9.50765, 46.35183 ], [ 9.5078, 46.35175 ], [ 9.50759, 46.35184 ] ] ], [ [ [ 9.5064, 46.35232 ], [ 9.50648, 46.35225 ], [ 9.50646, 46.35215 ], [ 9.5064, 46.35232 ] ] ], [ [ [ 9.5059, 46.35249 ], [ 9.50637, 46.35234 ], [ 9.50573, 46.35241 ], [ 9.5059, 46.35249 ] ] ], [ [ [ 9.50531, 46.35237 ], [ 9.50502, 46.35249 ], [ 9.50368, 46.35374 ], [ 9.50565, 46.35239 ], [ 9.50531, 46.35237 ] ] ], [ [ [ 9.50334, 46.35418 ], [ 9.50348, 46.35404 ], [ 9.50347, 46.35398 ], [ 9.50334, 46.35418 ] ] ], [ [ [ 9.50309, 46.35457 ], [ 9.50315, 46.35454 ], [ 9.50334, 46.35419 ], [ 9.50309, 46.35457 ] ] ], [ [ [ 9.50242, 46.35493 ], [ 9.50272, 46.35473 ], [ 9.50252, 46.3548 ], [ 9.50178, 46.35517 ], [ 9.5019, 46.35516 ], [ 9.50242, 46.35493 ] ] ], [ [ [ 9.50142, 46.35524 ], [ 9.5014, 46.35528 ], [ 9.50153, 46.35522 ], [ 9.50142, 46.35524 ] ] ], [ [ [ 9.50131, 46.35538 ], [ 9.50127, 46.35542 ], [ 9.50124, 46.35562 ], [ 9.50131, 46.35538 ] ] ], [ [ [ 9.49973, 46.35736 ], [ 9.49982, 46.35725 ], [ 9.49983, 46.35722 ], [ 9.49973, 46.35736 ] ] ], [ [ [ 9.49965, 46.35828 ], [ 9.49993, 46.35864 ], [ 9.49963, 46.35822 ], [ 9.49965, 46.35828 ] ] ], [ [ [ 9.50004, 46.35897 ], [ 9.50002, 46.35939 ], [ 9.50007, 46.35907 ], [ 9.50004, 46.35897 ] ] ], [ [ [ 9.49979, 46.3599 ], [ 9.49982, 46.35987 ], [ 9.49995, 46.35957 ], [ 9.49979, 46.3599 ] ] ], [ [ [ 9.49941, 46.36042 ], [ 9.49939, 46.36047 ], [ 9.49963, 46.36013 ], [ 9.49941, 46.36042 ] ] ], [ [ [ 9.49915, 46.36079 ], [ 9.49879, 46.36124 ], [ 9.49805, 46.36253 ], [ 9.49915, 46.36079 ] ] ], [ [ [ 9.49755, 46.36319 ], [ 9.49744, 46.36329 ], [ 9.49743, 46.36331 ], [ 9.49755, 46.36319 ] ] ], [ [ [ 9.49426, 46.36523 ], [ 9.4943, 46.36522 ], [ 9.49432, 46.36516 ], [ 9.49426, 46.36523 ] ] ], [ [ [ 9.49208, 46.36565 ], [ 9.49228, 46.36572 ], [ 9.49366, 46.36538 ], [ 9.49208, 46.36565 ] ] ], [ [ [ 9.48961, 46.36584 ], [ 9.48731, 46.36616 ], [ 9.48794, 46.36617 ], [ 9.48961, 46.36584 ] ] ], [ [ [ 9.48765, 46.36681 ], [ 9.48768, 46.36681 ], [ 9.48763, 46.36672 ], [ 9.48765, 46.36681 ] ] ], [ [ [ 9.48381, 46.36707 ], [ 9.4844, 46.36697 ], [ 9.48774, 46.36692 ], [ 9.48413, 46.36691 ], [ 9.48381, 46.36707 ] ] ], [ [ [ 9.48336, 46.36715 ], [ 9.48305, 46.36721 ], [ 9.48246, 46.36746 ], [ 9.48336, 46.36715 ] ] ], [ [ [ 9.48226, 46.36754 ], [ 9.48202, 46.36763 ], [ 9.48182, 46.36782 ], [ 9.48226, 46.36754 ] ] ], [ [ [ 9.48162, 46.368 ], [ 9.48162, 46.36808 ], [ 9.48168, 46.36795 ], [ 9.48162, 46.368 ] ] ], [ [ [ 9.48153, 46.36829 ], [ 9.48142, 46.3684 ], [ 9.48139, 46.36848 ], [ 9.48153, 46.36829 ] ] ], [ [ [ 9.48057, 46.36963 ], [ 9.48048, 46.36971 ], [ 9.4804, 46.37001 ], [ 9.48057, 46.36963 ] ] ], [ [ [ 9.47944, 46.37113 ], [ 9.47944, 46.37118 ], [ 9.47967, 46.371 ], [ 9.47944, 46.37113 ] ] ], [ [ [ 9.47891, 46.37118 ], [ 9.47859, 46.3712 ], [ 9.47899, 46.37119 ], [ 9.47891, 46.37118 ] ] ], [ [ [ 9.47858, 46.3712 ], [ 9.47826, 46.37113 ], [ 9.47776, 46.37121 ], [ 9.47858, 46.3712 ] ] ], [ [ [ 9.47692, 46.3706 ], [ 9.47672, 46.37061 ], [ 9.47696, 46.37061 ], [ 9.47692, 46.3706 ] ] ], [ [ [ 9.4766, 46.37061 ], [ 9.47611, 46.37055 ], [ 9.4761, 46.37061 ], [ 9.4766, 46.37061 ] ] ], [ [ [ 9.47592, 46.37062 ], [ 9.47578, 46.37064 ], [ 9.47575, 46.37073 ], [ 9.47592, 46.37062 ] ] ], [ [ [ 9.47442, 46.37108 ], [ 9.47375, 46.37182 ], [ 9.47547, 46.3709 ], [ 9.47442, 46.37108 ] ] ], [ [ [ 9.47328, 46.37205 ], [ 9.47283, 46.37209 ], [ 9.47277, 46.37224 ], [ 9.47328, 46.37205 ] ] ], [ [ [ 9.47196, 46.37221 ], [ 9.47199, 46.37223 ], [ 9.47201, 46.37223 ], [ 9.47196, 46.37221 ] ] ], [ [ [ 9.47055, 46.37224 ], [ 9.47125, 46.372 ], [ 9.47102, 46.37203 ], [ 9.47055, 46.37224 ] ] ], [ [ [ 9.46969, 46.37265 ], [ 9.46912, 46.3729 ], [ 9.46904, 46.37296 ], [ 9.46969, 46.37265 ] ] ], [ [ [ 9.46837, 46.37331 ], [ 9.46881, 46.37307 ], [ 9.46869, 46.37311 ], [ 9.46837, 46.37331 ] ] ], [ [ [ 9.46823, 46.37332 ], [ 9.468, 46.37339 ], [ 9.46836, 46.37331 ], [ 9.46823, 46.37332 ] ] ], [ [ [ 9.46464, 46.37378 ], [ 9.46349, 46.37427 ], [ 9.46797, 46.37339 ], [ 9.46464, 46.37378 ] ] ], [ [ [ 9.46334, 46.37432 ], [ 9.46322, 46.37447 ], [ 9.4634, 46.3743 ], [ 9.46334, 46.37432 ] ] ], [ [ [ 9.46117, 46.37592 ], [ 9.46107, 46.37637 ], [ 9.46108, 46.37639 ], [ 9.46117, 46.37592 ] ] ], [ [ [ 9.46118, 46.37666 ], [ 9.46123, 46.37669 ], [ 9.46118, 46.37663 ], [ 9.46118, 46.37666 ] ] ], [ [ [ 9.46166, 46.37729 ], [ 9.46176, 46.37739 ], [ 9.46158, 46.37715 ], [ 9.46166, 46.37729 ] ] ], [ [ [ 9.46243, 46.37836 ], [ 9.46264, 46.37856 ], [ 9.46227, 46.37806 ], [ 9.46243, 46.37836 ] ] ], [ [ [ 9.46287, 46.37895 ], [ 9.46283, 46.37881 ], [ 9.46266, 46.37859 ], [ 9.46287, 46.37895 ] ] ], [ [ [ 9.46311, 46.37931 ], [ 9.46292, 46.37925 ], [ 9.46287, 46.37896 ], [ 9.46298, 46.3805 ], [ 9.46308, 46.37986 ], [ 9.46311, 46.37931 ] ] ], [ [ [ 9.46231, 46.3815 ], [ 9.46237, 46.38146 ], [ 9.46269, 46.38084 ], [ 9.46256, 46.38091 ], [ 9.46231, 46.3815 ] ] ], [ [ [ 9.46191, 46.38166 ], [ 9.46181, 46.38181 ], [ 9.46211, 46.38162 ], [ 9.46191, 46.38166 ] ] ], [ [ [ 9.46128, 46.38238 ], [ 9.46148, 46.38226 ], [ 9.46155, 46.38212 ], [ 9.46128, 46.38238 ] ] ], [ [ [ 9.46142, 46.38299 ], [ 9.46134, 46.38304 ], [ 9.46134, 46.38319 ], [ 9.46142, 46.38299 ] ] ], [ [ [ 9.46118, 46.38342 ], [ 9.46123, 46.38342 ], [ 9.4613, 46.38326 ], [ 9.46118, 46.38342 ] ] ], [ [ [ 9.46124, 46.38343 ], [ 9.4636, 46.38385 ], [ 9.46471, 46.38374 ], [ 9.46124, 46.38343 ] ] ], [ [ [ 9.46549, 46.38452 ], [ 9.46538, 46.38438 ], [ 9.46515, 46.38416 ], [ 9.46549, 46.38452 ] ] ], [ [ [ 9.46578, 46.38466 ], [ 9.46579, 46.38551 ], [ 9.46615, 46.38492 ], [ 9.46578, 46.38466 ] ] ], [ [ [ 9.46572, 46.38567 ], [ 9.46579, 46.38585 ], [ 9.46576, 46.38561 ], [ 9.46572, 46.38567 ] ] ], [ [ [ 9.46583, 46.38641 ], [ 9.46585, 46.38641 ], [ 9.46581, 46.38608 ], [ 9.46583, 46.38641 ] ] ], [ [ [ 9.46665, 46.3869 ], [ 9.4667, 46.38692 ], [ 9.46664, 46.38688 ], [ 9.46665, 46.3869 ] ] ], [ [ [ 9.46718, 46.38733 ], [ 9.46685, 46.38701 ], [ 9.46705, 46.38729 ], [ 9.46718, 46.38733 ] ] ], [ [ [ 9.46777, 46.38782 ], [ 9.46763, 46.3876 ], [ 9.46751, 46.38753 ], [ 9.46777, 46.38782 ] ] ], [ [ [ 9.46819, 46.38788 ], [ 9.46797, 46.38786 ], [ 9.46868, 46.38832 ], [ 9.46866, 46.38824 ], [ 9.46819, 46.38788 ] ] ], [ [ [ 9.46879, 46.38892 ], [ 9.46873, 46.38897 ], [ 9.46873, 46.389 ], [ 9.46879, 46.38892 ] ] ], [ [ [ 9.46849, 46.3892 ], [ 9.46841, 46.38922 ], [ 9.46845, 46.38935 ], [ 9.46849, 46.3892 ] ] ], [ [ [ 9.46842, 46.38957 ], [ 9.46816, 46.38971 ], [ 9.46816, 46.38977 ], [ 9.46842, 46.38957 ] ] ], [ [ [ 9.46805, 46.38981 ], [ 9.468, 46.38987 ], [ 9.46812, 46.3898 ], [ 9.46805, 46.38981 ] ] ], [ [ [ 9.46738, 46.39059 ], [ 9.46768, 46.39031 ], [ 9.4679, 46.38993 ], [ 9.46776, 46.38997 ], [ 9.46738, 46.39059 ] ] ], [ [ [ 9.46735, 46.39061 ], [ 9.46674, 46.39131 ], [ 9.46676, 46.39146 ], [ 9.46735, 46.39061 ] ] ], [ [ [ 9.46648, 46.39184 ], [ 9.46649, 46.39192 ], [ 9.46663, 46.39169 ], [ 9.46648, 46.39184 ] ] ], [ [ [ 9.46653, 46.39227 ], [ 9.46643, 46.39242 ], [ 9.46646, 46.39265 ], [ 9.46653, 46.39227 ] ] ], [ [ [ 9.46653, 46.39345 ], [ 9.46655, 46.39341 ], [ 9.46648, 46.39296 ], [ 9.46646, 46.39315 ], [ 9.46653, 46.39345 ] ] ], [ [ [ 9.46647, 46.39355 ], [ 9.46627, 46.3942 ], [ 9.46644, 46.39448 ], [ 9.46647, 46.39355 ] ] ], [ [ [ 9.4666, 46.39499 ], [ 9.46665, 46.39505 ], [ 9.46648, 46.39458 ], [ 9.4666, 46.39499 ] ] ], [ [ [ 9.46641, 46.39574 ], [ 9.46656, 46.39756 ], [ 9.4665, 46.39519 ], [ 9.46641, 46.39574 ] ] ], [ [ [ 9.46661, 46.39773 ], [ 9.46663, 46.39774 ], [ 9.46662, 46.39771 ], [ 9.46661, 46.39773 ] ] ], [ [ [ 9.46679, 46.39833 ], [ 9.46682, 46.39831 ], [ 9.4668, 46.39826 ], [ 9.46679, 46.39833 ] ] ], [ [ [ 9.46605, 46.39867 ], [ 9.46565, 46.39948 ], [ 9.46631, 46.39856 ], [ 9.46605, 46.39867 ] ] ], [ [ [ 9.4656, 46.3997 ], [ 9.46486, 46.402 ], [ 9.46487, 46.40309 ], [ 9.46563, 46.40024 ], [ 9.4656, 46.3997 ] ] ], [ [ [ 9.46475, 46.40318 ], [ 9.46431, 46.40372 ], [ 9.46478, 46.40318 ], [ 9.46475, 46.40318 ] ] ], [ [ [ 9.46407, 46.40393 ], [ 9.46419, 46.40386 ], [ 9.46426, 46.40378 ], [ 9.46407, 46.40393 ] ] ], [ [ [ 9.46373, 46.40412 ], [ 9.46417, 46.4053 ], [ 9.46436, 46.40475 ], [ 9.46373, 46.40412 ] ] ], [ [ [ 9.46392, 46.40558 ], [ 9.46389, 46.40569 ], [ 9.46399, 46.40555 ], [ 9.46392, 46.40558 ] ] ], [ [ [ 9.46344, 46.40634 ], [ 9.46331, 46.40632 ], [ 9.46326, 46.40677 ], [ 9.46344, 46.40634 ] ] ], [ [ [ 9.46317, 46.40688 ], [ 9.46302, 46.40733 ], [ 9.46324, 46.4068 ], [ 9.46317, 46.40688 ] ] ], [ [ [ 9.46278, 46.40786 ], [ 9.46283, 46.40748 ], [ 9.46261, 46.40798 ], [ 9.46278, 46.40786 ] ] ], [ [ [ 9.46234, 46.40813 ], [ 9.46234, 46.40816 ], [ 9.4624, 46.40812 ], [ 9.46234, 46.40813 ] ] ], [ [ [ 9.46224, 46.40822 ], [ 9.46221, 46.40825 ], [ 9.46228, 46.40821 ], [ 9.46224, 46.40822 ] ] ], [ [ [ 9.46198, 46.40856 ], [ 9.46198, 46.40859 ], [ 9.46212, 46.40836 ], [ 9.46198, 46.40856 ] ] ], [ [ [ 9.46177, 46.40887 ], [ 9.46178, 46.40892 ], [ 9.46185, 46.4088 ], [ 9.46177, 46.40887 ] ] ], [ [ [ 9.46125, 46.40969 ], [ 9.46187, 46.41065 ], [ 9.46158, 46.40924 ], [ 9.46125, 46.40969 ] ] ], [ [ [ 9.46164, 46.41165 ], [ 9.46172, 46.41172 ], [ 9.46175, 46.41147 ], [ 9.46164, 46.41165 ] ] ], [ [ [ 9.46168, 46.41184 ], [ 9.46171, 46.41183 ], [ 9.46171, 46.41181 ], [ 9.46168, 46.41184 ] ] ], [ [ [ 9.46151, 46.41196 ], [ 9.46145, 46.41217 ], [ 9.46154, 46.41195 ], [ 9.46151, 46.41196 ] ] ], [ [ [ 9.46124, 46.41258 ], [ 9.4613, 46.41252 ], [ 9.46138, 46.41233 ], [ 9.46124, 46.41258 ] ] ], [ [ [ 9.46103, 46.41273 ], [ 9.461, 46.41279 ], [ 9.46114, 46.41266 ], [ 9.46103, 46.41273 ] ] ], [ [ [ 9.4608, 46.41296 ], [ 9.46071, 46.41313 ], [ 9.46095, 46.41284 ], [ 9.4608, 46.41296 ] ] ], [ [ [ 9.46025, 46.41353 ], [ 9.4605, 46.41334 ], [ 9.46037, 46.41341 ], [ 9.46025, 46.41353 ] ] ], [ [ [ 9.45934, 46.41411 ], [ 9.45915, 46.41425 ], [ 9.45938, 46.4141 ], [ 9.45934, 46.41411 ] ] ], [ [ [ 9.45908, 46.41429 ], [ 9.459, 46.4143 ], [ 9.45881, 46.41442 ], [ 9.45908, 46.41429 ] ] ], [ [ [ 9.45862, 46.41443 ], [ 9.45819, 46.4147 ], [ 9.45876, 46.41444 ], [ 9.45862, 46.41443 ] ] ], [ [ [ 9.4581, 46.41475 ], [ 9.45764, 46.41496 ], [ 9.45752, 46.41508 ], [ 9.4581, 46.41475 ] ] ], [ [ [ 9.45707, 46.41552 ], [ 9.4568, 46.41567 ], [ 9.45701, 46.41558 ], [ 9.45707, 46.41552 ] ] ], [ [ [ 7.29435, 45.92169 ], [ 7.29396, 45.92163 ], [ 7.29443, 45.92181 ], [ 7.29435, 45.92169 ] ] ], [ [ [ 7.29358, 45.92148 ], [ 7.29347, 45.92133 ], [ 7.29326, 45.92124 ], [ 7.29358, 45.92148 ] ] ], [ [ [ 7.2933, 45.92109 ], [ 7.2916, 45.92075 ], [ 7.29326, 45.92123 ], [ 7.2933, 45.92109 ] ] ], [ [ [ 7.28922, 45.91739 ], [ 7.28888, 45.91725 ], [ 7.29086, 45.92042 ], [ 7.28946, 45.91757 ], [ 7.28922, 45.91739 ] ] ], [ [ [ 7.2873, 45.9169 ], [ 7.28782, 45.9172 ], [ 7.28814, 45.91724 ], [ 7.28711, 45.91678 ], [ 7.28582, 45.91624 ], [ 7.28697, 45.91681 ], [ 7.2873, 45.9169 ] ] ], [ [ [ 7.28579, 45.91617 ], [ 7.28579, 45.91589 ], [ 7.28567, 45.91587 ], [ 7.28579, 45.91617 ] ] ], [ [ [ 7.28532, 45.91544 ], [ 7.28524, 45.91521 ], [ 7.28498, 45.91524 ], [ 7.28532, 45.91544 ] ] ], [ [ [ 7.28499, 45.91378 ], [ 7.2847, 45.91491 ], [ 7.28495, 45.91522 ], [ 7.28499, 45.91378 ] ] ], [ [ [ 7.28351, 45.91199 ], [ 7.28353, 45.91152 ], [ 7.28298, 45.9113 ], [ 7.28195, 45.90956 ], [ 7.2813, 45.90901 ], [ 7.28175, 45.90942 ], [ 7.28221, 45.9103 ], [ 7.28251, 45.91072 ], [ 7.28274, 45.91091 ], [ 7.2829, 45.91134 ], [ 7.28345, 45.91157 ], [ 7.28351, 45.91199 ] ] ], [ [ [ 7.28351, 45.91204 ], [ 7.28463, 45.91311 ], [ 7.2847, 45.91284 ], [ 7.28425, 45.91262 ], [ 7.2841, 45.91235 ], [ 7.28351, 45.91199 ], [ 7.28351, 45.91204 ] ] ], [ [ [ 7.28086, 45.9081 ], [ 7.28032, 45.9078 ], [ 7.28021, 45.90773 ], [ 7.28128, 45.90898 ], [ 7.28086, 45.9081 ] ] ], [ [ [ 7.27995, 45.90699 ], [ 7.27971, 45.90619 ], [ 7.27998, 45.90716 ], [ 7.27995, 45.90699 ] ] ], [ [ [ 7.27955, 45.90593 ], [ 7.2795, 45.90599 ], [ 7.27956, 45.90605 ], [ 7.27955, 45.90593 ] ] ], [ [ [ 7.27916, 45.90533 ], [ 7.27851, 45.90429 ], [ 7.27851, 45.90437 ], [ 7.27916, 45.90533 ] ] ], [ [ [ 7.27849, 45.90374 ], [ 7.27836, 45.90374 ], [ 7.27849, 45.90395 ], [ 7.27849, 45.90374 ] ] ], [ [ [ 7.27838, 45.90361 ], [ 7.27833, 45.90353 ], [ 7.27835, 45.90366 ], [ 7.27838, 45.90361 ] ] ], [ [ [ 7.27828, 45.90302 ], [ 7.27826, 45.90306 ], [ 7.27832, 45.90348 ], [ 7.27828, 45.90302 ] ] ], [ [ [ 7.27738, 45.90187 ], [ 7.27798, 45.90262 ], [ 7.27725, 45.90137 ], [ 7.27738, 45.90187 ] ] ], [ [ [ 7.27647, 45.90045 ], [ 7.27533, 45.90031 ], [ 7.27648, 45.90052 ], [ 7.27647, 45.90045 ] ] ], [ [ [ 7.27476, 45.90035 ], [ 7.27212, 45.89995 ], [ 7.2744, 45.90038 ], [ 7.27476, 45.90035 ] ] ], [ [ [ 7.27126, 45.89979 ], [ 7.27123, 45.89964 ], [ 7.27035, 45.89867 ], [ 7.27052, 45.89896 ], [ 7.27126, 45.89979 ] ] ], [ [ [ 7.27032, 45.89863 ], [ 7.27003, 45.89814 ], [ 7.26952, 45.89806 ], [ 7.27032, 45.89863 ] ] ], [ [ [ 7.26895, 45.89768 ], [ 7.26881, 45.89759 ], [ 7.26899, 45.89774 ], [ 7.26895, 45.89768 ] ] ], [ [ [ 7.26841, 45.89713 ], [ 7.26827, 45.89708 ], [ 7.26846, 45.89721 ], [ 7.26841, 45.89713 ] ] ], [ [ [ 7.26802, 45.89694 ], [ 7.26668, 45.89657 ], [ 7.26678, 45.89665 ], [ 7.26802, 45.89694 ] ] ], [ [ [ 7.26661, 45.89652 ], [ 7.26662, 45.89628 ], [ 7.26658, 45.89621 ], [ 7.26661, 45.89652 ] ] ], [ [ [ 7.26658, 45.89606 ], [ 7.26662, 45.89601 ], [ 7.26659, 45.89551 ], [ 7.26658, 45.89606 ] ] ], [ [ [ 7.26662, 45.89538 ], [ 7.26668, 45.89533 ], [ 7.26659, 45.89527 ], [ 7.26662, 45.89538 ] ] ], [ [ [ 7.26477, 45.89369 ], [ 7.26516, 45.89437 ], [ 7.26656, 45.89524 ], [ 7.26617, 45.89484 ], [ 7.26535, 45.89445 ], [ 7.26479, 45.89365 ], [ 7.26452, 45.89369 ], [ 7.26477, 45.89369 ] ] ], [ [ [ 7.26345, 45.89361 ], [ 7.26324, 45.89344 ], [ 7.26285, 45.89316 ], [ 7.26345, 45.89361 ] ] ], [ [ [ 7.25683, 45.88816 ], [ 7.2557, 45.88789 ], [ 7.25473, 45.88799 ], [ 7.25517, 45.88801 ], [ 7.25559, 45.88794 ], [ 7.25636, 45.8883 ], [ 7.26227, 45.89275 ], [ 7.25896, 45.88917 ], [ 7.25683, 45.88816 ] ] ], [ [ [ 7.25456, 45.88794 ], [ 7.25433, 45.88797 ], [ 7.25346, 45.88836 ], [ 7.2546, 45.88798 ], [ 7.25456, 45.88794 ] ] ], [ [ [ 7.25309, 45.8885 ], [ 7.25309, 45.88852 ], [ 7.25316, 45.88849 ], [ 7.25309, 45.8885 ] ] ], [ [ [ 7.25294, 45.88875 ], [ 7.25289, 45.88893 ], [ 7.25303, 45.88861 ], [ 7.25294, 45.88875 ] ] ], [ [ [ 7.25264, 45.88941 ], [ 7.2524, 45.88969 ], [ 7.25223, 45.8901 ], [ 7.25171, 45.89175 ], [ 7.25066, 45.89272 ], [ 7.25249, 45.89195 ], [ 7.25264, 45.88941 ] ] ], [ [ [ 7.24914, 45.89313 ], [ 7.24615, 45.89228 ], [ 7.2474, 45.89299 ], [ 7.24914, 45.89313 ] ] ], [ [ [ 7.24568, 45.89177 ], [ 7.24604, 45.89216 ], [ 7.24617, 45.89199 ], [ 7.24568, 45.89177 ] ] ], [ [ [ 7.24505, 45.89122 ], [ 7.24277, 45.89104 ], [ 7.24546, 45.89163 ], [ 7.24505, 45.89122 ] ] ], [ [ [ 7.24234, 45.89096 ], [ 7.24242, 45.891 ], [ 7.24258, 45.89102 ], [ 7.24234, 45.89096 ] ] ], [ [ [ 7.24188, 45.8906 ], [ 7.24149, 45.89054 ], [ 7.24217, 45.89088 ], [ 7.24188, 45.8906 ] ] ], [ [ [ 7.24141, 45.8905 ], [ 7.24118, 45.89025 ], [ 7.24035, 45.89006 ], [ 7.24141, 45.8905 ] ] ], [ [ [ 7.23951, 45.89001 ], [ 7.23941, 45.88992 ], [ 7.23911, 45.8901 ], [ 7.23951, 45.89001 ] ] ], [ [ [ 7.23827, 45.8901 ], [ 7.23825, 45.89011 ], [ 7.23846, 45.89012 ], [ 7.23827, 45.8901 ] ] ], [ [ [ 7.23769, 45.89003 ], [ 7.23756, 45.89006 ], [ 7.23788, 45.89008 ], [ 7.23769, 45.89003 ] ] ], [ [ [ 7.23696, 45.88999 ], [ 7.2369, 45.89002 ], [ 7.23718, 45.89004 ], [ 7.23696, 45.88999 ] ] ], [ [ [ 7.23618, 45.8901 ], [ 7.23574, 45.89013 ], [ 7.23562, 45.89016 ], [ 7.23618, 45.8901 ] ] ], [ [ [ 7.23554, 45.89018 ], [ 7.23518, 45.89041 ], [ 7.23509, 45.89049 ], [ 7.23554, 45.89018 ] ] ], [ [ [ 7.23456, 45.89056 ], [ 7.23446, 45.89056 ], [ 7.23443, 45.89058 ], [ 7.23456, 45.89056 ] ] ], [ [ [ 7.23418, 45.89069 ], [ 7.23386, 45.89074 ], [ 7.2339, 45.89082 ], [ 7.23418, 45.89069 ] ] ], [ [ [ 7.23161, 45.89164 ], [ 7.23185, 45.89148 ], [ 7.23146, 45.89167 ], [ 7.23161, 45.89164 ] ] ], [ [ [ 7.23057, 45.89179 ], [ 7.23023, 45.89187 ], [ 7.23093, 45.89175 ], [ 7.23057, 45.89179 ] ] ], [ [ [ 7.22831, 45.892 ], [ 7.22999, 45.8919 ], [ 7.22881, 45.89187 ], [ 7.22831, 45.892 ] ] ], [ [ [ 7.22676, 45.89095 ], [ 7.2267, 45.89074 ], [ 7.22661, 45.89064 ], [ 7.22676, 45.89095 ] ] ], [ [ [ 7.22661, 45.89064 ], [ 7.22631, 45.89029 ], [ 7.226, 45.89006 ], [ 7.22661, 45.89064 ] ] ], [ [ [ 7.22582, 45.88975 ], [ 7.22465, 45.88972 ], [ 7.22304, 45.89031 ], [ 7.22592, 45.88983 ], [ 7.22582, 45.88975 ] ] ], [ [ [ 7.22286, 45.89021 ], [ 7.22266, 45.89017 ], [ 7.22301, 45.8903 ], [ 7.22286, 45.89021 ] ] ], [ [ [ 7.22054, 45.88947 ], [ 7.221, 45.88968 ], [ 7.22185, 45.88989 ], [ 7.22054, 45.88947 ] ] ], [ [ [ 7.21929, 45.8892 ], [ 7.22036, 45.88941 ], [ 7.2195, 45.88921 ], [ 7.21929, 45.8892 ] ] ], [ [ [ 7.2185, 45.88914 ], [ 7.21852, 45.88915 ], [ 7.21883, 45.88917 ], [ 7.2185, 45.88914 ] ] ], [ [ [ 7.21784, 45.88896 ], [ 7.2178, 45.88896 ], [ 7.2179, 45.88899 ], [ 7.21784, 45.88896 ] ] ], [ [ [ 7.21744, 45.8889 ], [ 7.21677, 45.8888 ], [ 7.21675, 45.8888 ], [ 7.21744, 45.8889 ] ] ], [ [ [ 7.21634, 45.88852 ], [ 7.21625, 45.88802 ], [ 7.21621, 45.88786 ], [ 7.21634, 45.88852 ] ] ], [ [ [ 7.21615, 45.88714 ], [ 7.21613, 45.88709 ], [ 7.21615, 45.88725 ], [ 7.21615, 45.88714 ] ] ], [ [ [ 7.21583, 45.88637 ], [ 7.21583, 45.88647 ], [ 7.21585, 45.88655 ], [ 7.21583, 45.88637 ] ] ], [ [ [ 7.21589, 45.88597 ], [ 7.21565, 45.88576 ], [ 7.21587, 45.88607 ], [ 7.21589, 45.88597 ] ] ], [ [ [ 7.21564, 45.88566 ], [ 7.21552, 45.88556 ], [ 7.21563, 45.88572 ], [ 7.21564, 45.88566 ] ] ], [ [ [ 7.21561, 45.88529 ], [ 7.21572, 45.88516 ], [ 7.21569, 45.88506 ], [ 7.21561, 45.88529 ] ] ], [ [ [ 7.21554, 45.88433 ], [ 7.21558, 45.88474 ], [ 7.21566, 45.88491 ], [ 7.21554, 45.88433 ] ] ], [ [ [ 7.21394, 45.88323 ], [ 7.21371, 45.8832 ], [ 7.21372, 45.88321 ], [ 7.21437, 45.88338 ], [ 7.21429, 45.88329 ], [ 7.21394, 45.88323 ] ] ], [ [ [ 7.21292, 45.88274 ], [ 7.21271, 45.88267 ], [ 7.21293, 45.88275 ], [ 7.21292, 45.88274 ] ] ], [ [ [ 7.21097, 45.88208 ], [ 7.21181, 45.88234 ], [ 7.21094, 45.88198 ], [ 7.21097, 45.88208 ] ] ], [ [ [ 7.21084, 45.88161 ], [ 7.21071, 45.8813 ], [ 7.21083, 45.88164 ], [ 7.21084, 45.88161 ] ] ], [ [ [ 7.20984, 45.88061 ], [ 7.20987, 45.88057 ], [ 7.20954, 45.88058 ], [ 7.20984, 45.88061 ] ] ], [ [ [ 7.20932, 45.8805 ], [ 7.20845, 45.88038 ], [ 7.20941, 45.88057 ], [ 7.20932, 45.8805 ] ] ], [ [ [ 7.20755, 45.88017 ], [ 7.20785, 45.8802 ], [ 7.20843, 45.88038 ], [ 7.20792, 45.88016 ], [ 7.20755, 45.88017 ] ] ], [ [ [ 7.20609, 45.88016 ], [ 7.20609, 45.88017 ], [ 7.20614, 45.88017 ], [ 7.20609, 45.88016 ] ] ], [ [ [ 7.2061, 45.88008 ], [ 7.20576, 45.87979 ], [ 7.20607, 45.88014 ], [ 7.2061, 45.88008 ] ] ], [ [ [ 7.20524, 45.87899 ], [ 7.20536, 45.87921 ], [ 7.20563, 45.87943 ], [ 7.20524, 45.87899 ] ] ], [ [ [ 7.20459, 45.87823 ], [ 7.20468, 45.87847 ], [ 7.2047, 45.87849 ], [ 7.20459, 45.87823 ] ] ], [ [ [ 7.20449, 45.8779 ], [ 7.20439, 45.87772 ], [ 7.20454, 45.87811 ], [ 7.20449, 45.8779 ] ] ], [ [ [ 7.20424, 45.87738 ], [ 7.20415, 45.8773 ], [ 7.20424, 45.87744 ], [ 7.20424, 45.87738 ] ] ], [ [ [ 7.20351, 45.87637 ], [ 7.2038, 45.87675 ], [ 7.20379, 45.87672 ], [ 7.20351, 45.87637 ] ] ], [ [ [ 7.20314, 45.87623 ], [ 7.20302, 45.87618 ], [ 7.20258, 45.87611 ], [ 7.20314, 45.87623 ] ] ], [ [ [ 7.20212, 45.87585 ], [ 7.20176, 45.87561 ], [ 7.20165, 45.87558 ], [ 7.20212, 45.87585 ] ] ], [ [ [ 7.20096, 45.87543 ], [ 7.20089, 45.8754 ], [ 7.20014, 45.87551 ], [ 7.20096, 45.87543 ] ] ], [ [ [ 7.20013, 45.87549 ], [ 7.20017, 45.87519 ], [ 7.20007, 45.87505 ], [ 7.20013, 45.87549 ] ] ], [ [ [ 7.20005, 45.87466 ], [ 7.19999, 45.87446 ], [ 7.20003, 45.87476 ], [ 7.20005, 45.87466 ] ] ], [ [ [ 7.19994, 45.87429 ], [ 7.19968, 45.87373 ], [ 7.19998, 45.87443 ], [ 7.19994, 45.87429 ] ] ], [ [ [ 7.19963, 45.87342 ], [ 7.19913, 45.87245 ], [ 7.19965, 45.87367 ], [ 7.19963, 45.87342 ] ] ], [ [ [ 7.19887, 45.87203 ], [ 7.19858, 45.87188 ], [ 7.19907, 45.87236 ], [ 7.19887, 45.87203 ] ] ], [ [ [ 7.19849, 45.87177 ], [ 7.19853, 45.87184 ], [ 7.19856, 45.87186 ], [ 7.19849, 45.87177 ] ] ], [ [ [ 7.19803, 45.87089 ], [ 7.19764, 45.87036 ], [ 7.19811, 45.87114 ], [ 7.19803, 45.87089 ] ] ], [ [ [ 7.19783, 45.87014 ], [ 7.19774, 45.86995 ], [ 7.19766, 45.87031 ], [ 7.19783, 45.87014 ] ] ], [ [ [ 7.19786, 45.86947 ], [ 7.19784, 45.8695 ], [ 7.19781, 45.86964 ], [ 7.19786, 45.86947 ] ] ], [ [ [ 7.19838, 45.86881 ], [ 7.1985, 45.86843 ], [ 7.19834, 45.86773 ], [ 7.19838, 45.86881 ] ] ], [ [ [ 7.19827, 45.86677 ], [ 7.19819, 45.86708 ], [ 7.1982, 45.86711 ], [ 7.19827, 45.86677 ] ] ], [ [ [ 7.19847, 45.86605 ], [ 7.19845, 45.86599 ], [ 7.19833, 45.86628 ], [ 7.19847, 45.86605 ] ] ], [ [ [ 7.19857, 45.86578 ], [ 7.19852, 45.86582 ], [ 7.19852, 45.86584 ], [ 7.19857, 45.86578 ] ] ], [ [ [ 7.19914, 45.86534 ], [ 7.19927, 45.8651 ], [ 7.19897, 45.86539 ], [ 7.19914, 45.86534 ] ] ], [ [ [ 7.20008, 45.86386 ], [ 7.20021, 45.86353 ], [ 7.19987, 45.86404 ], [ 7.20008, 45.86386 ] ] ], [ [ [ 7.19859, 45.86185 ], [ 7.19796, 45.86144 ], [ 7.1988, 45.86206 ], [ 7.19859, 45.86185 ] ] ], [ [ [ 7.19677, 45.86046 ], [ 7.1977, 45.86123 ], [ 7.19739, 45.8608 ], [ 7.19677, 45.86046 ] ] ], [ [ [ 7.19672, 45.86043 ], [ 7.19649, 45.86026 ], [ 7.19557, 45.86023 ], [ 7.19672, 45.86043 ] ] ], [ [ [ 7.19487, 45.85998 ], [ 7.19508, 45.86009 ], [ 7.19537, 45.86017 ], [ 7.19487, 45.85998 ] ] ], [ [ [ 7.19225, 45.85923 ], [ 7.19251, 45.85946 ], [ 7.19434, 45.86 ], [ 7.19225, 45.85923 ] ] ], [ [ [ 7.18964, 45.85889 ], [ 7.18953, 45.85892 ], [ 7.19014, 45.85885 ], [ 7.18964, 45.85889 ] ] ], [ [ [ 7.18897, 45.85892 ], [ 7.18691, 45.85995 ], [ 7.18913, 45.85896 ], [ 7.18897, 45.85892 ] ] ], [ [ [ 7.18588, 45.86019 ], [ 7.18621, 45.86019 ], [ 7.18634, 45.86015 ], [ 7.18588, 45.86019 ] ] ], [ [ [ 7.1855, 45.8602 ], [ 7.1854, 45.86002 ], [ 7.18478, 45.85997 ], [ 7.1855, 45.8602 ] ] ], [ [ [ 7.18422, 45.86013 ], [ 7.18401, 45.86034 ], [ 7.18476, 45.85997 ], [ 7.18422, 45.86013 ] ] ], [ [ [ 7.18331, 45.86063 ], [ 7.18232, 45.86161 ], [ 7.18386, 45.86041 ], [ 7.18331, 45.86063 ] ] ], [ [ [ 7.18036, 45.86293 ], [ 7.18039, 45.86276 ], [ 7.18024, 45.86299 ], [ 7.18036, 45.86293 ] ] ], [ [ [ 7.17959, 45.8633 ], [ 7.17952, 45.86332 ], [ 7.17933, 45.86341 ], [ 7.17959, 45.8633 ] ] ], [ [ [ 7.17784, 45.86347 ], [ 7.17777, 45.86348 ], [ 7.17797, 45.8635 ], [ 7.17784, 45.86347 ] ] ], [ [ [ 7.17743, 45.86345 ], [ 7.17733, 45.86338 ], [ 7.17721, 45.86344 ], [ 7.17743, 45.86345 ] ] ], [ [ [ 7.177, 45.86342 ], [ 7.17688, 45.86337 ], [ 7.17668, 45.86337 ], [ 7.177, 45.86342 ] ] ], [ [ [ 7.17635, 45.86324 ], [ 7.17615, 45.86315 ], [ 7.17555, 45.86303 ], [ 7.17635, 45.86324 ] ] ], [ [ [ 7.16194, 45.87127 ], [ 7.16216, 45.8727 ], [ 7.16196, 45.87127 ], [ 7.17533, 45.86291 ], [ 7.16194, 45.87127 ] ] ], [ [ [ 7.16374, 45.87322 ], [ 7.16375, 45.87312 ], [ 7.16367, 45.8731 ], [ 7.16374, 45.87322 ] ] ], [ [ [ 7.16426, 45.87395 ], [ 7.16434, 45.87436 ], [ 7.16436, 45.8744 ], [ 7.16426, 45.87395 ] ] ], [ [ [ 7.16444, 45.87488 ], [ 7.16445, 45.87483 ], [ 7.16444, 45.8748 ], [ 7.16444, 45.87488 ] ] ], [ [ [ 7.16448, 45.87542 ], [ 7.16438, 45.87509 ], [ 7.16428, 45.87518 ], [ 7.16448, 45.87542 ] ] ], [ [ [ 7.1646, 45.87583 ], [ 7.16403, 45.87645 ], [ 7.16408, 45.8767 ], [ 7.1646, 45.87583 ] ] ], [ [ [ 7.16292, 45.87693 ], [ 7.16377, 45.87687 ], [ 7.16387, 45.87682 ], [ 7.1629, 45.87689 ], [ 7.16287, 45.877 ], [ 7.16292, 45.87693 ] ] ], [ [ [ 7.1627, 45.87726 ], [ 7.16262, 45.8773 ], [ 7.16248, 45.87747 ], [ 7.1627, 45.87726 ] ] ], [ [ [ 7.16234, 45.87757 ], [ 7.16159, 45.87797 ], [ 7.16161, 45.87812 ], [ 7.16234, 45.87757 ] ] ], [ [ [ 7.1616, 45.87813 ], [ 7.16113, 45.87827 ], [ 7.16149, 45.87821 ], [ 7.1616, 45.87813 ] ] ], [ [ [ 7.15905, 45.87861 ], [ 7.15806, 45.87885 ], [ 7.15918, 45.87864 ], [ 7.15905, 45.87861 ] ] ], [ [ [ 7.15713, 45.87894 ], [ 7.15679, 45.87908 ], [ 7.15753, 45.87895 ], [ 7.15713, 45.87894 ] ] ], [ [ [ 7.15636, 45.87908 ], [ 7.15617, 45.87913 ], [ 7.1565, 45.87912 ], [ 7.15636, 45.87908 ] ] ], [ [ [ 7.15565, 45.8791 ], [ 7.15543, 45.87914 ], [ 7.15583, 45.87913 ], [ 7.15565, 45.8791 ] ] ], [ [ [ 7.15373, 45.87926 ], [ 7.15462, 45.87916 ], [ 7.15354, 45.87925 ], [ 7.15373, 45.87926 ] ] ], [ [ [ 18.91328, 45.59452 ], [ 18.89902, 45.58372 ], [ 18.90404, 45.59281 ], [ 18.91214, 45.60029 ], [ 18.91466, 45.59966 ], [ 18.91328, 45.59452 ] ] ], [ [ [ 18.94168, 45.64411 ], [ 18.93848, 45.64111 ], [ 18.93541, 45.63451 ], [ 18.93296, 45.63852 ], [ 18.93351, 45.64316 ], [ 18.93707, 45.64473 ], [ 18.94168, 45.64411 ] ] ], [ [ [ 18.96516, 45.67197 ], [ 18.96689, 45.666 ], [ 18.95793, 45.66946 ], [ 18.95939, 45.67549 ], [ 18.96516, 45.67197 ] ] ], [ [ [ 18.9298, 45.68624 ], [ 18.92832, 45.6893 ], [ 18.93293, 45.68747 ], [ 18.9298, 45.68624 ] ] ], [ [ [ 18.85337, 45.76798 ], [ 18.85189, 45.77303 ], [ 18.85873, 45.77844 ], [ 18.87047, 45.78415 ], [ 18.87423, 45.78438 ], [ 18.88645, 45.77861 ], [ 18.88993, 45.77269 ], [ 18.89392, 45.75156 ], [ 18.8587, 45.76337 ], [ 18.85337, 45.76798 ] ] ], [ [ [ 18.85336, 45.82605 ], [ 18.84805, 45.81515 ], [ 18.84657, 45.81582 ], [ 18.85336, 45.82605 ] ] ], [ [ [ 23.58233, 57.66955 ], [ 23.6485, 57.7829 ], [ 23.60112, 57.89917 ], [ 23.97435, 57.89917 ], [ 23.9712, 57.88726 ], [ 23.96103, 57.86402 ], [ 23.95597, 57.83804 ], [ 23.95787, 57.80893 ], [ 23.96698, 57.77673 ], [ 23.96443, 57.70647 ], [ 23.96627, 57.69302 ], [ 23.972, 57.67341 ], [ 23.9826, 57.64946 ], [ 23.99248, 57.63286 ], [ 23.99495, 57.62459 ], [ 23.9967, 57.61352 ], [ 23.99124, 57.58631 ], [ 23.98919, 57.54249 ], [ 23.99004, 57.53009 ], [ 23.99574, 57.50633 ], [ 24.00752, 57.48098 ], [ 24.01583, 57.42645 ], [ 24.02713, 57.38251 ], [ 24.03054, 57.35064 ], [ 24.03035, 57.31536 ], [ 24.0017, 57.30043 ], [ 23.60038, 57.25349 ], [ 23.55307, 57.27779 ], [ 23.54974, 57.29523 ], [ 23.54363, 57.31233 ], [ 23.53478, 57.32908 ], [ 23.52507, 57.34303 ], [ 23.51413, 57.36479 ], [ 23.5017, 57.38211 ], [ 23.49681, 57.39958 ], [ 23.4893, 57.41653 ], [ 23.47297, 57.44112 ], [ 23.45489, 57.46059 ], [ 23.42813, 57.48237 ], [ 23.39216, 57.50453 ], [ 23.21326, 57.58746 ], [ 23.40602, 57.59383 ], [ 23.58233, 57.66955 ] ] ], [ [ [ 24.08387, 65.08017 ], [ 23.86852, 64.73303 ], [ 23.8358, 64.66547 ], [ 23.206, 64.50427 ], [ 23.14097, 64.48375 ], [ 23.09818, 64.46542 ], [ 23.06257, 64.44566 ], [ 23.02766, 64.41904 ], [ 23.00178, 64.3879 ], [ 22.98498, 64.34987 ], [ 22.96115, 64.2201 ], [ 22.56354, 64.12913 ], [ 22.45504, 64.09379 ], [ 22.4115, 64.07784 ], [ 22.37463, 64.06179 ], [ 22.34782, 64.04728 ], [ 22.2779, 64.00278 ], [ 22.21852, 63.95656 ], [ 22.19813, 63.9367 ], [ 22.12012, 63.84759 ], [ 21.88458, 63.70121 ], [ 21.6599, 63.6723 ], [ 21.49622, 63.66688 ], [ 21.36738, 63.63358 ], [ 21.37746, 63.64614 ], [ 21.4027, 63.66323 ], [ 21.42429, 63.68177 ], [ 21.44143, 63.7012 ], [ 21.45028, 63.71455 ], [ 21.45702, 63.72814 ], [ 21.4616, 63.74191 ], [ 21.46401, 63.75578 ], [ 21.46397, 63.77287 ], [ 21.46943, 63.79024 ], [ 21.4713, 63.80413 ], [ 21.47097, 63.81805 ], [ 21.46844, 63.83192 ], [ 21.46055, 63.85249 ], [ 21.39706, 63.95724 ], [ 21.50213, 64.04151 ], [ 21.85054, 64.19882 ], [ 21.88153, 64.21474 ], [ 21.90001, 64.22609 ], [ 21.93134, 64.25033 ], [ 22.04092, 64.35605 ], [ 22.06118, 64.38244 ], [ 22.07071, 64.40289 ], [ 22.07856, 64.43597 ], [ 22.08057, 64.4567 ], [ 22.07642, 64.48134 ], [ 22.06551, 64.50539 ], [ 21.93987, 64.66912 ], [ 21.81681, 64.83612 ], [ 21.90554, 64.89022 ], [ 22.18266, 64.97451 ], [ 22.49896, 65.08643 ], [ 22.55621, 65.08198 ], [ 22.60555, 65.08053 ], [ 22.65498, 65.08126 ], [ 22.72011, 65.08558 ], [ 22.78322, 65.09365 ], [ 22.82849, 65.10208 ], [ 22.88518, 65.11631 ], [ 22.92436, 65.12908 ], [ 22.96019, 65.1435 ], [ 23.00209, 65.16501 ], [ 23.02865, 65.18263 ], [ 23.05072, 65.20133 ], [ 23.06805, 65.22088 ], [ 23.08043, 65.24109 ], [ 23.08772, 65.26173 ], [ 23.08975, 65.28446 ], [ 23.65194, 65.32463 ], [ 23.71653, 65.33131 ], [ 23.91203, 65.36541 ], [ 24.13275, 65.51537 ], [ 24.15451, 65.29248 ], [ 24.08387, 65.08017 ] ] ], [ [ [ 20.06118, 63.16264 ], [ 20.10734, 63.163 ], [ 20.16357, 63.16643 ], [ 20.18665, 63.1287 ], [ 20.41504, 62.72984 ], [ 20.66489, 62.36614 ], [ 20.67963, 62.32844 ], [ 20.81138, 61.98699 ], [ 20.9032, 61.64625 ], [ 20.85416, 61.44702 ], [ 20.77145, 61.12691 ], [ 20.4376, 60.90181 ], [ 20.02517, 60.72755 ], [ 19.63555, 60.69438 ], [ 19.57099, 60.68608 ], [ 19.21347, 60.61007 ], [ 19.20793, 60.58907 ], [ 19.17392, 60.61569 ], [ 19.13696, 60.63677 ], [ 19.09433, 60.65511 ], [ 19.03437, 60.67363 ], [ 18.98211, 60.68458 ], [ 18.2229, 60.81213 ], [ 18.17645, 60.82344 ], [ 17.88378, 60.93466 ], [ 17.76648, 61.1711 ], [ 17.79848, 61.22745 ], [ 17.80701, 61.24792 ], [ 17.87929, 61.50489 ], [ 17.96756, 61.67692 ], [ 17.97333, 61.69057 ], [ 18.05838, 61.97524 ], [ 18.07393, 61.99921 ], [ 18.08288, 62.02353 ], [ 18.15727, 62.16397 ], [ 18.28798, 62.4175 ], [ 18.40015, 62.47811 ], [ 18.81388, 62.73382 ], [ 18.96142, 62.82034 ], [ 19.40954, 63.06791 ], [ 19.42843, 63.07609 ], [ 19.84325, 63.13539 ], [ 19.89859, 63.14751 ], [ 19.97312, 63.16805 ], [ 20.01519, 63.16444 ], [ 20.06118, 63.16264 ] ] ] ] } }
]
}
